Price,Close,Close,Close,High,High,High,Low,Low,Low,Open,Open,Open,Volume,Volume,Volume
Ticker,GOOG,META,MSFT,GOOG,META,MSFT,GOOG,META,MSFT,GOOG,META,MSFT,GOOG,META,MSFT
Date,,,,,,,,,,,,,,,
2020-01-02,68.04620361328125,208.79592895507812,153.0423126220703,68.08452005490719,208.80587657807078,153.14712365624922,66.76128915563321,205.30239969610878,150.86035596005522,66.76128915563321,205.780143782338,151.28912308572728,28132000,12077100,22622100
2020-01-03,67.71227264404297,207.691162109375,151.1366424560547,68.30148466377585,209.41304271631276,152.40389764073367,66.9600373257516,205.9792291267133,150.60306438648712,67.07529037086411,206.2380192300166,150.8508074465806,23728000,11188400,21116200
2020-01-06,69.38188171386719,211.60272216796875,151.52728271484375,69.49583630215592,211.78187051732047,151.59398723405667,67.18179957634237,205.55124097651958,149.12616718464912,67.18179957634237,205.73038932587127,149.66928270769137,34646000,17058900,20813700
2020-01-07,69.33857727050781,212.06056213378906,150.14572143554688,69.81880085783358,213.57343627326793,152.13711630992105,69.19127235651817,210.75670959529046,149.89799290182077,69.56749635097823,211.82169766091124,151.8036372690105,30054000,14912400,21634100
2020-01-08,69.88500213623047,214.21041870117188,152.53733825683594,70.24628990579961,215.22563820234075,153.2138485745025,69.21417581732828,211.61266142776498,150.49829885252953,69.27588002329139,212.00083135656322,151.43206075646742,30560000,13475000,27746500
2020-01-09,70.65682983398438,217.27598571777344,154.44293212890625,71.03006199373336,217.35561227049277,154.56680365550426,70.18107880646254,215.26545702644307,153.43294301978545,70.69365795847132,216.51954106054566,154.20472660170185,30018000,12642800,21385000
2020-01-10,71.14950561523438,217.03709411621094,153.7283477783203,71.40822890881397,218.848563919665,155.51965837091927,70.58318772267843,216.40009691672174,153.57589271960666,71.0415118760559,218.17174585240141,155.13853526304973,36414000,12119400,20725900
2020-01-13,71.62226104736328,220.86904907226562,155.5768280029297,71.68645588790679,220.9287651891354,155.6054115095555,70.96487520274847,218.18171750264293,153.65212283627528,71.46799296355893,218.56988744950831,154.12853399859168,33046000,14463400,21626500
2020-01-14,71.20673370361328,218.0323944091797,154.4810333251953,71.75015744005867,221.336827689664,155.88168280847668,71.08182939227687,217.60441881471306,154.0903728213882,71.61131918676213,220.57043548158845,155.68158379418946,31178000,13288900,23477400
2020-01-15,71.62077331542969,220.1125946044922,155.4815216064453,71.73000479006916,220.64010719625313,156.20567579261396,71.17339126528485,219.1073379118784,154.9003140143662,71.17339126528485,219.5751343894341,154.94794349384517,25654000,10036500,21417900
2020-01-16,72.2428207397461,220.72970581054688,158.33045959472656,72.25725584682053,221.58567225354054,158.39716412587353,71.7063602218111,219.35617437738657,156.29142071509088,72.03082741028582,221.52595613683127,156.59633079076963,23474000,10015300,23865400
2020-01-17,73.67056274414062,221.09796142578125,159.216552734375,73.71559936874215,221.24725171492378,159.56909220137328,72.56729073297409,219.49551317773475,157.62532729289137,72.80068235222082,220.9884768180062,159.52144819636862,47924000,15905900,34371700
2020-01-21,73.87012481689453,220.4012451171875,158.64491271972656,74.24086640534432,221.32687527177663,160.25518473061555,73.21323244155424,218.0921207616,158.57820818014443,73.60736938544426,221.11786886980354,158.81641375479867,40734000,14275800,29517200
2020-01-22,73.94725036621094,220.2818145751953,157.8826904296875,74.80637844327426,221.7050992807162,159.58825090143978,73.89648829768433,220.2419937068497,157.8636299081764,74.19856247091646,221.26716085218317,159.50248582409884,32216000,12212800,24138800
2020-01-23,73.98208618164062,218.7291259765625,158.8545684814453,74.42349979351208,220.45102168291515,158.9307960261722,73.75566532050314,218.2414342292888,157.47297876319968,74.03135994138042,219.7144874693024,158.34957371918256,27024000,11195000,19680800
2020-01-24,72.98979187011719,216.91766357421875,157.25375366210938,74.42225424928164,220.73964680087644,159.62628593530488,72.91713034976826,215.09624613326204,156.69159211003426,74.32745029050261,219.76424815377564,159.60722542232784,35692000,11905800,24918100
2020-01-27,71.35701751708984,213.86207580566406,154.62403869628906,71.56453831893283,215.04649614408382,155.67214929276173,70.7250088867633,211.50319794030844,152.64216609317944,71.21270441236497,212.10038951526025,153.54734458708694,35104000,13810700,32078100
2020-01-28,72.2856216430664,216.7683563232422,157.65396118164062,72.45681549290353,217.7139120923478,157.9397961988569,71.28585563476057,212.51839751638414,155.37671679803938,71.80987814872196,215.1261024276998,156.05321239066768,31548000,13413800,24899900
2020-01-29,72.58769226074219,222.18283081054688,160.1122283935547,72.92608580028646,223.14828178591023,160.78873852015346,71.99598954595203,217.4252548557841,157.87310505454732,72.59615133988797,220.40123432684547,159.92166687049843,21554000,33181300,34754500
2020-01-30,72.4488525390625,208.547119140625,164.6286163330078,72.52051172814387,210.43820039774826,165.8387045815864,71.48143450289146,203.7895427519186,162.73249494656676,71.65859679392226,205.56119177429653,165.8387045815864,26788000,48775500,51597500
2020-01-31,71.37344360351562,200.96287536621094,162.19894409179688,73.15997988949793,207.71107023003282,164.26656684053623,71.08978349020452,200.1168565085857,161.5796153816874,73.09876926273381,207.45228012961394,164.0855428072583,48344000,31359900,36142700
2020-02-03,73.94674682617188,203.232177734375,166.15316772460938,74.14879276125006,204.17771838927396,166.26750175531197,72.60560314729429,201.55010284120308,162.3609242652657,72.75539111013826,202.48569587200018,162.38950777294136,60736000,15495600,30107000
2020-02-04,72.01242065429688,208.845703125,171.62232971191406,73.12863193780154,209.6120953581795,172.11780132594467,70.9788182849418,204.2374172898709,167.99207946247816,72.51006361759383,205.65075434101564,168.782923631767,78660000,19628900,36433300
2020-02-05,72.07013702392578,209.12440490722656,171.41275024414062,72.84695990234495,211.7321100052707,175.5098896225006,71.19080286656136,207.73097818015233,169.99305412087065,72.77629546072534,211.5131407785573,175.34791155321756,39724000,12538200,39186300
2020-02-06,73.46354675292969,209.8609161376953,174.96673583984375,73.7506846735692,210.1993175647181,175.14777437434506,72.13683044795762,208.35798977479377,171.56515378988675,72.17465331733683,209.48269384442835,172.43222543464978,33588000,10567500,27751400
2020-02-07,73.61283874511719,211.33396911621094,175.2144775390625,73.9417784810976,211.82167601050796,176.87239343667386,72.97186983877486,208.94521832110308,173.87099471887296,73.0191465255916,209.31349299116846,174.22354882690465,23446000,12242500,33529100
2020-02-10,75.07839965820312,212.06056213378906,179.79754638671875,75.11920674728403,212.7970963619907,179.93094091327686,73.36850365404892,209.67182628173794,174.60466830003907,73.36850365404892,210.52779274637848,174.91910137097884,28398000,11856400,35844300
2020-02-11,75.08386993408203,206.2180938720703,175.73854064941406,76.12095766481228,209.87087642912405,181.70320278638292,74.92701247452665,205.54127578995926,174.84288539527742,75.23415907769049,209.20402115778077,181.6555587654134,26892000,25030800,53159900
2020-02-12,75.55563354492188,209.7713165283203,175.99578857421875,75.67631590798648,210.2291653444848,177.0820052612557,75.05003268527967,206.42707772617638,173.27071659952438,75.3670279617218,206.87497891987135,176.82473920569333,23352000,13813700,47062900
2020-02-13,75.37599182128906,212.1401824951172,175.04296875,75.9990402732199,213.32460276260556,177.44407017098868,74.8753646334748,208.19875174834357,174.2425870707578,75.27795305804572,208.53716838706288,174.4426861252965,18590000,15396600,35295800
2020-02-14,75.67855834960938,213.17529296875,176.60557556152344,75.67855834960938,213.92177478401734,176.6627425591971,75.01171100956715,211.65247128058152,174.0329443549208,75.4227661008174,212.9961446229473,174.60464340947937,23956000,10741700,23149500
2020-02-18,75.62530517578125,216.77833557128906,178.39688110351562,76.22048572947055,216.95748392814932,178.84470866214195,75.27297766642783,212.39896620575263,176.74850291007436,75.39290828309474,212.5482716903485,176.85331392462334,22414000,15609200,27792200
2020-02-19,75.97465515136719,216.46978759765625,178.9319610595703,76.2441763149109,217.29589599590963,179.7918375754249,75.71139856662336,215.09625614186007,178.15806927957598,75.89403571728414,216.96744216138393,179.67719126094454,18986000,12135100,29997500
2020-02-20,75.54966735839844,213.57342529296875,176.19943237304688,76.12146015343936,217.7437727892913,178.90328619149076,74.98584007034944,211.951066624426,173.027429752833,75.74125716479779,215.50432734792386,178.61665584795566,21932000,13109200,36862400
2020-02-21,73.90544128417969,209.19406127929688,170.62925720214844,75.25429979682976,213.2350290198585,175.32039497528808,73.67304443232248,207.85040309421998,169.34899187667475,75.04603485790187,212.47858437706003,175.0051031422468,34634000,14092300,48572600
2020-02-24,70.74441528320312,199.77845764160156,163.27255249023438,71.50979486204967,202.69470621727362,166.7694109498898,70.23682499273656,197.24041622289212,155.9539946198848,70.96934780847315,200.8533933667213,160.29163161505338,57342000,23080100,68311100
2020-02-25,69.09523010253906,195.84698486328125,160.57823181152344,71.56801479414565,202.5454111618152,167.0464463520378,68.79415826964738,195.03082407389752,160.17694061961805,71.3122301667665,201.30127472961732,166.4349751443764,49566000,21433500,68073300
2020-02-26,69.33061981201172,196.2749481201172,162.58462524414062,70.45131882585119,200.2661472625583,165.53688417349048,68.6249624458566,194.57297809311262,160.71200092942902,69.4779247431001,196.2650004966838,162.14513803050656,44048000,16524500,56206100
2020-02-27,65.59381866455078,188.8599090576172,151.12905883789062,68.26187602826585,194.96115893741018,159.58457252523377,65.5480302915154,188.61108177295628,150.93797683031812,67.78194857537117,190.92020626447123,156.03995536210235,59566000,21682600,93174900
2020-02-28,66.65081024169922,191.567138671875,154.788330078125,66.7408834910293,191.83587637425185,156.41256351779523,63.250415991203695,180.96710310953827,145.224535334962,63.57388465682393,181.84296476728204,145.6162629094059,75782000,32568900,97012700
2020-03-02,69.12808227539062,195.5185089111328,165.0878448486328,69.215672482577,195.64790394535578,165.21205473784656,66.02801919562621,187.96411699409967,155.07499702232786,67.26192108612972,193.119810496198,157.94127142356453,48630000,24949000,71030800
2020-03-03,66.75332641601562,185.0180206298828,157.17689514160156,70.17511501279238,196.3147857614367,167.1993044084462,66.28603443608321,183.10702884981052,155.02718979920726,69.64114513956,195.29956615766895,166.05279780822704,48046000,27984100,71677000
2020-03-04,68.99919128417969,190.86045837402344,162.9476776123047,69.07732767172669,190.93013729753557,163.09098547891745,66.83892898781087,185.5156536238536,158.23742648844703,67.64112923329347,188.2826115738702,160.97950515816524,38266000,23062500,49814400
2020-03-05,65.64109802246094,184.3013916015625,158.8584747314453,67.62520018735992,188.1034798056102,163.2534197641911,64.94737756572731,183.0273971175453,158.30432663584648,67.19175209183169,185.90383992419214,158.648280123507,51226000,19333400,47817300
2020-03-06,64.61446380615234,180.24050903320312,154.36798095703125,65.00311829561328,182.91789276032495,155.8393286298123,62.755269604252554,175.43316458422404,149.046258201705,63.551994981774556,177.49346157116247,155.36161626378117,53212000,24559600,72821100
2020-03-09,60.49148178100586,168.70486450195312,143.90606689453125,62.44224108778291,174.17906364508434,150.71824982433446,59.71714953025836,164.41508542156194,143.31370823233073,59.98089966654274,168.80440147034824,144.2691329538796,67308000,29949000,70419300
2020-03-10,63.71770095825195,177.35414123535156,153.74693298339844,63.755523823884545,177.45366303879118,153.85203027808083,60.6512240867388,168.70490222523648,145.77869489842615,62.703006340955795,173.8506487479301,151.10996619676231,52228000,24517800,65354400
2020-03-11,60.4840202331543,169.44140625,146.7819061279297,62.750783957248736,175.0549482906195,150.67047720325453,59.52157973704793,166.8735072587195,144.41244229780665,62.190438284986186,173.19371017041584,150.12589268732367,52170000,20373900,56371600
2020-03-12,55.482704162597656,153.74539184570312,132.86135864257812,59.412094420022555,165.81849561381748,146.62903229571248,55.402585902001995,153.61599680788407,132.40275886102268,56.03459072510004,158.79160088690318,138.82321411729578,84534000,43266300,93226400
2020-03-13,60.698997497558594,169.48123168945312,151.75013732910156,60.70048960617496,169.98883386112942,154.69284774557306,55.59382949599564,156.86071963923848,134.45694095435317,58.67209892885231,162.76289528996463,140.92517155449715,74002000,35028600,92727400
2020-03-16,53.96091842651367,145.3250732421875,129.38357543945312,57.34175598785899,158.38353869359048,142.69264542058067,53.46875032867121,142.42873536288815,128.98229892556355,54.541667669853034,151.60548629159945,133.7594211079918,85048000,39120400,87905900
2020-03-17,55.72605514526367,148.71908569335938,140.03665161132812,56.27644580827855,153.21788713204242,140.9251898785835,52.55158829559161,139.34327568073533,128.9823771770086,54.39784304976598,150.03290101106796,133.75950225763856,77230000,34255600,81059800
2020-03-18,54.58147430419922,146.2706298828125,134.14161682128906,55.064188532459035,147.4848929948495,139.49200076424364,51.61950198432473,136.4568816926054,129.00144204905686,52.576471361871874,139.09444469421217,131.8486034620933,84668000,37553100,81593200
2020-03-19,55.50162124633789,152.41168212890625,136.34866333007812,57.62556027175729,159.1797716276007,143.45701074664507,52.75552980752347,144.12075578707334,132.80403133103658,54.39486379137895,145.93221038975346,136.4059864786484,73022000,39862300,85922700
2020-03-20,53.363250732421875,149.02764892578125,131.22760009765625,56.929857717031815,158.52290762310105,140.54299175470402,53.02336126073511,147.30576818522516,129.8040119191972,56.518305259955,155.28815257849305,139.49201865938184,72036000,32568400,84866200
2020-03-23,52.58195114135742,147.40528869628906,129.91864013671875,53.31348689204805,151.59553164206548,134.30405037049496,50.43790473543113,141.58272419240208,126.61287900381573,52.81584393747912,148.95796851406902,130.90272636229017,80882000,29830800,78975200
2020-03-24,56.45560073852539,160.224853515625,141.7277374267578,56.482473882609035,160.55330733873305,142.93158222671914,54.273932745682316,151.85431558698232,134.9728904280018,54.92833442896245,154.4819309846351,137.3423402862283,66890000,30440400,82516700
2020-03-25,54.8646354675293,155.4772491455078,140.3710174560547,57.174195720333074,162.22544397367818,147.45071910570556,54.04451861574049,152.3420162078243,138.00156790595994,56.057984515488805,158.17452843962602,142.27231815915817,81630000,35184300,75638200
2020-03-26,57.81366729736328,162.5737762451172,149.15133666992188,58.22272907580746,163.23068386168626,149.67682312192036,54.4187442255657,156.28343095950427,141.75634492932605,55.32793956459401,157.5076568360479,141.78500650137846,71434000,26556800,64568100
2020-03-27,55.27370071411133,156.0544891357422,143.0270538330078,57.26228307317733,159.33901182494623,147.98570963603433,55.03483421977747,154.0240654879343,142.54934155261793,56.01817567477128,157.4578784500618,144.9856770983307,64170000,24879900,57042300
2020-03-30,57.070682525634766,165.17153930664062,153.08767700195312,57.310050157149625,165.96778961058044,153.4411940114723,54.56554987398977,157.31855124829713,143.32323658784367,55.98681559344707,158.43329256148604,145.6449259076902,51482000,22515200,63420300
2020-03-31,57.866416931152344,166.01756286621094,150.68003845214844,58.48847059654039,170.1281791701588,157.43488361684436,56.6387341862922,163.42975310094974,149.581291281011,57.09457529453084,164.70374754892737,152.29469397697127,49728000,23676300,77927200
2020-04-01,55.02039337158203,158.85134887695312,145.3296356201172,56.21822249232218,163.37999342987356,150.7182297487501,54.61382224468947,157.29865382162922,144.097144308081,55.83553269697143,160.86186245632155,146.1799629258876,46884000,19507600,57969900
2020-04-02,55.77781295776367,157.44793701171875,148.3392333984375,56.07739271152656,160.59311717399154,148.54942799833736,54.561573450503005,155.18858127374065,143.6576582085742,54.65413355210601,158.35367186892188,145.09079525591488,39298000,20886300,49630700
2020-04-03,54.635223388671875,153.45675659179688,146.97299194335938,55.9121723009795,157.16927063515496,150.36475274238688,53.735983002642314,150.12248007042623,145.40609592689418,55.68698917729453,156.4128259656046,148.18638546531636,46268000,25983300,41243300
2020-04-06,59.06623458862305,164.7734375,157.9030303955078,59.45141124440745,165.42038239099023,159.0781985913757,56.28042971339482,157.76645238014177,150.55581276462382,56.631766255497546,159.39875882501565,153.17368146121848,53294000,28453600,67111700
2020-04-07,59.04582977294922,168.0380401611328,156.202392578125,60.96125685964553,172.57664730782005,162.42220225132698,58.832837907529914,165.23126115940093,155.98263439611668,60.76219893504672,170.98414664464016,162.0304746176157,47746000,31411900,62769000
2020-04-08,60.228729248046875,173.4624481201172,157.769287109375,60.66615629570455,174.17907180193623,159.24063474894433,59.127944075022896,166.95313406200572,156.2119401661067,60.040621038171174,170.44666312046616,158.28521003844824,39502000,21664200,48318200
2020-04-09,60.28695297241211,174.36819458007812,157.77880859375,60.98962608727499,176.2493280736442,159.90940124459578,59.55467307891095,170.76518068558494,156.0494925019006,60.91547625567643,175.07485549944573,158.9444277035774,43508000,23534300,51385100
2020-04-13,60.59101104736328,173.97006225585938,158.1323699951172,60.737818597464376,174.17908383883875,158.18970773517998,59.099976815251914,168.65511557107914,155.06546422928676,60.17398754701405,172.8553209791983,157.0240881905624,34796000,19355400,41905300
2020-04-14,63.16233444213867,177.334228515625,165.957275390625,63.80131008603449,180.3798720689149,166.00504954362867,61.55494983902026,175.7914963036636,160.51135725657332,61.9610274280021,178.1404264930003,161.46678200214816,49408000,21011800,52874300
2020-04-15,62.825927734375,176.1398468017578,164.21839904785156,63.72118915650483,177.35412507847326,165.83306909340988,61.7276294245941,172.00932024859716,161.69607846989396,61.9868994469199,174.3681978774768,163.5687026830469,33434000,17423000,40940800
2020-04-16,62.875694274902344,175.4232177734375,169.14840698242188,63.64853447989354,177.21477707750196,169.37771419195232,61.838109172983856,171.70075650761524,165.19294873443468,63.40469049588155,177.11524009891647,166.53055225542315,50362000,23593200,50479600
2020-04-17,63.86003112792969,178.39920043945312,170.6388702392578,64.41639407233707,179.4343151740126,171.9764590896159,63.261866357252494,175.831301255752,168.03055011312193,63.93965582370902,178.35937957242533,171.49874670325588,38980000,20974800,52765600
2020-04-20,63.03195571899414,177.4038848876953,167.25665283203125,63.777922780088076,179.65327780163867,170.78217245900976,62.771189778502105,175.94077941582978,167.18978068104397,63.25041866730537,176.577776580048,168.75667667318723,33910000,16110700,36669600
2020-04-21,60.530303955078125,169.99880981445312,160.33937072753906,62.41786330113896,174.55732765002583,165.92859614684912,60.200365676686566,167.55034256608744,158.7055881719727,62.05607438561519,174.427932597606,165.76617570683052,43060000,24850500,56203700
2020-04-22,62.86275100708008,181.42494201660156,165.78529357910156,63.977618159046905,183.91321477323393,166.2438933407857,61.807249278039805,177.30436293910685,163.20564987402096,61.98341681601576,177.6129063309754,163.75023435752894,41848000,33242000,34620200
2020-04-23,63.51466751098633,184.26158142089844,163.77890014648438,64.36065903127212,186.1725731002809,167.25664546755797,62.98517770558535,182.29085843732526,163.29163879831881,63.277790492780625,183.216503812133,166.34899491926967,31324000,21426600,32790800
2020-04-24,63.66395568847656,189.17840576171875,166.76939392089844,63.71819554664152,189.51680720691496,166.77894292014466,62.177993912719984,179.98174431557817,163.10056636013007,62.76122995162995,182.3704800533545,164.3903810323593,32792000,28792000,34277600
2020-04-27,63.493263244628906,186.62045288085938,166.29168701171875,64.50198944713317,192.84113464355468,169.0146389061614,63.1508869526308,186.53087870840727,165.57511842181933,64.49452510711222,191.75625138907134,168.71845955491636,32012000,29197800,33194400
2020-04-28,61.39271545410156,182.05198669433594,162.24066162109375,64.09889574815824,188.31247409856712,167.83945079600906,61.31956415862492,181.70362244293133,161.8393850072959,64.09292731319228,187.77501388002332,167.76301507262517,59026000,21731000,34392700
2020-04-29,66.75779724121094,193.27906799316406,169.52098083496094,67.67893321616539,195.98630984016077,169.75983698644703,65.95460239053614,189.1087206190327,164.21838593486802,66.75680250213802,190.03435075114882,165.498651407964,75872000,45954500,51286600
2020-04-30,67.1151123046875,203.74974060058594,171.22164916992188,67.32213195273073,208.70637586217512,172.3585921991362,65.81277852643127,200.62447051048667,168.37447336216547,65.93172199438965,205.94936529373084,171.9764281901626,53378000,46230100,53875900
2020-05-01,65.71923065185547,201.3211669921875,166.78848266601562,67.28481349351779,206.30765989492178,170.6770532828169,65.24099648605589,198.11627061716683,166.25343263355887,66.11187168464627,200.6543117471903,167.96365086487415,41450000,30415600,39370500
2020-05-04,66.02726745605469,204.29713439941406,170.86814880371094,66.07007161712828,204.94409440774302,171.02102025364536,64.64382056834887,197.82762543939134,166.05281475976705,65.10314710788082,199.26087293125784,166.71206013131342,30080000,19250700,30372900
2020-05-05,67.2370376586914,206.0986785888672,172.7025604248047,68.37315896392613,209.3931495350647,175.46373717511452,66.55775984316612,205.53134506806654,171.8808946144033,66.58065403264261,206.04891009257037,172.56880155234975,33030000,21071200,36839200
2020-05-06,67.04742431640625,207.4920654296875,174.40321350097656,68.23281156130867,210.60738741432263,175.98922195799156,67.04693074359453,205.69055859582073,173.5337881277713,67.76353771878418,207.14370120986592,173.96372631515825,24308000,21857000,32139300
2020-05-07,68.30448150634766,210.2689971923828,175.41598510742188,68.55529246851148,210.6074138321944,176.32363567923608,67.44405487163053,208.0594097523528,174.44144780720723,67.97504058616973,210.16947539367143,175.96056961906066,27952000,15152000,28316000
2020-05-08,69.09125518798828,211.3538818359375,176.44784545898438,69.6083069281213,212.2098482223499,176.75358839340512,68.4497927136965,209.86091826804685,175.18669230106266,68.8304892564852,211.24439723347044,176.73447581534745,27738000,12506000,30877800
2020-05-11,69.83224487304688,212.1799774169922,178.41600036621094,70.49261498589307,213.99144719004357,179.15166683351373,68.53299405033212,209.3831613976249,174.69939914466133,68.58913226807552,209.90072635952686,174.98601487029987,28242000,12911900,30892700
2020-05-12,68.46273803710938,209.11444091796875,174.3745574951172,70.41648182962606,214.27013459187316,178.70263023835386,68.41446660719252,209.01490393644792,174.17392647128779,70.02434195487909,212.28946408241274,178.4733376396917,27812000,14704600,32038200
2020-05-13,67.14845275878906,204.13790893554688,171.73760986328125,68.94753339769312,209.79125751232846,175.84593946836443,66.10688495282199,201.16192916511113,168.6706898038396,68.52792053922323,208.44758410998438,174.4128022511465,36252000,20684600,44711500
2020-05-14,67.48685455322266,205.8398895263672,172.48280334472656,67.55104939831612,205.95932176831468,172.63567478090147,65.88344895759907,199.74860219163924,167.84898816370443,66.43632649145944,201.60982550231438,169.62607851802582,32062000,17178900,41873900
2020-05-15,68.33583068847656,209.8907928466797,174.99560546875,68.4000255339908,210.34862653870135,178.7217562636514,66.63438632549058,203.1624934512638,169.11018534979667,67.18179659437172,204.3071080557419,171.07835805575098,34154000,19383200,46610400
2020-05-18,68.87079620361328,212.18995666503906,176.66761779785156,69.28807029819045,213.63315187160842,177.90010947662927,67.39329721856366,209.9505111139863,175.75996707892205,67.76652942661171,211.154826661047,177.47017119699177,36448000,20151900,35264500
2020-05-19,68.35050964355469,215.8626251220703,175.44464111328125,69.27189628330244,219.45569129183468,178.28225361895426,68.35050964355469,211.83162055354305,175.31088223935092,69.02293053616704,212.26955895230594,176.7822298525847,25612000,31843200,26799100
2020-05-20,70.00442504882812,228.89125061035156,177.87818908691406,70.18855809713762,230.2548193107847,178.0602277033785,69.03551875585958,222.1430556653919,176.23028056417823,69.15146281601207,222.45159907755888,177.063810419329,33108000,50162900,31261300
2020-05-21,69.8093490600586,230.3045654296875,175.74163818359375,70.44085653603642,236.0873087047166,178.84584085397677,69.34405413914214,230.11545427616284,175.60750678162066,70.06812550776915,233.6189464600002,177.62906802371802,27700000,47782600,29119500
2020-05-22,70.18855285644531,233.8080596923828,175.8183135986328,70.30499807418597,234.8829953215454,176.7285067714201,69.26343034142864,227.66700448955004,174.88896923637637,69.50628335439127,230.42399970712026,175.51173375561126,26188000,33925600,20826900
2020-05-26,70.5169906616211,231.1107635498047,173.9596405029297,71.71034341341047,239.76994944134196,178.682996337958,70.27364407837518,230.58325095646444,173.50933902090432,71.52472206890252,238.64526051695054,178.52969910594325,41212000,33178300,36073600
2020-05-27,70.55780029296875,228.0651397705078,174.1894989013672,70.75188072314815,229.4784769518686,174.36196187008247,69.23655898108824,220.09271888533493,169.1978823069718,70.5284440997267,227.99547602682463,172.64698086982906,33716000,34697600,39517100
2020-05-28,70.5025634765625,224.40240478515625,173.79673767089844,71.70237824105753,230.54346034002677,176.43147330858378,69.47095073380277,222.94924676227873,172.8195007965825,69.5137472935292,223.24784254092066,173.16441222846677,33844000,29377200,33810200
2020-05-29,71.10919189453125,224.03411865234375,175.56918334960938,71.2908342955501,226.42286957245176,176.54643473912688,70.33436605290413,221.83449407585033,172.8482237983988,70.51301664312906,224.14360325935553,175.07097475231458,36418000,23241500,42130400
2020-06-01,71.2535171508789,230.82212829589844,175.1667938232422,71.55906913624506,231.3496408839702,175.3296666226282,70.56577270229424,222.45157543655426,173.85422121574976,70.5851815065537,223.5364586695916,174.88894080958718,24342000,18223800,22622400
2020-06-02,71.62176513671875,231.6283416748047,177.15965270996094,71.64117394018096,231.90702701589834,177.24587692525546,70.60707046181705,225.49723379632044,173.74886952550298,71.1903065245423,229.85669264047564,176.52731255934225,25562000,20919000,30794600
2020-06-03,71.48043823242188,229.0803680419922,177.59078979492188,71.9866389762385,231.55867821854653,178.14648132988268,71.1518477881398,227.45800919369677,175.88539818935195,71.57598634695985,231.0212179354423,177.07342987987812,25124000,15380300,27311000
2020-06-04,70.27613830566406,225.22850036621094,175.25299072265625,71.60882293355489,230.5434627575773,178.05059851368466,69.90539676398639,223.5563882878214,174.65898241515453,71.1828392012393,228.48316553183412,176.57515333661706,29686000,17041500,28761800
2020-06-05,71.58045959472656,229.68748474121094,179.3536376953125,71.91188994954477,230.2647658403739,179.86142193992043,69.96859502562408,224.25309038509863,174.3811706403524,70.32540261704051,225.64653223428178,174.96560349423308,34698000,16750400,39893600
2020-06-08,71.98951721191406,230.3145294189453,180.46502685546875,72.0581921750109,230.46383490259535,180.64706548139716,70.78173692328821,226.34325566157713,176.70933258630433,70.78173692328821,227.95565161195444,178.14646116671443,28084000,15466500,33211600
2020-06-09,72.46477508544922,237.5504150390625,181.8446807861328,73.05398719837653,238.64526109613027,182.70695212535423,71.82032837094407,229.32916754933692,179.41113476074412,71.92731978367873,230.43396122975577,180.12012348846142,28184000,27462900,29783900
2020-06-10,72.94699096679688,235.61952209472656,188.58953857421875,73.36545721057932,240.07851785626352,190.19912975017965,72.47024516031088,234.17632691815564,183.00389858407104,72.63297233017892,239.82969057798536,183.11887878042648,30504000,20720700,43872300
2020-06-11,69.8611068725586,223.377197265625,178.46261596679688,72.3809177948028,231.7975183023148,187.55483931934828,69.76953771771835,222.50133565063507,178.27100176295292,71.78399837677544,228.86135971502455,185.03508403130834,39826000,26708200,52854700
2020-06-12,70.3259048461914,227.50775146484375,179.87100219726562,71.51129226727522,230.57330525554136,183.68417892735448,68.97431245113023,223.44688859355128,177.41829069397733,71.08779913845162,228.82155155387912,182.5536302771915,38928000,22091400,43373600
2020-06-15,70.65782928466797,231.40936279296875,181.02069091796875,70.90416009663141,232.67340958623558,182.82189647750297,69.06885886579549,223.74548585834282,176.2973214302196,69.21217723031454,224.03411881128147,176.84343722531378,30078000,15340300,32770200
2020-06-16,71.79593658447266,234.54458618164062,185.45664978027344,72.40803521283347,237.3414175437822,187.3823967101177,70.95889784188226,231.90702310957099,183.43508843593403,71.9203473069362,236.02760222600364,184.80514392400622,34184000,15236700,42556700
2020-06-17,72.2139663696289,234.42515563964844,186.09854125976562,72.65587356967254,236.47548999532918,188.09136094484612,71.23161963350883,230.6429779490936,185.571591286918,72.01690169756327,233.8976430214281,186.855422406783,30992000,19578100,25687800
2020-06-18,71.45952606201172,234.83323669433594,188.0913543701172,72.22839102102945,235.03229548131026,188.25422715253592,71.01414113592261,231.06100661680077,185.86858896933848,72.11641833169693,233.887696065799,185.86858896933848,31638000,15782500,23061600
2020-06-19,71.24853515625,237.6698455810547,186.9703826904297,72.04874587229958,239.7002845838928,190.93685614382525,70.73247814012348,234.44505392169353,186.22307715712506,71.85963912093314,236.6745365134077,190.26619920614482,63158000,30081300,44441100
2020-06-22,72.25078582763672,238.0978546142578,192.16323852539062,72.2950707008459,239.5709078947827,192.3452625118136,70.82503615708987,235.79869292184603,187.04705023846324,71.11316878979261,237.44094693436523,187.58357584297067,30848000,18917800,32818900
2020-06-23,72.87532806396484,241.1036834716797,193.44705200195312,73.44916347603467,244.03984229896915,195.4015400419146,71.92135042086366,238.7348429378527,192.98716042377694,72.43889574546922,240.14818004688533,193.61950037935048,28596000,24017900,30917400
2020-06-24,71.260986328125,232.9222412109375,189.5476837158203,73.42324572687554,242.07908194761006,194.73093119877905,71.15050952361156,231.58851546677465,188.3213351095434,72.73102110825913,240.06855330130904,193.1500955385837,35120000,20834900,36740600
2020-06-25,71.72676849365234,234.57443237304688,191.94290161132812,71.80489728191299,236.18684338031437,192.2015888652512,70.66529827755959,231.64823648888802,187.27702854198148,71.15796752735437,233.5194071975921,189.5093701631626,24610000,18704300,27803900
2020-06-26,67.67446899414062,215.06639099121094,188.10093688964844,71.33463084581729,231.9965932235573,191.5117190923226,67.28083322978155,214.3895729095091,186.7117157726121,71.23211955472665,231.54870716841384,191.35842189643887,85354000,76343900,54675800
2020-06-29,69.41969299316406,219.60499572753906,190.1225128173828,69.45104625950336,219.7144803342881,190.2087370145891,67.03300247654924,206.1384650334654,185.4374747192305,67.58886422414797,208.76608040823072,187.57400155895849,36204000,58514300,26701600
2020-06-30,70.34730529785156,226.00485229492188,194.97999572753906,70.5981238589213,226.43282793258098,195.83269132910735,68.87179568943205,217.44518766961858,189.45185232622862,69.1942734421949,219.55523817330223,189.58598372582725,40848000,33927100,34310300
2020-07-01,71.56304168701172,236.43568420410156,196.1201171875,71.80987366462605,237.87887938889304,197.7009671812325,70.1586902923175,226.4925406400733,193.3129334283423,70.222391561628,227.42813364168225,194.6255060074081,35504000,43399700,32061200
2020-07-02,72.88976287841797,232.32504272460938,197.61474609375,73.79795973581246,238.87417826792023,199.3009862383214,71.98007011556203,231.51884480290894,196.40756340598136,72.00594852070236,237.8788691918039,197.05905464785508,37182000,30633600,29315800
2020-07-06,74.43245697021484,239.1528778076172,201.86862182617188,74.97438477728817,239.27231004394164,202.28060621337312,73.29583462123813,231.18045710150358,199.36801796376858,73.65413813968563,232.66345799323958,200.07700653145955,31280000,26206200,31897600
2020-07-07,73.90894317626953,239.7301483154297,199.52137756347656,75.482483969807,246.4882903623472,205.67228694461926,73.8278225710435,237.69972445174196,199.27228050627204,74.14880442103974,238.2869531706229,201.62916350224594,29164000,27887800,33600700
2020-07-08,74.4473876953125,242.43740844726562,203.90936279296875,74.93905461247256,245.83141634784394,204.3213325893784,73.93133068505574,235.48019191037505,199.94288893945347,74.36378404494057,236.99306609493064,201.26505176370065,24994000,29791300,33600000
2020-07-09,75.19335174560547,243.3530731201172,205.3369140625,75.7770889923737,245.37354936294736,207.31056807147002,74.05350214610006,238.1177527608801,202.6063642381437,74.96742445805577,243.8507276663751,207.2626608673324,28466000,22174900,33121700
2020-07-10,76.72359466552734,243.92039489746094,204.71414184570312,76.82760184966378,244.338422873809,205.106960437745,74.4742542187681,238.19736788989698,202.23270372973718,74.9524883179805,242.54686355573816,204.6662346433912,37126000,22982700,26177600
2020-07-13,75.21076965332031,237.87887573242188,198.3907928466797,78.48485866771736,248.97656616137195,206.7548760681711,74.90735902385688,237.30159462993635,197.84467703569644,77.13465592861907,245.85129618392398,205.49019605487902,36928000,24674900,38135600
2020-07-14,75.67059326171875,238.60545349121094,199.61715698242188,75.78853440136852,239.20264504411762,200.09619982171807,73.82533685411703,230.94157622737293,193.56204847648868,74.16423159159893,235.64938416002582,197.49020560640852,31700000,23378100,37591800
2020-07-15,75.32522583007812,239.1528778076172,199.3201141357422,76.40461653511353,243.67158978658026,202.47222382543762,74.54691457360796,236.93334268838524,196.4362818534303,75.79749153560316,240.41692466182906,200.77640828518986,32214000,19133600,32179400
2020-07-16,75.54219818115234,239.79981994628906,195.3728485107422,75.5765356647665,240.62592834164292,197.0782400122111,73.96516457944448,235.22140708839132,193.83032983590473,74.64643938978918,236.88357150294232,196.79081135729675,30386000,18880700,29940700
2020-07-17,75.4202651977539,240.89463806152344,194.37640380859375,75.81290617030987,243.01465110908904,196.44585751522288,74.56780419554823,236.74420131941812,192.94885105600204,75.72233935512315,239.86947099796126,195.8997563460039,29134000,18152400,31635300
2020-07-20,77.91695404052734,244.2687530517578,202.73094177246094,78.14437723017019,244.89580263324785,203.4015988445858,74.82559328141217,234.53463144597885,194.5009744255824,75.40584513572128,238.9338957654093,196.4075702484774,31146000,20872200,36884800
2020-07-21,77.55367279052734,240.61598205566406,200.00039672851562,78.97544366589027,245.75178080879445,204.97286402098612,77.3476478734952,238.95381763187115,199.3105738313389,78.97544366589027,245.06501507948826,204.70460118533163,24324000,19364200,37990400
2020-07-22,78.05479431152344,238.7447967529297,202.87461853027344,78.12993887884492,240.76527307692822,203.40156851523614,76.94057259710156,237.0030057710542,199.65545044485876,77.65717962087517,239.13296670711628,200.43149741397403,18640000,15427900,49605700
2020-07-23,75.4267349243164,231.50889587402344,194.0506591796875,78.22299199212512,241.28282304901907,202.0794215246209,75.01429029097221,230.66287708921092,193.6770063646899,77.97915183331466,238.5059174246869,198.5057661792105,32552000,21771800,67457000
2020-07-24,75.23713684082031,229.62779235839844,192.86264038085938,75.52407730522405,232.39475072115687,194.35725162565268,74.0691688707946,225.83565154676094,189.23148765379403,74.59319135011347,229.11022732165415,192.01952034770355,30880000,18325800,39827000
2020-07-27,76.14932250976562,232.40469360351562,195.30575561523438,76.68528187457883,233.84788887752958,195.4207212092042,75.40335169511195,229.74721991454052,192.4410744052688,75.42276049815611,230.374269558047,193.02550720665892,24920000,13163100,30160900
2020-07-28,74.66336059570312,229.04052734375,193.55247497558594,75.96419847617724,233.8578349744444,196.12013760474971,74.52999720575872,228.75189438446205,193.2842121522174,75.89951005626399,233.5293811459508,195.07582771240598,34044000,14170100,23251400
2020-07-29,75.74224853515625,232.19566345214844,195.5069580078125,76.20167374783136,232.60374384599768,196.07222504023824,74.71262517288547,229.22964645633232,193.54287947526808,74.96095306952058,230.05575486807143,194.01234671295202,22130000,13588300,19632600
2020-07-30,76.21153259277344,233.3999786376953,195.3536376953125,76.5310185199356,233.7881485703719,195.89017788318162,74.25927721174143,227.92577871229093,191.20514013089678,74.49714896518256,229.14005700163025,192.5751954494533,33428000,20615300,25079600
2020-07-31,73.79845428466797,252.4800567626953,196.4171142578125,75.09182769884032,254.6498384910685,196.50335306832557,72.35877069868434,247.83196510310646,190.66860093102648,74.89575779296844,254.61998043314145,195.83268148482023,68798000,53005100,51044000
2020-08-03,73.37496185302734,250.778076171875,207.46385192871094,74.17218068492781,254.20192656370455,208.51775194929,72.93653249999396,249.1557175523712,201.61953846877378,73.98158563901112,251.4648266625451,202.65427268373514,46604000,23124900,78983000
2020-08-04,72.9031982421875,248.6580810546875,204.35008239746094,73.92784795909236,251.6141503772564,205.76805968906118,72.58869359953589,246.26933003723548,201.49499124627997,73.48046590223049,250.37996159221228,205.19320244984735,38070000,17183500,49280100
2020-08-05,73.3331527709961,247.95138549804688,204.01475524902344,73.7710809597632,251.08661811562206,205.98840929669697,72.82804552330919,246.60772739383822,202.70218262142487,73.11866879922616,249.01637347064334,205.8925948865428,39590000,13050100,28806400
2020-08-06,74.65141296386719,264.03558349609375,207.28184509277344,74.76537513840101,265.3493987315921,207.3009962807494,72.95445634884203,247.50349957267164,202.68303085218935,73.24059951401783,247.87175906116246,203.43991211560916,39908000,45241600,32656800
2020-08-07,74.37224578857422,267.1807556152344,203.5740509033203,75.48472110523883,277.5817470184157,206.65908810961207,73.73277275818212,262.1942477078983,202.08901510463994,74.64644451001553,262.84119249566663,205.84472401430398,31556000,72766400,27820400
2020-08-10,74.45236206054688,261.7662658691406,199.52137756347656,74.84923261694799,272.5753069827227,202.99923386494547,73.30678701757552,258.4717955233267,197.70102030254614,74.00846539956731,266.782631712307,202.79802940468923,25786000,30248800,36716500
2020-08-11,73.66708374023438,254.92852783203125,194.85548400878906,75.14408924462128,264.672612547767,198.94649962485545,73.5516332428913,253.93321871958005,194.62553816646204,74.2702298204738,258.9694803986292,198.47704696487673,29088000,28238300,36446500
2020-08-12,74.97587585449219,258.6709289550781,200.42190551757812,75.26281631317035,262.66209829102206,201.46621519059136,73.91240866442298,256.89924937588086,196.16800361297544,73.92883324926792,257.75523110371927,196.6853633438916,28740000,21415700,28013100
2020-08-13,75.56459045410156,260.0742492675781,199.95248413085938,76.50016158176058,263.91615809354823,202.4914200259943,75.04480509251373,258.35238400666503,199.4255340681538,75.16099973405841,260.3230765364428,200.66147281697482,29104000,17374000,22588900
2020-08-14,75.03112030029297,260.0145568847656,200.14405822753906,75.73628408756382,261.4179464541817,200.8051395719377,74.78976315843755,257.466567848988,198.81231994651307,75.42575080720587,261.0795449825702,200.00992684021358,27096000,14792700,17958900
2020-08-17,75.54120635986328,259.9349365234375,201.46624755859375,75.92090817254869,262.86114780108176,202.3381090011182,75.0430622450767,258.183182731535,200.16325050116794,75.37648210935163,261.268647115209,200.8147563394942,27566000,13351100,20184800
2020-08-18,77.5626220703125,261.1094055175781,202.6255340576172,77.75520659069372,263.90622187144146,203.45906387306434,75.8263467959742,258.04386662105935,200.44110000254938,75.94926161465612,259.72594155800675,201.70576542532348,40542000,18690400,21336200
2020-08-19,77.01173400878906,261.3581848144531,201.3961944580078,78.31306532114763,266.6532359468209,203.7011668832375,76.83357700167863,260.12401138300646,200.96401670782853,77.29936546699109,260.16383224756214,203.11532137379675,33212000,23291500,27627600
2020-08-20,78.71467590332031,267.74810791015625,206.08299255371094,78.91970607641778,268.36519468579377,206.486359497437,76.54744296107462,260.2335060591054,200.63751683155905,76.80870247500343,260.2733269275274,201.24255991986493,34138000,20299700,26981500
2020-08-21,78.64849090576172,265.75750732421875,204.5847625732422,79.50941108415545,269.22116374565314,207.6868557841031,78.03066675734847,265.17027856741726,204.42149605209858,78.4797876978503,267.4296194155612,205.39149643815162,28930000,15538600,36249300
2020-08-24,79.03565216064453,270.116943359375,205.2282257080078,80.32803088400075,275.94943993573304,206.9857624413079,78.65595036988027,267.50920807883097,204.01811028089563,79.32328363277395,269.7984371667925,206.28465870337072,28198000,23685600,25460100
2020-08-25,80.03192901611328,279.5027160644531,207.8981170654297,80.20112577853665,281.7620568457716,208.03257269130896,78.73059010785411,268.9922541234232,204.6615686502585,78.73059010785411,271.1321626695247,204.6615686502585,44942000,42127200,23043700
2020-08-26,82.22952270507812,302.484375,212.39283752441406,82.56990571830403,303.2408195927373,213.29561749873142,79.8020176057357,282.6677683025886,208.75292140206946,80.02098170178223,282.6677683025886,209.25233440682175,79868000,69015200,39600800
2020-08-27,81.33126831054688,291.84454345703125,217.60780334472656,82.35989681390043,299.81697928474836,221.99683117871206,80.90428986814142,290.650160354767,210.71211201268858,82.29420607043166,298.75199122891223,214.06391898104908,37232000,30301300,57602200
2020-08-28,81.83289337158203,292.282470703125,219.84555053710938,81.97024329814238,295.8357314405032,221.5070413285257,81.15311450572979,289.61504963462664,217.60781287992597,81.28946969321565,293.6161812373742,219.1444467643606,29980000,17157400,26292900
2020-08-31,81.32381439208984,291.8246154785156,216.599365234375,82.00981233639484,295.48734536549574,219.64383645729026,81.13122985280576,290.18233130349336,215.42767414485365,82.00608396289162,292.5710972401001,218.0111567167562,36468000,17345100,28774200
2020-09-01,82.64405822753906,294.05413818359375,218.27047729492188,82.89387443053788,300.07574640110494,218.44334254996568,81.22627401238617,291.33693326488725,215.54292559396254,81.44573168839058,293.3275515681206,216.5801610879219,36506000,17295900,25725500
2020-09-02,86.00663757324219,301.0809631347656,222.4770050048828,86.25047775994771,302.1758090755941,223.63909728560728,82.92373584050372,291.67528122756477,218.34729021557558,83.2942344201542,297.47794952674593,218.9427344651928,50224000,24341400,34080800
2020-09-03,81.70500946044922,289.75439453125,208.69529724121094,85.0827107223576,296.2040087501,220.2297166534023,80.37231720208685,282.29953872674685,206.44796072753812,85.0827107223576,294.6015452258726,220.19130703250988,62156000,32294100,58400300
2020-09-04,79.1769790649414,281.40374755859375,205.7660675048828,81.86773311044226,287.64432456505733,209.71331914098414,77.015866632955,269.86811894847597,197.064830308917,80.83014430764004,285.9025336723623,206.58241482472206,52172000,30333700,59664100
2020-09-08,76.25830841064453,269.8879699707031,194.63497924804688,77.82464296122433,277.98976877215506,201.7131338950962,76.04033903348108,268.156142172421,194.193188092468,76.31404417892114,270.0074021810098,198.3229176376269,52218000,24864000,52924300
2020-09-09,77.48101043701172,272.43603515625,202.92324829101562,78.08016989119487,277.1737166631498,206.33267691327018,76.44049056061272,270.0771572146062,198.5150084494473,77.50937948486455,274.47640686436205,199.37937868506188,35494000,22918800,45679000
2020-09-10,76.2398910522461,266.8324279785156,197.23768615722656,78.83067017343922,277.8505076249428,206.23665976470147,75.93061070567312,265.7774027031436,196.02758532941417,77.66414489277186,274.21763528054476,204.94971039022184,32372000,24814700,35461500
2020-09-11,75.67756652832031,265.359375,195.95071411132812,78.38872451769373,270.1169822030005,200.368566810898,74.5150656598822,261.40802657934574,193.27120041209554,76.4379649427777,268.793203938526,198.99518506487826,31942000,18913900,33620100
2020-09-14,75.60588073730469,264.9014892578125,197.2760772705078,77.83133965035064,275.3423015188059,200.91599253772984,75.42972081576956,264.4536184240403,195.95071850004,76.58748309330483,269.6789907723276,196.15240926472322,33932000,24093800,30375800
2020-09-15,76.70867156982422,271.1421203613281,200.5126190185547,77.61089997729319,273.2322451870108,201.47302049470625,76.23068801894388,268.0367304321977,198.73587042584893,76.43795824635471,269.4003294236436,200.1668739009576,26622000,18478500,21823900
2020-09-16,75.6865005493164,262.2838439941406,196.9303436279297,77.73181300209582,271.1620145612476,202.30858359355844,75.63275427011857,260.56197868488323,196.53657546959647,77.41033765932679,266.0361787536034,202.2797727190038,26234000,29183400,26328100
2020-09-17,74.42399597167969,253.6246795654297,194.8751678466797,75.0593913389288,260.27333725791146,196.23893688970824,73.15351656777476,249.0163934378196,192.04198495741616,74.44739132675329,257.0684406472539,192.12841761788383,37596000,31281400,34011300
2020-09-18,72.6553726196289,251.34539794921875,192.45489501953125,74.79588435567796,257.98412280339227,195.58579926868694,71.51776303526553,248.87703571081616,188.47883258955716,74.54741216784939,257.18785732363517,194.7694666209118,62078000,28130800,55225300
2020-09-21,71.22067260742188,246.98594665527344,194.51976013183594,72.07661915513665,248.77750606956155,194.68304132211108,69.99597394166337,242.98481501511017,188.603696606861,71.66357456346027,246.3788074978539,189.38161966417263,57776000,24709400,39839700
2020-09-22,72.9275894165039,253.55499267578125,199.20651245117188,73.12962778511162,254.12232615141394,199.8595932065508,71.38837855350204,247.0556254818363,194.07797105514516,72.16271089463045,252.12174514493194,196.93996392585635,31664000,30293100,33517100
2020-09-23,70.42693328857422,247.8518829345703,192.64694213867188,72.70364850230717,256.77979182708066,199.85956711096682,70.05320746443465,246.9859536672072,192.10911961891628,72.59516876718196,254.0626021641427,199.6674750785702,33148000,19641300,30803800
2020-09-24,71.07783508300781,248.35946655273438,195.14398193359375,71.84515098566004,251.05676076626773,197.42974217904361,70.1601844921744,244.46780451413667,191.31197469643905,70.21890447114728,245.34368133988227,191.93624446035093,29004000,20006800,31202500
2020-09-25,71.90741729736328,253.6246795654297,199.59068298339844,72.158228252456,254.55030976562472,200.76235954382076,70.33386900281023,245.45318493319996,194.51974866099025,71.29382268527664,248.2300907209971,195.48976373093728,26460000,18351300,29437300
2020-09-28,72.88080596923828,255.6153106689453,201.14651489257812,73.49190995522272,258.3822689718947,204.15257661161684,72.12344494562808,253.6246923107249,199.82115598560364,73.36302668334577,258.18319498630234,202.52949555123575,40158000,18826300,32004900
2020-09-29,73.12016296386719,260.5619812011719,199.0528564453125,73.48508792562936,262.09473536563075,201.75159760507617,72.59639108223523,255.69490505880265,198.62067859954726,73.17291450802969,256.60063999657757,201.06010719002484,19564000,20200200,24221900
2020-09-30,73.13360595703125,260.67144775390625,202.00123596191406,74.13635612465426,264.8318325106439,203.5858924708185,72.6498969840446,258.8799035199725,198.3613063098648,72.99425895520588,260.75108949174785,199.50418636439377,34032000,20142500,33829100
2020-10-01,74.15327453613281,265.3792724609375,204.04698181152344,74.59866707168895,267.0712797207441,205.51639545750572,73.61184031973592,263.55783978269386,202.95212429776078,73.86364599481182,264.1052780170264,205.036194536477,35590000,20009800,27158400
2020-10-02,72.57723999023438,258.7206115722656,198.0252227783203,73.81040522150995,263.9061627105439,202.6351537274752,72.20400778161452,257.9641670484655,197.40095289977685,72.75689292040481,259.9846430072938,199.76354745713493,25682000,16367600,33154800
2020-10-05,73.95074462890625,263.4085693359375,202.04928588867188,74.05972552568522,263.6275385712825,202.0780967632502,72.8683696283647,259.61644377679187,198.7839117756681,72.96491248801131,260.9700800610407,199.01441342685956,22266000,12822300,21331600
2020-10-06,72.32942199707031,257.4466857910156,197.7563018798828,73.9875688540826,264.4437083736376,201.85720626234854,72.08806483592738,257.02864255500305,196.70946762700416,73.43120585770755,260.5520456890745,200.55107412232323,24908000,18696900,28554300
2020-10-07,72.67030334472656,256.9091491699219,201.52110290527344,73.10175436122964,258.959483239664,201.7900142255024,71.46152823492042,253.62464168425487,198.53425284777433,72.86935748060738,257.99403231366546,198.8607859288284,34924000,23133400,25681100
2020-10-08,73.94625091552734,262.5226745605469,202.24139404296875,74.1487904170292,263.37862560018965,202.8272396728094,72.90916331770862,257.93428492252417,200.07089145194567,72.90916331770862,258.53147631324157,202.1741588890125,23756000,16312800,19925800
2020-10-09,75.40384674072266,263.2095031738281,207.26426696777344,75.46853515219055,263.5080837535246,207.31228997869036,74.12142309250503,260.94019964486534,202.86562588087534,74.38268256955213,263.2791517261419,202.86562588087534,28706000,14107800,26458000
2020-10-12,78.08763885498047,274.4564514160156,212.6329345703125,79.3173186947343,278.865662910463,214.99552924534586,76.26726619853866,266.6134117885357,208.22469420040088,76.78630742224209,268.93249872314016,210.1262854993607,49652000,31019300,40461400
2020-10-13,78.21354675292969,274.8446960449219,214.03509521484375,79.1252290012526,277.7908027611189,216.29204477395663,77.79154954092009,272.10759575510764,211.70131177131796,78.81320741852171,276.27791334311615,213.90063958076246,32020000,18063300,28950800
2020-10-14,78.03439331054688,270.5449523925781,212.1143035888672,79.00997424124068,277.44243781687163,215.34125363665,77.16102752270409,270.2264461606481,210.4528128800717,78.55741348804423,276.31773356778655,214.1695624812037,38586000,15577800,23421700
2020-10-15,77.58899688720703,265.46881103515625,210.9618377685547,78.38398326506353,267.77793514708804,211.63411601753762,76.8873261491912,262.43313081108045,207.4563628234982,76.99282164795483,266.3446877930903,208.50321179823604,30800000,15416100,22733100
2020-10-16,78.27973175048828,264.6825256347656,210.9618377685547,78.68382366086243,270.0970092406302,213.48768423648824,77.78159522364571,264.0554760798538,210.6353047125582,77.92342528794909,266.1257358920839,211.43242521555936,28694000,16622700,26057900
2020-10-19,76.3687744140625,260.1737976074219,205.7372589111328,79.03315637711056,267.29025173272265,213.4973066155741,76.03983471314686,258.6609386814757,205.25705804814436,78.650470393892,264.28442912841587,211.69174668127602,32142000,13587000,27625800
2020-10-20,77.42975616455078,266.3049011230469,206.1502227783203,78.50317079099099,268.4348771828247,208.76251662201668,75.9238881995632,261.64686181166746,204.65199844390534,75.99256316565373,261.82601016031515,207.2546935460719,44834000,18763200,22753500
2020-10-21,79.2899398803711,277.42254638671875,206.29425048828125,80.55495187189551,281.722259079259,208.33029703169603,78.21105040854592,275.0736008619321,204.68076830600663,78.29564879261711,278.24863966433145,204.68076830600663,51366000,28998600,22724900
2020-10-22,80.3857650756836,276.81536865234375,206.38072204589844,80.71719547938251,281.1250741680907,207.50439028353233,78.87641156287316,273.74982991577525,203.3170382585862,79.27701051303102,278.557159619,205.45872995999608,28672000,16720000,22351500
2020-10-23,81.66321563720703,283.4541015625,207.66761779785156,81.7308882784279,283.90197245570727,207.7156408050492,80.64353958764445,275.52148641560984,204.7191927343399,80.92022896161276,277.4921790945712,206.51513889792986,27516000,17535200,18879600
2020-10-26,79.14762115478516,275.8100891113281,201.7611541748047,81.52586024789196,283.8920244882496,207.7732624469803,78.45340712141606,272.97348248625366,199.85956325816557,80.86747960462675,281.8317273689323,205.3818720281269,37066000,21322900,37111600
2020-10-27,79.83486938476562,281.96112060546875,204.8056182861328,79.9635096686175,283.1753989102221,206.16938664700513,78.76593476472468,275.01385222261126,202.00124768643659,79.40739728870035,277.45237164283316,203.21134829140573,24580000,16287200,36700300
2020-10-28,75.47351837158203,266.4143981933594,194.65419006347656,77.69947104203933,277.4822304436777,200.57026746118032,75.37399131080028,266.00631782044366,194.09717002917722,77.6193527832228,277.4822304436777,199.44659934305423,36680000,23121800,51195600
2020-10-29,77.99259948730469,279.51263427734375,196.6134033203125,79.30986206141198,282.26965985580756,199.14886278527578,75.75320603205994,272.4957174456053,195.31685538687805,75.75917446757907,275.25271264964664,195.98914818469706,40062000,32368100,31432600
2020-10-30,80.66841888427734,261.8757629394531,194.45249938964844,83.9523642285653,275.4020403492147,196.20042255781377,79.84482040869474,257.88459409973575,191.71534916115473,83.21137466500592,273.2123481776211,195.4417117954124,86582000,47247800,36953700
2020-11-02,80.91822814941406,260.13397216796875,194.3180389404297,82.6470391249576,269.2012538766246,197.15122045911184,80.42058524166423,256.1328405150441,192.1955451589961,81.02422481306886,263.3587943111843,196.2004176902149,50708000,27165700,30842200
2020-11-03,82.12153625488281,264.0555114746094,198.25572204589844,82.69332904373184,268.7832300468514,199.87880331397056,80.44995678617353,259.6562619391698,195.07679466503168,81.20437913325694,261.92556563886893,195.81630810024714,33234000,17961900,27512000
2020-11-04,87.0442123413086,286.03192138671875,207.82131958007812,88.15072670787647,287.5846010841984,209.6749024484813,84.89937259397972,277.3130043359313,204.00852372653503,85.11087235140504,279.68184474923083,205.54517228102782,71418000,35364400,42311800
2020-11-05,87.75286102294922,293.29766845703125,214.4480743408203,89.25922253442306,295.98501508663117,215.24520945533908,87.112886891941,287.59456694502006,212.39281543088538,88.63020572034705,290.5307104668488,213.24757229869556,41316000,23823600,36080100
2020-11-06,87.67224884033203,292.03363037109375,214.86105346679688,88.2037281127459,293.218050563919,215.47570992275814,86.60729322371543,286.70872090850975,209.3963658567556,87.284087944126,292.5711057599239,213.45886064139708,33218000,13891000,25231900
2020-11-09,87.73445129394531,277.4622497558594,209.74209594726562,90.47447166432956,291.20746316741645,219.08679901588386,87.58615163333688,277.22338534084565,209.2522964276708,89.1228717467844,288.510184566497,215.552528311886,45366000,25117700,44395000
2020-11-10,86.6092758178711,271.1520690917969,202.65435791015625,87.73444723587214,272.7147117739403,207.9269685309975,85.46021547459128,262.7616201033585,201.41544616229973,86.14646395937925,271.818939598473,206.0061651265541,52722000,29067700,44045100
2020-11-11,87.22237396240234,275.18310546875,207.97499084472656,87.79516147343541,277.09408217111223,209.4059799972818,86.95638374970777,271.2018685686638,203.79723759234292,87.08751466931788,272.18721498161847,203.97971625987958,25280000,14957000,29440800
2020-11-12,87.07954406738281,273.78961181640625,206.90890502929688,87.99670110812173,278.4377186434033,210.43357683578984,86.86854547742385,273.14266698112743,205.9677156465422,86.96956844646743,275.8797669856649,208.6088198165318,24950000,12899500,21593900
2020-11-13,88.43213653564453,275.65081787109375,207.93653869628906,88.63219299074119,276.45701566729764,208.81050764229997,86.81629301623771,271.81887244965986,205.67960379897195,87.46720926110753,276.4171948056134,207.79248432257955,29998000,10391200,18621100
2020-11-16,88.64912414550781,277.65142822265625,208.62808227539062,89.5294531673378,278.09932948386626,209.11789658021397,87.96784927545731,273.34175302621117,206.02540156197398,88.1674045935608,273.7597658538778,206.3615334046539,24936000,12970400,24953300
2020-11-17,88.09026336669922,273.71002197265625,205.9677276611328,88.82926342498031,276.37744326056406,209.06020724200425,87.93350462805951,272.00805179541084,205.6027703741667,88.42816334299879,276.37744326056406,207.54278565365732,22942000,15040300,24154100
2020-11-18,86.92727661132812,270.6942138671875,203.25233459472656,88.25548887233985,276.0888024886714,207.19065796477045,86.89542976928576,270.5648188258452,203.10788836222977,87.84542850897026,273.23223989171385,205.72702136115265,23470000,12152900,28372800
2020-11-19,87.78022766113281,271.65966796875,204.54261779785156,88.06239186038808,272.18718057635516,205.1299971537273,86.44082285727275,267.92725884670676,202.14495163509352,86.50924723897003,269.74866113351766,203.54119160883235,24998000,12963700,24792700
2020-11-20,86.6988525390625,268.4349060058594,202.587890625,88.28185461137062,271.71941424809876,205.3803410647477,86.68243554630416,268.14625783020693,202.21235398389004,87.84442756010482,271.2814757658766,204.33076618227778,46270000,18114700,22843100
2020-11-23,86.33407592773438,267.1708068847656,202.31826782226562,87.28159151084033,269.6790051856263,204.4174175093251,85.48112130788739,263.2891075791746,200.44058468637957,87.06760869990015,269.6192890712651,203.12711368188866,43232000,20990800,25683500
2020-11-24,88.02706146240234,275.6209716796875,205.92921447753906,88.1624219166697,276.5167436724169,206.30475112641128,85.97726862574291,266.6134073307033,201.1146345212634,86.11710920275331,267.23049402848534,201.8175590808587,31560000,16930400,33979700
2020-11-25,88.15396881103516,274.2972106933594,205.93882751464844,88.50779222371551,278.8656754754862,207.30616638715045,87.41297923940695,271.37099972842776,204.58112720502842,88.22662273867971,276.83526693304384,207.13284857044923,20916000,12467000,21012900
2020-11-27,89.2368392944336,276.5068054199219,207.24842834472656,89.77478818273416,277.8206206589636,208.2498693180052,88.20423165690146,273.53084107303255,206.10255583344318,88.23657966469548,276.0887926275861,206.88253021746993,17698000,7808400,14512200
2020-11-30,87.62198638916016,275.6707763671875,206.13143920898438,88.98179482422755,276.3973629811554,206.79583891993138,87.33633678753424,269.73874234067944,203.02120988917008,88.63936156262612,274.73518333665197,206.16032551411544,36476000,16693300,33064800
2020-12-01,89.48117065429688,285.205810546875,208.19210815429688,90.81137222144169,287.9429105727545,209.260945673124,88.05144202359061,277.65141812037837,205.4381673657021,88.30026347920833,277.8504920902116,206.5551389378893,34738000,20738900,30904500
2020-12-02,90.96663665771484,286.1712341308594,207.38320922851562,91.34982383230648,290.4112602112042,207.4795067033715,89.05185498586513,279.5126144586645,204.90852280838254,89.48117223765482,284.0213630355192,206.9113898033444,24440000,17361600,23724500
2020-12-03,90.90791320800781,280.5278625488281,206.29513549804688,91.92459729037891,285.30533385151614,208.35577521394413,90.70288305707719,279.7515227027808,205.7270038738795,90.7705632813372,284.90721630536245,206.65140972730723,24546000,12921700,25120900
2020-12-04,90.9686279296875,278.3879699707031,206.41064453125,91.22590847395794,282.13031156638726,207.3928228233932,90.42122526290538,277.9898220275162,205.27439617505885,90.79594577228079,278.9851311366365,206.27583689844056,27564000,10880300,24666000
2020-12-07,90.5451431274414,284.2403869628906,206.34324645996094,91.1866056517814,287.13674036954677,207.54689136245784,89.8633746809555,276.8950306074668,205.0914675157089,90.52125419920648,277.8803769921548,206.42028149687246,26418000,13007700,24620000
2020-12-08,90.49885559082031,282.070556640625,207.99949645996094,90.66556931841922,285.0863416113504,208.9046399230216,89.38687388872127,280.22922896721013,204.99520300208576,90.07834669503472,284.66832885271003,206.035154128181,21926000,10747700,23284100
2020-12-09,88.78596496582031,276.6163330078125,203.94561767578125,91.28115037447195,286.28077637305904,207.24841259932364,87.97381741715317,270.4752621725787,203.37750074554612,90.17339824886459,282.329397822939,207.18101611768634,30152000,25189700,32440600
2020-12-10,88.34805297851562,275.8200378417969,202.7130889892578,88.64563946934216,277.4225011998251,205.17815170242338,86.6058013932076,270.58470254241007,202.5590188964518,88.07285191700669,274.24746291457967,203.91673404005607,27256000,20065100,26733300
2020-12-11,88.66852569580078,272.26678466796875,205.35150146484375,88.80189667450706,275.18306333533354,205.40928877833025,87.5851560605251,268.9822768780611,201.35540515206023,87.73743467627183,273.2421984939375,202.26054872185998,24414000,14391400,30979400
2020-12-14,87.58814239501953,272.9037780761719,206.25657653808594,89.44584435614684,275.91956314154095,208.19204684141235,87.4465629166499,270.2861105372845,204.98553522925366,88.3316225938208,272.08761740351116,205.19737789621405,32004000,16376900,28798400
2020-12-15,87.9718246459961,274.2574157714844,206.189208984375,88.15346705732603,274.7849283899252,207.43136416672996,87.08502605868097,266.2153314494091,204.36929832147732,87.80511850919842,273.540791990355,207.19063516532586,29646000,23979500,27000600
2020-12-16,87.73445129394531,274.3768615722656,211.148193359375,88.23209423084411,276.55656046631617,211.9474153043211,87.39008171338962,271.23168130189237,206.75729928978265,88.22611820253388,273.4711266839322,206.78618559079865,30270000,15885000,35023300
2020-12-17,86.98300170898438,273.1924743652344,211.28302001953125,88.17157825469978,279.1245085667688,212.69850766848936,86.52318166052119,272.3265298650549,209.83864606695616,88.00864606446157,275.77032149371064,211.71632926671745,32494000,16377800,32515800
2020-12-18,86.14248657226562,275.1033935546875,210.48382568359375,87.34180783898964,276.6958939834329,211.54303926528655,85.60553247054565,269.868089020973,208.00913895972397,87.29552589295449,274.47634404294746,210.48382568359375,80328000,26693200,63354900
2020-12-21,86.55851745605469,271.5103759765625,214.33547973632812,86.63217371324646,273.3815619312568,215.69319489118817,84.54953165100625,266.5338305117045,209.22239786901787,85.27161355462863,271.69948713418097,209.48238931616686,36568000,16553700,37181900
2020-12-22,85.76876068115234,265.8371276855469,215.6354217529297,86.46072702900238,270.22644485463616,217.26275222199794,85.22508639610656,263.38867558507343,213.62293074252594,86.31267795590624,270.22644485463616,214.4317766950902,18734000,17312900,22612200
2020-12-23,86.21066284179688,266.852294921875,212.8236846923828,86.98747811331984,270.8932776109496,215.26948470957183,85.84538858424963,264.98113942164525,212.61184201062653,85.9981683543696,265.63804703983703,214.83617547613625,20676000,14329000,18699600
2020-12-24,86.53264617919922,266.1456298828125,214.48953247070312,86.88846667817319,269.13155698779786,215.3176407932119,86.04794240638063,264.9512772654711,212.99700977755072,86.34105636700494,267.6186981893969,213.20885246653657,6936000,6702000,10550600
2020-12-28,88.38585662841797,275.7006530761719,216.6175994873047,89.11430938377238,275.9992336914656,217.64791201293795,86.90512293997594,264.413850201667,214.74954001310914,87.1688730755353,267.4793892249142,216.12650290192232,27860000,23299700,17933500
2020-12-29,87.5214614868164,275.48162841796875,215.83763122558594,89.19951819929726,279.19414198492615,218.755265742417,87.39058114265147,274.98397390963555,215.28877670598004,88.96811604055497,275.65084431554715,217.91753346320803,25988000,16383000,17403200
2020-12-30,86.56598663330078,270.59466552734375,213.459228515625,87.83871367468939,276.7755261993359,217.26275876733052,85.87326847927733,270.435412435023,213.2570243678587,87.685189727152,276.64616153784556,216.87758352145826,26122000,11803800,20272300
2020-12-31,87.18107604980469,271.87860107421875,214.1717987060547,87.53191524544849,275.7901580247195,214.73029181113705,86.36195768709041,268.54430995984114,211.5334032840312,86.36195768709041,270.7240390275533,213.47849793374098,20238000,12900400,20942100
2021-01-04,86.00464630126953,267.6784362792969,209.6171875,87.6175057387542,273.7100070966361,214.7302691361853,84.98995161425057,263.9559899025982,206.8439847035881,87.46273647549485,273.4910378759819,214.27769743835609,38038000,15106100,37130100
2021-01-05,86.63565063476562,269.6988830566406,209.81936645507812,86.97156113133452,271.1221676479237,210.41638429778985,85.49580108258175,266.95182047531745,207.70095443666122,85.84340545904115,267.0314622056163,209.20310087348537,22906000,9871600,23823000
2021-01-06,86.35548400878906,262.0747985839844,204.37892150878906,86.98798623290207,266.49397277536696,208.46169064840845,84.54953130442127,258.79029118133843,204.0804198989151,84.73017896951501,260.77094628252524,204.30188646544542,52042000,24354100,35930700
2021-01-07,88.94123077392578,267.4794006347656,210.19493103027344,88.9984548479111,270.33593334915815,211.2059957874037,86.44306127757426,263.5379844726257,205.78478859916777,86.59284923981345,264.65272598317614,206.1025379552153,45300000,15789800,27694500
2021-01-08,89.93452453613281,266.31488037109375,211.47560119628906,90.06540486977977,267.6884118776815,212.40000699485586,88.2587156133425,261.94545856026525,208.9816523536104,88.97756270926709,267.0513994328306,210.57045783119477,41012000,18528300,22956200
2021-01-11,87.91957092285156,255.6352081298828,209.4246063232422,89.29281969648656,262.23411290439543,210.79194528135557,87.61103473386122,254.69961506346897,208.69278075908844,88.88250878459216,259.2581481529195,210.36825989009438,24194000,30412300,23031300
2021-01-12,86.91583251953125,249.9121551513672,206.95953369140625,88.48291126840343,258.5016774369471,209.04907439029543,85.85884237215001,249.1258676545651,205.40925300018603,87.28259514628245,255.42617600130689,208.47131889954403,27140000,26383500,23249300
2021-01-13,87.30648040771484,250.45957946777344,208.3172149658203,87.83571961523337,252.7587410418486,208.72163786646962,86.49083984590594,248.0310228517457,205.99658420199273,86.51920889592658,250.3700052943654,206.08325779657693,21882000,19528900,20087100
2021-01-14,86.59883117675781,244.4877166748047,205.12037658691406,88.33212237465129,253.8336681324552,209.39572610602872,86.26142477057896,243.46254955888773,204.85076127426112,87.26766036738287,252.2113095061817,207.90320332267183,23590000,29739400,29480800
2021-01-15,86.4002685546875,250.18089294433594,204.76406860351562,87.38610058537833,252.66916566410885,206.55509283823068,85.67171706551628,246.00059781255973,204.167065422921,86.49979562090843,246.7371168177972,205.601815461853,26844000,24942900,31746500
2021-01-19,89.12088012695312,259.875244140625,208.41354370117188,90.03729303583471,260.9700903605595,208.93351188204568,86.66252286279774,251.53454799388828,204.74483605137272,87.19948456009776,255.6949332552123,205.8232972815894,34692000,28028500,30480900
2021-01-20,93.90025329589844,266.22528076171875,216.0205841064453,94.73679100761188,269.0519548732875,217.41680944666538,90.84621407361034,262.3634767133542,209.2320229846953,91.14131750924675,267.6684606873908,209.62682209328247,49806000,25199900,37777300
2021-01-21,94.11671447753906,271.5899963378906,216.6272430419922,96.28693142150432,272.3165829346263,217.90792325863816,93.91068958574802,266.2352283803753,214.1718039707667,94.45262495734742,267.996944972937,216.36725157275006,41278000,20838700,30709400
2021-01-22,94.60440063476562,273.2123107910156,217.57086181640625,95.09706983552742,277.1636885955747,221.53808562831492,93.64444706297873,270.7240383794399,217.4264302971937,94.33716512387014,270.7340011889003,218.65896157091333,25442000,21954000,30172700
2021-01-25,94.52230834960938,276.7059020996094,221.01808166503906,96.0241899349765,278.78609454501253,221.25881063602375,92.93632194218858,270.2363927277571,215.90500067219287,95.58079441589408,276.8352971469543,220.62328262632084,38546000,19087000,33152100
2021-01-26,95.41010284423828,280.7268981933594,223.7142791748047,95.79627428525859,284.05125706447734,225.49566498398204,93.76813006382952,276.5067976495511,221.5477181444762,93.99679859408919,276.8352666372918,223.26170747303482,26262000,19373600,49169600
2021-01-27,91.10796356201172,270.8634033203125,224.26312255859375,94.05450983954763,282.1203455756536,231.52351716879807,90.02359923762432,266.8622417379,221.6054797824299,93.68277356299613,281.20464793942597,229.1739998613671,54966000,35346200,69870600
2021-01-28,92.71634674072266,263.75689697265625,230.06951904296875,94.49392264760243,285.4446895719629,233.6419439643718,91.69767320334137,263.4583164088709,226.37192502937796,91.76236161547799,275.87975385308545,226.87264547692646,35462000,37758800,49111200
2021-01-29,91.35430908203125,257.1181640625,223.35800170898438,92.42622786113331,265.30956817743396,229.19327031508718,90.08332856768394,253.65450813555614,222.7706223615719,91.87335031227934,264.05546910075674,227.2385520115361,32252000,30389500,42503100
2021-02-01,94.61933135986328,260.78094482421875,230.76283264160156,95.66647269435444,262.9308161071233,233.50714934614192,92.11021971137212,253.71424419858698,223.81057737017042,92.24159361169215,258.30260453139135,226.34305136172497,32044000,22914300,33314200
2021-02-02,95.92118072509766,265.8271484375,230.6280059814453,97.32702055403101,267.5888650330022,233.32417372132824,95.27324862584669,262.0350230912574,229.83842250139034,95.67484229888585,262.76160968920584,232.35163385031615,45474000,17320800,25916300
2021-02-03,103.01557159423828,265.399169921875,233.9886016845703,105.32612279097039,267.93722639438874,236.00109271596494,100.44325213767915,262.6023537335994,230.38729034449594,103.16138060781988,264.3740027465401,230.68580666401732,82364000,14223400,27158100
2021-02-04,102.63239288330078,265.23992919921875,233.03529357910156,103.43757732498156,266.9021088666218,234.21969082636647,101.64805666881828,262.7616191024998,231.45611194234698,102.95686010882602,265.7575094037497,233.6611977887063,37046000,16060000,25296100
2021-02-05,104.4054946899414,266.84234619140625,233.21826171875,104.6299336699176,267.90733410015804,234.25821280407337,102.48110717370477,264.42375263649586,231.50427234467983,103.0120928810768,265.54842628025125,233.24714802448682,30702000,12454400,18054800
2021-02-08,104.15219116210938,265.32952880859375,233.47825622558594,105.67682258221122,268.59414196201845,234.6433764200728,103.11161804942017,263.7569535446607,231.879812053498,104.79912851785372,267.48936326463235,234.13303208811857,24838000,13755200,22211900
2021-02-09,103.68441009521484,268.18603515625,234.7300262451172,104.76031547916368,272.1075552356583,235.68330363620066,103.437084514114,264.50337952856717,232.42865770253408,103.437084514114,265.19014520169947,232.90047711656726,17798000,14613400,23565000
2021-02-10,104.27510070800781,270.59466552734375,233.81529235839844,104.92154445810515,272.51560469662627,236.80032342587674,102.66821734832112,266.464139060546,231.95685666173426,104.21688189214544,271.17196178380914,235.91444238497093,22710000,14687200,22186700
2021-02-11,104.30049133300781,269.12164306640625,235.42337036132812,104.60604331704559,272.29665116199936,236.05888384170802,103.37636344689281,267.2305314702786,233.17013544620877,104.48063783936513,270.6146067216081,235.7026095746687,18914000,12828600,15751100
2021-02-12,104.70954132080078,269.23114013671875,235.90478515625,104.94393526499456,269.90794310671953,236.20328675149594,103.66549049266224,267.08126860751656,233.7285856940002,104.019807449706,269.25103538603884,234.8840819016654,17114000,9097600,16561100
2021-02-16,105.5948486328125,272.6848449707031,234.6626434326172,107.12659494372296,275.3025128560429,237.00253712416128,104.72198407580697,268.7832197961873,233.91157007309272,104.72198407580697,269.52970164754623,235.94332356948152,22676000,15417200,26728500
2021-02-17,105.9138412475586,272.2867126464844,235.6856689453125,106.18008204248753,272.6848302040985,235.7918342514513,104.45127095746498,268.3154087577032,232.53933808657575,104.50501724536947,269.9676254775032,232.906093639923,21418000,12763200,21653500
2021-02-18,105.3609619140625,268.1263427734375,235.28994750976562,106.13404887059937,270.67433173208707,235.42506564401617,104.68964208640794,264.7820882811947,232.4621127262459,105.02206719969024,268.3054911280868,233.36934079625917,22432000,15249100,16925600
2021-02-19,104.56175231933594,260.3330383300781,232.5682830810547,106.02432267333349,269.00217183862065,235.357519055454,104.37613094815339,258.92964889423274,231.80581916446297,105.46398076931739,268.594091474346,235.25135375289463,29148000,25622600,25262600
2021-02-22,102.7573013305664,259.10882568359375,226.33351135253906,104.07804159663219,261.8359934937076,229.6342670240594,102.62094612877638,256.3219721270092,224.29707854249543,102.86279683752575,256.7400153477097,229.14205411114955,27350000,17434900,36446900
2021-02-23,103.05489349365234,264.61285400390625,225.13674926757812,103.60976815034407,266.2053545861773,226.64235552974006,99.62911788068345,253.76400643443046,220.75503388741765,100.7732046812039,258.2827029167671,222.29925374576283,33348000,21924600,30228700
2021-02-24,104.26465606689453,263.0700988769531,226.3721160888672,104.54383606746809,265.1303956363957,226.99944711371288,101.42610332048739,257.1778870654062,221.01562101839454,101.61022878025749,261.0993762756057,221.9904007701566,24966000,15736100,26339700
2021-02-25,101.08918762207031,253.49526977539062,221.00599670410156,104.25021777280008,265.6878058976632,226.4107372101652,100.58805934505477,252.8483097667801,219.93469758471608,102.88517760542416,261.069557227545,223.9882566459571,36568000,19053100,39542200
2021-02-26,101.3628921508789,256.4115295410156,224.27780151367188,103.06233928163448,264.30432353909475,227.16354220659915,100.32779402693644,255.26693013278157,221.53681027607436,102.04267100318114,255.26693013278157,223.4574318770251,41670000,26619500,37819200
2021-03-01,103.58486938476562,263.6673583984375,228.67881774902344,103.83418441148945,265.3991866510312,229.19033751355963,101.82271566604933,256.6902313300045,225.0209521949545,102.34125568812824,259.5965474990258,227.67507029375602,28090000,22157300,25324000
2021-03-02,103.30271911621094,257.78509521484375,225.7158203125,104.72249294412354,265.45892101157324,229.0262366583078,103.07480233930721,257.4367309031814,225.31046591384901,103.3201384427549,264.53329070085755,228.7463396301239,22692000,15191700,22812500
2021-03-03,100.8577880859375,254.21189880371094,219.6258544921875,103.93362005405481,259.7657101716926,225.43596433825311,100.02622417727964,253.9033554151799,219.33631139454525,102.87323578193123,259.0690120320257,224.06547605130515,29684000,15513500,34029500
2021-03-04,101.97151184082031,256.43145751953125,218.8247528076172,103.9695478696509,265.2399189753767,224.38393217022352,100.53730305591652,252.31086316271254,216.44087146531615,100.69157874027333,255.2669324786491,218.8344135694477,42360000,31626500,44727800
2021-03-05,104.93000793457031,263.0402526855469,223.52500915527344,105.40625259953322,264.2047775421318,225.136780943552,101.83839656898168,254.41092576078356,218.56422167534674,103.16735290996539,259.447201893008,221.51752894768796,43904000,26820100,41872800
2021-03-08,100.73138427734375,254.1123809814453,219.46176147460938,105.93871411736423,264.3341951911239,225.2332571406413,100.60398174462735,253.85360606543753,219.21083200278963,104.56124352239736,264.3043371310927,223.3029896525048,32948000,18391800,35267400
2021-03-09,102.15116119384766,264.4934387207031,225.62896728515625,103.41218661367544,267.270359700702,227.1731871785227,101.9088093422012,258.5912628644361,223.59253448008076,103.01208129298665,259.95483151383627,224.76035279937034,33946000,22039700,33080500
2021-03-10,102.26712036132812,263.6573486328125,224.31639099121094,103.2609103386622,267.7082635620102,228.73670546315466,101.18922556803263,261.63687257313234,223.94963544287995,103.09967147425944,267.37982495599806,228.73670546315466,25372000,14210300,29746800
2021-03-11,105.24003601074219,272.5952453613281,228.86216735839844,105.78396088543049,276.596376776528,230.8310336985803,103.13052842795634,266.5636749950258,226.1404831560715,103.21413207540392,266.8522927477054,226.7678289200637,24782000,21834000,29907600
2021-03-12,102.60999298095703,267.1409606933594,227.53028869628906,104.02031288006752,268.4746712640375,227.5978551297582,101.89488184323093,262.78150190481927,225.09814744653752,103.75855220961682,267.8775100939008,225.8509506169985,34516000,20600200,22653700
2021-03-15,102.83741760253906,272.46588134765625,226.62306213378906,102.86577905872895,274.6655060767107,226.9898176853591,101.69383205364734,267.2405082807149,223.72766077324133,102.62890205047091,267.8177742262205,226.76784103788017,25962000,16844800,26034900
2021-03-16,104.13277435302734,277.9699401855469,229.4219512939453,105.67745989991573,280.8165401696116,231.69000678127296,103.01208305893906,273.5109442268555,227.713660424746,103.45946507072735,274.7849387329923,228.04180236689635,29832000,22437700,28092200
2021-03-17,104.06111907958984,282.6777038574219,228.77528381347656,104.99170893257268,284.8872909355213,230.2326451131581,102.21585519981917,274.1180408353059,225.09812680417906,103.31216403700054,274.4166213697443,227.9163154168868,25980000,21315000,29562100
2021-03-18,101.33104705810547,277.31298828125,222.6756134033203,103.28579300834845,283.8521756907627,226.02462799348237,101.19817724449942,276.9745868667159,222.29921190861933,102.56421226897582,278.55712452928117,224.4514555974599,27228000,18728300,34833000
2021-03-19,101.67840576171875,288.74908447265625,222.31857299804688,102.1710673961283,291.42646815955004,224.36465190721847,100.40842004914587,279.8809078566682,221.35343921420778,101.62117409188915,279.9008031022258,222.96521086600634,46298000,38930500,46430700
2021-03-22,101.44898986816406,292.16302490234375,227.7618865966797,102.41441839606077,298.3040646861971,228.64014699202232,100.82594144797802,285.40486799749533,222.1158490708345,101.6107298999731,289.0875236052961,222.24132115307071,39096000,28273100,30127000
2021-03-23,102.16410827636719,289.2666931152344,229.2964630126953,103.12664370476169,296.60211643700694,232.64547808309152,101.48034280235241,288.4505323506131,228.80425013420336,102.10140174217489,291.77486115165414,229.20960451533284,27340000,23000900,31638400
2021-03-24,101.77096557617188,280.8165588378906,227.25039672851562,103.42065313930686,290.35160783223125,229.70182994648408,101.59654451986303,279.84114486427575,227.11527859408858,102.78168130446676,289.6349839764876,229.5570657763023,23080000,18675000,25620100
2021-03-25,101.73613739013672,277.4324035644531,224.23916625976562,102.45821172860504,286.7086901533354,228.6787872880025,100.06256085320678,276.4470574359803,223.49602389436822,101.75853041188559,279.6619162394233,227.09596856717204,28378000,24505600,34061900
2021-03-26,101.29769897460938,281.6923522949219,228.23484802246094,102.06606278707989,283.16542060226664,228.45683941055526,100.22627384933982,276.46697985850045,223.47674522544813,101.46242321250244,276.9944924323433,223.47674522544813,29870000,17629200,25479900
2021-03-29,102.31289672851562,289.455810546875,227.03807067871094,102.43631271938274,291.8047255307527,228.54367698586992,100.30590046332688,283.36452348761327,223.79522066068677,100.91600965044307,284.4294811797683,228.34099241678047,24596000,21718800,25227500
2021-03-30,102.29248809814453,286.6490173339844,223.7662811279297,103.05089690308343,291.09805017216587,225.69654875990918,101.7197006398293,285.3551276693987,223.0424307659374,102.39649528099191,288.4704196002147,225.38769886994126,20732000,17474500,24792000
2021-03-31,102.94391632080078,293.1484069824219,227.54957580566406,104.17294313992626,295.1091672513115,230.76347278304596,102.3524641543935,287.2561633642928,224.28741919809048,102.47065587310102,288.62969487110405,224.78929284389523,29198000,19498200,43623500
2021-04-01,106.38361358642578,297.259033203125,233.90017700195312,106.64189646154423,300.98147968952236,234.37308312806474,104.35024531750071,295.2086987922236,229.75009881096892,104.40299686490611,297.00024310533706,230.15545323053863,33980000,17616000,30338000
2021-04-05,110.75291442871094,307.4609375,240.38589477539062,111.33814753416755,309.3121978449165,241.24486331170138,107.07384530769953,299.26953267822694,234.23798214468843,107.13953605513119,299.47856945865806,234.29588781932924,43298000,28237000,36910600
2021-04-06,110.7131118774414,304.8233642578125,239.21807861328125,111.35556907064012,309.88948375856984,240.7043782746985,110.21795200755719,303.8180923813874,238.27225155601573,110.60113918285458,307.391248283219,238.9767951488011,27060000,17335200,22931900
2021-04-07,111.95374298095703,311.621337890625,241.1869354248047,112.21848788242524,312.7759001486744,242.18102208001608,110.74198358396019,304.06694509282426,238.57143102287802,110.78179593211443,304.9030011332549,239.1698092779601,25798000,22855200,22719800
2021-04-08,112.73802947998047,311.5516662597656,244.42013549804688,113.66189919730525,314.39826628798687,245.27910399325341,112.35185805844243,308.59559680228705,243.21371824484822,113.36107791691255,313.37309905522767,243.95687539631507,27166000,20894100,23625200
2021-04-09,113.75520324707031,310.9942626953125,246.92950439453125,113.91246315462274,313.26356615401016,247.06462254609167,112.15448570521727,308.87424952184057,243.63839439187007,112.30308151066843,309.9392375138211,244.05339488352917,20888000,15988600,24326800
2021-04-12,112.20803833007812,310.07861328125,246.98739624023438,113.22969622345185,310.6857372677254,248.6860411667651,111.39563255731609,306.4855315456019,245.7423653814228,112.7783352153131,309.59089115543276,245.82923861645543,31318000,10881900,27148700
2021-04-13,112.82908630371094,308.30694580078125,249.4774627685547,113.32373740194008,312.95502212626144,250.15306830809155,112.27271582126875,307.8690073820761,247.8753368934519,112.54045250531992,310.7454347862208,248.2903668724219,23310000,14036900,23837500
2021-04-14,112.21051025390625,301.3995056152344,246.67852783203125,113.36255480093685,306.5850574639895,249.8055517087764,111.92934838935075,300.53359156772814,246.26352739476826,113.22172708224383,305.8584708942408,248.50264472916203,20220000,17421400,23070900
2021-04-15,114.29166412353516,306.3760681152344,250.4521942138672,114.78617097959365,308.6851926200754,250.86719463446568,112.765893718173,302.67351688313573,248.74391817452783,113.31230165927303,304.90299964674796,248.93692724168056,27472000,14558300,25627500
2021-04-16,114.34640502929688,304.74371337890625,251.64895629882812,114.77835721941359,307.50073884849365,251.89990049073447,113.684045432927,303.18107090239033,248.61845173903515,114.60717096338843,306.72439901532357,250.4232470797926,22596000,13059200,24878600
2021-04-19,114.57730865478516,300.82220458984375,249.71871948242188,115.37602341536709,306.25661399956397,252.36320622338988,113.85298671170973,299.15009263658635,248.83081284664505,114.05876102646002,303.57923016247355,251.11817532705464,24688000,14553500,23209300
2021-04-20,114.14087677001953,301.23028564453125,249.25546264648438,114.93561257699884,303.66880502943184,251.12782455999496,113.05004281705125,295.8158018435098,247.88495970173747,114.85051302521912,300.5733780097284,248.8308014215513,21774000,16796400,19722900
2021-04-21,114.12395477294922,300.05584716796875,251.4945068359375,114.22497774735152,300.5634645483678,251.59102608906622,112.39613843061059,295.9949992480497,248.2806248268908,113.72384942536718,300.5336064891928,249.91170300808153,23930000,14863500,24030400
2021-04-22,112.86144256591797,295.1290283203125,248.2034454345703,114.64509341436,301.49903053443455,252.65269763318344,112.29064452817589,294.65129941634854,246.72677733180606,114.12097218303006,299.9164624167889,251.13743066237814,21096000,16375400,25606200
2021-04-23,115.21926879882812,299.71746826171875,252.044677734375,115.74279014143195,301.17061120830107,252.39214120685273,113.37351132449037,295.7561266579808,248.29995400030546,113.6352719957923,297.35859028609985,248.8887009148903,28670000,17536800,21462600
2021-04-26,115.78856658935547,301.61846923828125,252.43077087402344,116.51114963612508,304.3655016183372,253.28975422053418,115.14661056462896,300.14540087910467,251.0989107743845,115.44967188283977,301.91704980967137,252.5369509235424,20834000,16172600,19763300
2021-04-27,114.81219482421875,302.14599609375,252.8361053466797,116.32154055882606,303.90768229695817,254.01356977284848,114.67036477123794,299.69751379507915,251.05060190773284,116.2493878035298,302.8526570623467,252.45968902313274,31972000,15309300,31014200
2021-04-28,118.43453979492188,305.659423828125,245.6844482421875,122.04085649592915,309.4615117946956,247.59542369534182,118.18273410704185,303.9375281889594,244.13058229538743,119.78986809662084,305.9181835337125,247.15144095800966,59728000,33907200,46903100
2021-04-29,120.92176055908203,327.9643249511719,243.7059326171875,121.2516950366519,330.2535238269616,247.17077418111876,119.54776760064985,320.10135843340606,240.31831825190145,119.94837411924946,328.57144894779213,246.55308913291572,39554000,56526800,40589000
2021-04-30,119.93791198730469,323.5550842285156,243.38742065429688,120.78490576397853,328.2728702411657,244.25604986053563,119.54179320482646,322.97781828784815,240.89738855268695,119.65774485548863,324.61013986908836,241.03250668786558,39142000,26332400,30945100
2021-05-03,119.1939468383789,321.0668029785156,243.07859802246094,120.41466646530205,327.00879964754824,245.48178647191602,118.66296113701131,320.33028394858235,242.36439371303774,119.56966969941496,324.6399894534123,244.56489758590888,33788000,18719500,19626600
2021-05-04,117.1575927734375,316.8666076660156,239.15049743652344,118.40219371866448,320.6786587352525,242.45126798676034,115.04011959579061,311.65119741922877,237.19127700382506,117.928439696684,318.5188245064735,242.2196305734956,35120000,24032600,32756100
2021-05-05,117.281494140625,313.5422668457031,237.87652587890625,118.54849561214596,319.5539424122972,240.80088007806515,117.01625569167095,313.0147542291022,237.24919480748818,117.86274069984734,316.697410108755,240.37621885511075,21806000,15577600,21901300
2021-05-06,118.50619506835938,318.518798828125,241.02285766601562,118.57387529579434,318.7377680393141,241.14832977149786,116.56479081972621,311.80046258070394,236.15858983586443,116.97793407275897,313.0445989228189,237.85722000753552,20618000,19012200,26491100
2021-05-07,119.36911010742188,317.5832214355469,243.65765380859375,120.25093493289322,321.42513044301256,245.43349623426144,118.93665677378355,317.25478278987566,242.41262312218905,119.43429968915504,320.8677597643788,243.3584499991773,23272000,15916700,27032900
2021-05-10,116.53105163574219,304.53472900390625,238.56173706054688,118.33948733491123,313.1043258444617,242.95309827027836,116.18618849566937,303.4000620410102,238.50383139576158,118.18471807912111,312.8754241892421,242.12308271255597,26006000,24239200,29299900
2021-05-11,114.89381408691406,305.09210205078125,237.6448516845703,115.55268829255223,305.4006454467249,238.00196114501964,113.61188387831373,298.2841913436494,234.1124737600028,114.05279630960118,299.339216576442,236.02343424073874,32110000,18920100,33641600
2021-05-12,111.42623138427734,301.1307678222656,230.66697692871094,113.72981932788814,303.52946649192836,235.85940145666098,110.97685989599276,296.79123455641644,229.76940956850882,112.55239753586002,299.71744585471544,233.7264492906363,34934000,24645500,36684400
2021-05-13,112.56534576416016,303.82806396484375,234.55645751953125,113.29344168685903,307.4111524061888,237.03685836220842,111.60738156412968,301.34972366445834,233.00259157020338,112.52154686670876,304.6441943379279,233.3693471131418,26670000,18079200,29624300
2021-05-14,115.26207733154297,314.45794677734375,239.49790954589844,115.50990408706659,315.36368166667563,240.4919960280417,113.62781945478365,307.63011083254275,236.93066522721716,114.05131260618568,308.0879748696261,237.01752372136076,26624000,19245700,23901100
2021-05-17,115.52333068847656,313.9801940917969,236.6315155029297,115.61937237215693,314.1991633045271,237.99235779592556,114.20905249009881,310.11838999878535,235.0294044688764,114.92168056805858,312.0791501027351,237.95375892085315,19842000,15401300,24970200
2021-05-18,114.6285629272461,308.5060119628906,234.60470581054688,116.60520064297992,315.015342231373,237.81860285694455,114.61512255923404,308.3567216670497,234.4309740834804,116.29446996534088,314.10960727070574,237.6834847255692,17302000,14522400,20168000
2021-05-19,114.89132690429688,312.1189880371094,235.18516540527344,115.29192583525193,313.18397610154875,235.29157587031045,112.6424798045384,302.1460014380074,230.81269754923372,112.68627110855724,302.76308824187345,231.49951665565231,19350000,19106200,25739800
2021-05-20,117.24915313720703,317.11541748046875,238.4354705810547,117.46065290702771,317.75242988360776,239.85749443243662,115.50740283374294,311.6910011150971,235.90098591895168,115.85326832456231,312.10901392703676,235.99772805935274,23832000,17320200,21800700
2021-05-21,116.70223999023438,314.74658203125,237.16822814941406,117.89160628114159,318.4292071771092,240.22509675114117,116.56638596190908,314.32853887850086,236.752269419578,117.74181831161809,317.7922251996114,239.48990667105087,22832000,13600900,21863100
2021-05-24,119.76624298095703,323.10723876953125,242.59512329101562,120.35395920023262,324.42105423719835,242.96272569888635,117.44921442356693,316.53819180562294,239.43184434731504,117.79208811752764,316.71734017637016,239.7027046181321,21244000,16445400,21411500
2021-05-25,119.88566589355469,326.25238037109375,243.50445556640625,121.07105325289527,327.6358442337782,244.5008376209528,119.58309813733437,323.2763854894499,242.63383534269042,120.42959077800525,325.5456890362261,243.55282663678562,18838000,16437000,17704300
2021-05-26,121.10289764404297,326.12298583984375,243.281982421875,121.57138180582483,328.28278959364997,244.68465499083965,120.05710030390351,324.2916207267979,242.56612891100883,120.0730237233676,326.8097515540389,243.2239282771189,21856000,9686900,17771600
2021-05-27,119.55921936035156,331.1890869140625,241.17312622070312,121.42487924807034,332.2142540222155,243.27230093259868,119.53383452798022,325.2271954148985,241.11508683634887,121.27260062755738,326.4613689190458,242.97242093958207,38962000,20477700,24426200
2021-05-28,120.00959014892578,327.1879577636719,241.53103637695312,120.83467696312955,331.3085214715173,243.8527149879426,119.81699800781652,326.7898098407,241.41495761267623,120.52713549299328,329.44729839186954,242.80796182711416,24108000,12037400,18270200
2021-06-01,120.91777801513672,327.58612060546875,239.32545471191406,121.32390494436183,329.86538716960786,243.08849390239283,119.6771560754215,325.1078104267452,238.8998276498886,120.52911597143283,328.6013250508001,243.03045451942475,19166000,11765900,23213300
2021-06-02,120.49330139160156,327.60595703125,239.2287139892578,121.52441314189642,330.31319877379383,241.13441901461294,119.64332330130769,325.5854809407264,237.81635845240393,121.19149442573045,328.8301980575515,240.03162651736798,17158000,11654300,19406700
2021-06-03,119.66371154785156,324.5105895996094,237.69058227539062,119.91925318785934,325.8443001574359,238.30001044872492,118.57984838350394,321.96260071683287,235.06902411256243,119.18647217742846,324.2517995120947,237.21656946432944,18346000,12610800,25307700
2021-06-04,122.01010131835938,328.8003845214844,242.6048126220703,122.11455652150818,330.90047225301316,243.4367448861745,120.31861195460402,323.65462283959226,239.43186509404015,120.5549953853995,324.37124664419105,239.67370569685207,25948000,13289400,25281100
2021-06-07,122.72322082519531,335.0010986328125,245.52626037597656,122.81827536213362,336.10590744645873,245.7971206803455,121.47827064261246,327.3869906581949,241.656810586958,121.98820732803281,327.93442884719076,241.82126043169774,23850000,20136700,23079200
2021-06-08,123.5572738647461,332.11474609375,244.32672119140625,124.13677394066129,336.7130694543896,247.6544501102256,122.83021828965401,330.6814985041449,244.2686670500775,123.41047011497321,335.12059913209447,246.83218619035304,25060000,14580500,22455000
2021-06-09,123.9827651977539,328.7008056640625,245.3134307861328,124.65955991861408,335.2200676311741,247.19011622920024,123.78022566977197,328.45197840769305,244.9458431064985,124.38585477535649,334.1650424941212,245.52625169786907,20126000,13727900,17937600
2021-06-10,125.48564147949219,330.9004821777344,248.84426879882812,125.56825038707979,332.3735507020428,249.057089685856,124.11214215010128,327.0088196307734,245.3907930607438,124.11264331637582,329.2383328532977,245.99055296376196,31234000,13240200,24563600
2021-06-11,125.10395812988281,329.7060852050781,249.4730682373047,125.75387970798513,331.26869732703784,250.0534619780059,124.32563926279657,327.3869981118403,248.2348161996662,125.65086725175735,331.0198700648531,249.56978084638592,25240000,13587900,18999700
2021-06-14,125.75636291503906,335.19024658203125,251.40786743164062,125.81558406697154,335.24003026345406,251.4659068229484,124.45751449640885,328.2629035047306,248.41869117148005,125.07708514003316,330.3430959527123,249.48279588139263,22550000,12250800,19150500
2021-06-15,125.43885803222656,335.17034912109375,249.92776489257812,126.26395236677907,338.32549242411466,251.5045705135065,125.05617202206226,333.4584162045926,249.26996546837523,125.92555882436658,335.4092135921884,251.29174957961015,22182000,15795200,18038900
2021-06-16,125.10395812988281,329.5268859863281,248.97972106933594,125.92705544709253,335.9665363459269,252.07526281054376,123.56469416099482,327.1779713571921,246.1163220795132,125.65235556381843,335.12054800667926,250.93378234700253,26316000,17232200,27220000
2021-06-17,125.7752685546875,334.93145751953125,252.38478088378906,126.59687749819754,336.39456303531813,253.2070446216364,124.92330108478049,328.60127617847024,247.65439528676288,124.93126659108124,328.93967760991745,247.71243465446503,25756000,17794100,27565500
2021-06-18,124.97555541992188,328.11358642578125,250.96278381347656,125.79318543287002,334.5731324671982,253.73910877387,124.01560177559175,327.4566788051321,250.30498456240804,125.1129053556012,332.960736659433,251.15626807393355,53306000,23039500,37202200
2021-06-21,125.85887145996094,330.7312316894531,254.05838012695312,126.43787795887967,331.35828121097006,254.91931727206614,124.54434271864844,326.1129834115264,249.50211169896875,125.14723814290059,329.53684875566665,251.34009426995223,26256000,11337500,26696100
2021-06-22,126.40079498291016,337.43963623046875,256.8443908691406,126.67001997309217,338.32547589153086,257.1152511503635,125.4323823281962,331.0398061349241,253.83587856405688,125.85388592374022,331.1293803072075,254.1454416058992,20984000,15345300,24694100
2021-06-23,125.86534118652344,338.9923095703125,256.6121826171875,127.19354569347414,341.80905122369285,258.1212654194927,125.65682564605596,336.613536708315,255.79960184068116,125.95342495452863,337.758136054017,257.30868464298635,19694000,14817800,19518700
2021-06-24,126.68196868896484,341.5701599121094,257.9858703613281,126.93427553000681,343.2820927302898,259.10801424243357,126.36148804893789,340.1866960972433,256.8056871002997,126.45454551235527,340.24641221158737,257.47316949097063,18934000,12329100,21446900
2021-06-25,126.39633178710938,339.7686767578125,256.37042236328125,126.903922113512,342.5057768968075,258.52765156160484,125.84792678212594,338.0866018788034,256.11892816514353,126.35850891938638,340.9829551253618,257.5409523499183,33484000,14594400,25611100
2021-06-28,126.2216567993164,353.97174072265625,259.94964599609375,126.73671145233527,356.46001345732424,260.12376415677653,125.37994045117867,340.1667780762027,257.2313597974926,126.40130212773228,340.85354378092495,257.50222011018576,28110000,29156100,19590000
2021-06-29,125.42443084716797,350.23931884765625,262.5421447753906,126.40130263077995,355.0665434773281,262.7839853710794,124.84566732780785,347.41261439466916,259.23378195844055,126.17487418926538,354.5987470052938,260.0947191278828,20950000,21417300,19937800
2021-06-30,124.7252426147461,346.07891845703125,262.05853271484375,125.20696211707579,351.26450073463224,262.5035112622601,124.16937328438868,345.5414734129252,260.8009730941419,125.06119866609578,350.51801891006176,261.8553948269136,24006000,15107500,21656500
2021-07-01,125.77278137207031,352.72760009765625,262.7356262207031,125.86634000489491,353.0062854255982,262.9677837431567,124.26118792982844,344.8745968621121,260.80090147610525,124.26118792982844,345.19310305816657,260.8105550251696,17120000,17137000,16725300
2021-07-02,128.11219787597656,353.0361328125,268.58819580078125,128.24060275496763,354.7679608427644,268.92677858460644,126.17139343947026,350.9658729751427,263.606284763688,126.24156431390884,353.43425035832354,263.9158478529888,21160000,11521300,26458000
2021-07-06,129.15924072265625,351.1251525878906,268.59783935546875,129.27221575470168,357.1069701606323,270.2520207431101,127.80366183297016,347.5420336560119,265.347486439139,128.8392536376721,354.82770375509466,268.95575870913115,21350000,13488500,31565600
2021-07-07,129.46429443359375,348.8458557128906,270.7936706542969,130.02403641573528,354.8177099529438,271.52887531100214,129.1482863166987,348.35816400310114,268.10440514664486,129.72655626417145,353.59349927336257,270.28096991252846,16680000,14218900,23260000
2021-07-08,128.5680389404297,344.0285949707031,268.36572265625,129.41950523461884,346.69601615126567,269.63296519274246,127.43639033144197,340.9530934016,265.8989305231192,127.64540703687709,344.1082367108411,267.8626752532348,19780000,14406500,24618600
2021-07-09,128.9636688232422,348.7762145996094,268.86865234375,129.2373815632358,349.0648323577811,268.9750480154504,128.33564668836144,343.6503486347571,266.3341681021234,128.33664902098306,343.7001323124717,266.7211070779772,15106000,13018700,23916700
2021-07-12,129.94850158691406,351.5033874511719,268.2689208984375,130.153539348214,352.52855467350497,270.6389408273715,128.98905668595233,347.9999101341868,267.55305271970633,129.22144597736863,349.58244805753054,270.04886399300807,16944000,10018600,18931700
2021-07-13,130.37698364257812,350.4383850097656,271.8094177246094,131.41954621439987,356.8083573136762,273.61838015637227,130.021155574321,347.16380949457744,268.33659127403666,130.26450977687122,349.8511562729013,268.46232355089677,16618000,11456000,26120100
2021-07-14,131.45985412597656,345.99932861328125,273.28955078125,132.36904573012336,353.5338262544163,274.4020115950531,131.27621464383543,345.1035564429687,271.3934992931169,131.2797076210842,352.8968138114406,273.13476926049077,17912000,13894200,23113700
2021-07-15,130.64767456054688,342.84417724609375,271.8578186035156,131.9699181478209,347.5918212750302,273.28952539638505,129.98233841446665,338.6240762198608,270.6969720664265,131.87536478453637,347.5918212750302,272.7961611898891,16586000,14781600,22604200
2021-07-16,131.22398376464844,339.5596008300781,271.5870056152344,131.55988671161126,344.3669296344168,274.82767570052937,130.2048088452286,338.54439664841647,270.3390997989088,131.02044948057232,343.2920093464467,272.86393112396007,14856000,11026100,26186800
2021-07-19,128.64466857910156,335.36944580078125,267.96905517578125,130.628269411742,338.1961202729858,271.2193785154485,127.9310533989515,332.9707469930695,265.4926099108282,130.53720902271095,335.9865326425013,269.8263743637179,25710000,14372300,32935600
2021-07-20,130.48348999023438,340.05731201171875,270.2036437988281,131.37908945378572,341.8389238121627,271.79978568406875,128.579407138344,332.93089518436625,267.24351753265694,129.39115995198918,337.2107121804647,268.9557381700526,19084000,11024300,26259700
2021-07-21,131.9754180908203,344.60589599609375,272.21575927734375,131.99209326245386,344.89451377838043,272.3318380358486,129.9858483867907,339.6492455222509,268.2399141907731,130.17047503665322,339.8980728083478,269.7973534033063,14742000,9279700,24364300
2021-07-22,132.69998168945312,349.5426025390625,276.8011474609375,132.8751469039233,349.8909667962364,277.0720078070246,131.77584622337676,343.59064323258406,274.1699200182787,132.02466769674936,345.0537488131761,274.57619577662746,13608000,12385400,23384100
2021-07-23,137.16632080078125,368.05535888671875,280.21588134765625,138.15414998910532,373.56934940555897,280.5254148814267,134.0655136644227,355.5144582100015,277.1493295288291,134.6223701921847,359.2170092598052,277.99093009923706,26378000,33694300,22768100
2021-07-26,138.98619079589844,370.7127990722656,279.6160888671875,139.05436459390137,372.68352191975316,280.2352149712231,137.00208876562695,366.49269843358053,277.2847714708642,137.59826399717124,367.846304157528,279.56773255599114,23052000,14925200,23176100
2021-07-27,136.15162658691406,366.0846252441406,277.18798828125,139.3509812581762,371.39957201322716,280.1287482752824,134.46313650448218,362.8399079682027,273.71516133505776,139.3509812581762,370.165398490836,279.9836498416218,42164000,15705400,33604100
2021-07-28,135.73858642578125,371.52899169921875,276.8783874511719,139.01755053099006,375.77895075945287,280.6801135014984,135.70724075117377,365.2087726340715,274.5663778116576,137.90880359975554,372.8029861736175,279.55796989856185,54688000,29676900,33566900
2021-07-29,135.89683532714844,356.63916015625,277.1492919921875,136.5049626843797,363.80536737432345,279.2000952932535,135.4962363852848,355.0665547855303,276.74298684690376,135.73769224155478,359.30658122562585,276.89776835360453,19284000,33413200,18168300
2021-07-30,134.5835418701172,354.6286315917969,275.6112365722656,135.13130142624692,359.03787413124314,277.3041208437968,134.17866026408362,351.2844074879065,274.6438741313907,134.8721832731282,352.3394327379022,275.862760253792,23954000,15976200,20944800
2021-08-02,135.3484344482422,350.299072265625,275.52423095703125,135.37927895617608,357.71410730951123,277.4105703698214,134.03464976466563,349.09472630812814,274.4794627860898,134.8458102066963,356.4202175466499,277.0139481495163,20140000,13180400,16267400
2021-08-03,135.63754272460938,349.5923767089844,277.74908447265625,135.69277731818002,352.1105076477053,277.8555096866815,133.55092952190614,346.0690041816964,274.7309185417036,135.35886392559337,351.0754079995655,276.1045861238973,19064000,12406100,17879000
2021-08-04,135.3872528076172,357.23638916015625,277.15899658203125,135.89434198813237,358.789069072342,278.20373493143853,134.77663481777068,349.86114439006076,275.3596872582859,135.6072040685157,350.76687940124015,276.878453234256,16528000,14180600,16191300
2021-08-05,136.29444885253906,361.2673645019531,280.0707702636719,136.3043962439256,362.192994724439,280.17719548604225,134.96076943760426,355.2258306530038,276.7624071651543,135.38724675808754,357.95299838700305,277.51694870705825,11866000,10247200,13900200
2021-08-06,136.38998413085938,361.8048095703125,280.01275634765625,136.43382858556117,363.43710064957736,280.0514591158168,135.4051468608552,359.7046916389879,278.23281279258185,135.65248000573692,359.7046916389879,279.0937796351704,13560000,8925000,16589300
2021-08-09,137.3514404296875,359.9136962890625,278.91961669921875,137.66943803355684,364.0641484534068,282.03452513079264,135.78561470021876,359.0577450731845,278.4165988268657,136.30341059801358,362.0536350776019,280.2932844390192,12374000,7798900,16117600
2021-08-10,137.44549560546875,359.43597412109375,277.09124755859375,137.89835251146243,362.39204331354614,279.8095331420001,136.57960173403993,357.35578178187507,275.89172780550433,137.42857744613153,360.13267225476767,279.37420831725467,16034000,7469900,18616600
2021-08-11,137.0404052734375,358.2713928222656,277.5846252441406,138.1931939764059,360.66012817194326,279.2388065197493,136.70251290708995,356.13148470431315,276.5301743526626,137.63111323700684,360.4013685055533,277.8361193687977,15204000,8400300,13955900
2021-08-12,137.73709106445312,360.9488525390625,280.35125732421875,137.7654601097503,361.2972168119755,280.50603883012514,136.13419444459785,355.4348314140079,276.99450906385545,137.0637818442979,356.76857238738023,277.27505238840786,14646000,7170700,14561300
2021-08-13,137.7535400390625,361.47637939453125,283.2920837402344,138.02026680742935,362.94944791039416,283.34044005143994,137.35442943878456,359.78437201930916,279.85792951947155,137.70526102086296,361.2673729723267,280.0320771872381,12580000,7195700,18249000
2021-08-16,138.26112365722656,364.8404846191406,284.9849548339844,138.33526588919457,365.2286697301517,285.19777573230937,135.52384469575276,355.7035547879011,280.5544187292792,137.3494414926891,360.8194275337745,283.6209703749318,18040000,11222100,22507600
2021-08-17,136.6532440185547,356.7685241699219,283.5145568847656,138.06455854856287,362.95934738173327,283.8531396263092,136.1426619191371,353.40437488086656,281.5798321005821,137.53953374906956,361.27727273720564,282.8471039940551,21272000,12328700,20075300
2021-08-18,135.92620849609375,353.7826232910156,281.7797546386719,137.64208048949936,358.17190958763973,285.7438385688241,135.7779088252058,353.4840123434971,281.3338946528255,136.46912349195387,354.57885840222,283.04942332332365,14934000,10042400,21813000
2021-08-19,136.26805114746094,353.45416259765625,287.6336669921875,136.80401044929974,355.89268204149806,288.3121287150756,134.71789847801858,349.35349396712365,279.7539809531887,134.82886882792468,349.7018582268758,279.80242982850876,18296000,12004500,29850500
2021-08-20,137.78439331054688,357.68426513671875,294.9900817871094,137.96106202852192,358.30135198562846,296.4245297530549,135.82367883423908,351.65269376758124,288.88404287348874,136.43677228774663,352.93665115044513,290.492942333406,15564000,8697700,40817600
2021-08-23,140.43434143066406,361.64556884765625,295.2710876464844,141.50676135014,363.9745885050188,295.9979982657904,138.09387968442942,357.41550515759354,292.5572998323028,138.34324787925766,357.7539066078678,293.9141937393936,21090000,10942000,22830200
2021-08-24,141.72720336914062,363.7954406738281,293.3036193847656,142.3333411682674,366.23392975632663,296.24033745706305,140.6871315317685,360.1426428938778,292.70271126631314,140.87623826344637,361.95411275476704,295.6297277308702,15126000,9235100,18175800
2021-08-25,142.27610778808594,366.6619567871094,292.7124328613281,142.63740310872157,369.12034125792337,295.2129928490699,141.76801631069267,363.68596173797255,291.17138560708065,142.20942230036374,363.8850357201525,294.9319124080589,12838000,9684500,20006100
2021-08-26,141.45301818847656,362.6707458496094,289.88226318359375,142.46004352320674,367.70700762023694,293.11943496903467,141.42167251457283,362.42191856697195,289.74658858009593,141.94618101244757,366.65198237180823,291.7237641949672,14922000,7888700,17666100
2021-08-27,143.86907958984375,370.8819885253906,290.492919921875,144.32740376085707,371.9867669088464,291.6075104848054,141.35050633702966,362.3720785573477,287.691876313099,141.44256906689753,363.3873131523281,289.7853828134745,24562000,11219100,22605700
2021-08-30,144.78372192382812,378.87432861328125,294.2437744140625,145.79891766795097,379.70042172077854,294.8543841734556,143.918329324499,368.78188074616634,291.79166334629616,144.0223289124499,370.8123196165151,291.84981383975514,16916000,13547300,16348100
2021-08-31,144.7762908935547,377.600341796875,292.5863342285156,145.4232206883038,380.96449115266233,295.1256702383056,144.3164631944746,377.02304555417845,292.2180281669922,145.19679981619913,378.16767522953234,295.04814613075234,26756000,12345400,26285300
2021-09-01,145.15447998046875,380.2578430175781,292.5379333496094,146.12836758797877,382.5271466312402,295.79450871358483,144.92805912279,377.03305113880157,292.20840404351725,144.96338375321193,377.8093910494116,293.54592448346756,15824000,11567200,18983800
2021-09-02,143.53912353515625,373.5195617675781,291.8788757324219,145.63519832037622,379.95921223777003,294.0208310183589,143.42716602701142,372.3052835678467,290.93873669374995,145.2614649620018,379.71038498679576,292.8965684775402,21844000,14832900,16285600
2021-09-03,144.09251403808594,374.4949951171875,291.8691711425781,144.69168114755996,375.3907671926716,293.2842155576034,142.82851184505822,371.3597472913604,291.01625793525244,143.46648137677406,372.99206872286544,291.7237653537304,19104000,7509600,14747900
2021-09-07,144.8330078125,380.3872375488281,290.93865966796875,145.1365779127811,381.16357745838457,291.82064798233654,143.85962134957455,371.3995972836299,289.0196348235346,144.06713457436024,374.11680215428953,291.74312387448725,15170000,10793800,17180400
2021-09-08,144.2005157470703,375.7988586425781,290.9677734375,144.86486488784743,379.08336647443883,291.3554531842151,143.52023559135034,373.03190060030323,288.31213611552937,144.70810613070714,378.3767055286841,290.55101844923297,15486000,11067200,15046800
2021-09-09,144.23036193847656,376.2268371582031,288.09893798828125,144.98279480234575,378.04823943366733,292.83840990404906,143.75313012266818,374.80355244505876,287.85663442395133,144.20050457627318,375.86854046444216,291.5590399856498,14798000,9098900,19927000
2021-09-10,141.25198364257812,376.9136047363281,286.6062316894531,145.33065747902066,381.98968721080746,290.68664347052106,141.07332543933606,376.48562911406697,286.28640411947555,144.75786992432174,379.5710630182037,289.23282263268345,32896000,11549600,19633400
2021-09-13,142.7886962890625,374.7438659667969,287.8469543457031,143.51127182900308,379.9592763068309,289.34925430375523,141.6117755037741,372.5939945109352,285.02653709658307,142.52594845038342,379.88959737494787,288.3897120041516,20176000,13026300,23652900
2021-09-14,142.72998046875,374.76373291015625,290.56072998046875,144.045238316429,376.81406721910173,292.1114785983669,142.2318363354815,373.3503806283047,288.9227556349355,143.48141102178167,375.62964696424973,290.3378000689103,18916000,8711600,21853400
2021-09-15,144.521484375,372.166015625,295.43585205078125,144.8952177700859,375.78892518392354,295.9204591056859,141.58539387943526,365.945333355727,292.5282097213536,143.0813146055662,375.23155448255073,293.9238804057243,20648000,17940300,28356300
2021-09-16,143.69290161132812,371.30999755859375,295.8236083984375,144.51549768544044,371.8076520913613,295.910834141544,142.74026048630427,367.97570611416654,291.50092063095605,144.43687533012465,371.04127504569124,294.40856371347337,20292000,11934200,19550800
2021-09-17,140.796630859375,363.0091247558594,290.6382751464844,143.5694929400111,369.66774485550087,295.1257418986499,140.39651790046625,359.8938025108812,290.308745847756,143.12061498030312,369.66774485550087,294.8059142074956,60040000,26299000,41372500
2021-09-20,138.3616485595703,354.0314636230469,285.2397766113281,138.70552455221255,359.3364478302785,289.52371713134244,136.40690269369733,348.15911555715337,280.60693311638306,138.34492783051942,357.61455213009725,287.20728059483235,34918000,19822800,38278700
2021-09-21,138.98817443847656,355.8031311035156,285.7242736816406,140.14778199066006,358.35112013499145,288.379940139043,138.2506703530198,353.5238646116944,285.0167663957792,139.45646113332148,356.818335516636,286.5868883340178,18130000,11751900,22364100
2021-09-22,140.27410888671875,341.6000061035156,289.38800048828125,140.91605735778592,348.19890987911134,290.9775261806469,138.81427219920204,339.0918382649235,285.4433206601765,139.39029452139525,345.6011678721146,287.5949776473581,22068000,43692900,26626300
2021-09-23,141.15792846679688,344.337158203125,290.33782958984375,141.58186961257056,348.0297771604864,291.6365731856919,140.43135879829953,341.3910515112491,288.37032576939185,140.94194096992447,343.7399666153922,289.6496957275967,17272000,21806300,18604600
2021-09-24,141.96060180664062,351.3043212890625,290.1342468261719,142.229834403859,352.687815635371,290.5703754244453,140.18650356984818,340.76400066915505,287.7887356892116,140.28155810651276,341.6299147998427,289.04873176637994,14950000,18801900,14999000
2021-09-27,140.83395385742188,351.92138671875,285.11376953125,141.82823740134427,353.48402933337866,287.34295047966873,139.83766564834295,345.4518774123901,283.9216253531589,140.91804348599524,348.1690822558539,287.02312279085345,18844000,15205800,23571700
2021-09-28,135.54200744628906,339.0520324707031,274.7916564941406,138.94837371302992,347.9600608981267,281.8281625147568,135.0602803702202,337.33016719968083,274.0453720530144,138.43281032152973,346.3377022356965,280.8783217530792,42190000,21710300,43186200
2021-09-29,133.88685607910156,338.01690673828125,275.25689697265625,136.7507938020376,343.6105693594989,277.9416102844579,133.6171374771324,337.2903505394969,274.29738415594045,136.46335213652688,341.54030943488596,276.3230387568277,26338000,14452200,26353700
2021-09-30,132.6372528076172,337.7979736328125,273.24090576171875,134.95078791652043,341.19195097053165,278.9689361892325,132.37300153154087,336.56376968103655,272.9501237277574,133.69175208085628,338.8529988601151,276.9142066260927,35294000,16547100,32343600
2021-10-01,135.81919860839844,341.4010009765625,280.1998596191406,136.42483531421783,343.4015517117851,281.05277293433414,132.74875005379187,337.05150485459825,272.6302983139076,132.9249176053229,340.00754386818494,273.43473316733105,28388000,14905300,30086300
2021-10-04,133.1343994140625,324.69970703125,274.3942565917969,135.0602749346136,334.3641501375341,278.8914253103499,130.5481538555014,321.18626703229666,271.6223177870567,135.05977376838186,333.9560697510419,278.5521943769814,31530000,42885000,31350700
2021-10-05,135.53504943847656,331.3981018066406,279.8703308105469,136.71446079564365,333.60768917278125,281.45982688238934,133.36831009840782,324.6300122321243,275.3053101600691,133.36831009840782,327.0386431890316,275.3053101600691,24126000,35377900,24993000
2021-10-06,136.7064971923828,332.074951171875,284.08642578125,137.2021506415427,332.8114702048413,284.5904362119832,133.85250710648745,324.27170089939403,276.7204198171607,133.99085937299006,328.1932212833495,276.98209706368044,19764000,26443000,28002600
2021-10-07,138.52935791015625,327.6756591796875,285.7728271484375,139.49373849354484,337.25052774673,287.5077289354926,137.90979490674025,327.4367947183731,284.87146499587226,138.20838369510582,335.4191626696661,286.0926548361611,18250000,28307500,20430500
2021-10-08,139.395751953125,328.50177001953125,285.7728271484375,139.65552313416876,331.83606171861595,287.5077289354926,138.7720581289154,327.16805941478225,284.7163871667097,139.24646515337872,329.95494323578305,287.10064593668193,18924000,15946100,17685700
2021-10-11,138.1929473876953,323.9233703613281,285.1719665527344,140.10006719459753,328.90984847654573,288.7968189817896,138.15214030581612,323.7840125026073,283.73751857757367,139.14095649530464,326.09313698727885,283.9022980416564,16584000,14708200,19298600
2021-10-12,136.06851196289062,322.25115966796875,283.8634948730469,139.0364642109256,322.8583139068322,286.34468116686594,135.60769716538297,315.8811886237318,283.34981246639074,138.97922494744452,321.51464078338415,286.2477538192174,22536000,31658700,17974100
2021-10-13,137.2499237060547,323.0176086425781,287.1878967285156,137.89686867282884,325.4660604087046,288.12803581492204,136.33078468215496,321.1464227625839,284.45470520992285,137.10063689126116,325.43620235208436,285.8310025775358,16380000,14761500,23416300
2021-10-14,140.74537658691406,326.9888916015625,293.42962646484375,140.98374951124026,328.9695469555759,293.93360724782497,138.68215079644133,325.56560690369787,288.6610791409722,139.29225244583967,326.81967569282114,289.99859959442665,21426000,14302200,27262900
2021-10-15,141.0071258544922,323.2366027832031,294.8446960449219,141.52964485106753,327.52638270361007,295.07732760746717,140.39949971216296,320.9971572406713,291.2682926433192,141.52964485106753,327.13819756318094,293.0322699004175,21250000,21596400,25384800
2021-10-18,142.28656005859375,333.76690673828125,297.8298645019531,142.3246335093071,334.3143448970617,298.72152507618847,140.54780160401805,325.9636880494477,293.3714728965588,140.54780160401805,327.4068982073733,294.2243861957909,16564000,21585000,22729300
2021-10-19,143.14401245117188,338.3951110839844,298.7408752441406,143.4276573857957,340.85352562989857,299.7779118606722,142.42142177871906,335.69783208807735,297.7619595297934,142.61601098187455,338.0567096550207,298.8571762046438,15316000,18786300,17682100
2021-10-20,141.74362182617188,339.1814270019531,297.9461975097656,143.56774550029272,342.3664282071074,300.1657067322901,141.24300229778405,337.8576792905546,296.68620106298033,143.54261125325104,341.8389156097861,299.69077157075975,17940000,13639500,16537100
2021-10-21,142.107421875,340.2762756347656,301.1930847167969,142.17609684563178,340.7042512524541,301.4450603546553,140.96930357024203,336.21539754880064,296.9285175767063,141.521695146268,338.68377502016017,297.7136084741916,14850000,16354400,16918100
2021-10-22,137.9715118408203,323.0872497558594,299.64227294921875,140.8911852990357,328.08372052774797,301.5128493022275,136.52387015871884,319.6036681497027,298.3241262243866,139.68937328802986,324.81910812324077,300.8440891216271,30182000,35224500,17449300
2021-10-25,138.11880493164062,327.14813232421875,298.6440124511719,138.5495649598508,328.01404633317867,299.87490398656814,136.10385822938275,318.2202089785061,297.0254115262291,138.1561342275559,318.79747485967215,299.8361271319988,21082000,38409000,17554500
2021-10-26,139.01356506347656,314.3285827636719,300.56304931640625,140.17555706391943,328.6610285642443,302.7825584703667,138.35020314354995,308.14772139721987,299.0995557540079,139.94316777594514,326.7201939307644,301.42566428950164,28258000,65654000,28107300
2021-10-27,145.7372283935547,310.7554016113281,313.2210388183594,148.41503581517193,317.75242321611404,316.06082998556684,139.24297892635664,310.596148513885,306.2717583750526,139.24297892635664,312.71616171036374,306.2717583750526,51850000,29971800,52588700
2021-10-28,145.44012451171875,315.433349609375,314.36468505859375,146.72951903774012,323.99298292596797,314.8686658800546,144.0810678730162,306.6646491535005,311.4667139954873,146.60460713959253,311.5217620560489,314.3452818413346,32418000,50806800,26297900
2021-10-29,147.57151794433594,322.05218505859375,321.4107971191406,147.91241730770236,324.4707789739673,321.7791032348523,144.48216207521813,318.10080656592766,313.92846257164115,144.83399597512056,318.6880353123913,314.15139247801113,28954000,37059400,34766000
2021-11-01,143.0962371826172,328.4320983886719,319.23004150390625,147.69993564061997,331.88582208217764,321.284770651311,142.90265030854982,324.47075734882367,316.32239922103537,147.466528825876,324.51057821652677,321.1587680865626,32272000,31518900,27073200
2021-11-02,145.17538452148438,326.541015625,322.8743591308594,146.2278944337264,333.21956195362407,323.18451480044746,143.9591451078589,322.2810936380869,319.8407136897348,144.12674725768434,329.82555407541145,320.1411677515006,21150000,28353000,26487100
2021-11-03,146.0980224609375,330.06439208984375,323.717529296875,146.21796827205685,330.5919046870114,324.5898161248756,144.36971236435443,321.68390664997906,320.47065594669675,145.58545078822434,325.9537607315269,323.6206019653041,17886000,20786500,21500100
2021-11-04,147.9821014404297,334.27459716796875,326.08245849609375,149.24312705411245,335.6879192065325,326.1793858408279,145.94375165820463,331.08959561370864,319.3658105568457,146.50609065696955,332.44323190531827,322.6417595935785,24700000,22495300,23992200
2021-11-05,148.53746032714844,339.5297546386719,325.71417236328125,149.86094940683304,345.1632070677836,328.3601381890695,147.95123243674595,338.0467539895054,324.12467620856967,148.64943302826856,338.71359399138566,328.0887593539688,20408000,26872800,22570100
2021-11-08,148.64744567871094,337.03155517578125,326.6155090332031,150.32251053593515,343.1726255525767,327.2551940040051,148.41703067183127,336.7528698488823,324.14402446343985,149.2928871361579,342.8043660535769,326.915963092176,18388000,18342500,20897000
2021-11-09,148.544921875,333.7967834472656,325.6075439453125,149.66958453628757,339.708921496221,328.2922568095031,146.81163075089745,332.90101139805864,324.2312466755597,149.0400741457261,338.40506910110867,326.7318064632748,16876000,17556700,21307400
2021-11-10,145.93479919433594,326.10308837890625,320.6160888671875,147.9990120919586,331.62704173879837,324.32819631868085,144.63992213861974,323.98307513420957,319.7632051014801,147.31201939298745,330.93031321844114,324.2700458250661,22708000,21872600,25500900
2021-11-11,146.05621337890625,326.2026062011719,322.1958923339844,147.80218561484364,330.9004665335805,323.4946359050316,146.0029682572251,325.4660871610513,320.335017501288,146.41351457051854,328.2728662117516,321.0522265953406,12464000,12376600,16849800
2021-11-12,148.94004821777344,339.29095458984375,326.35382080078125,149.1530438949404,340.2563753168981,326.84812952926194,145.76359546591013,328.2330540126251,323.5140301700109,147.1346042182754,328.63117160227716,323.6400327539822,17048000,25414300,23831000
2021-11-15,148.6837615966797,345.9296569824219,325.7238464355469,149.7676323720757,351.9910862579114,327.4781218959433,147.9517247303142,341.59012352716536,323.74664104520605,149.29287604496372,342.72476020032593,327.14859259389846,16248000,25076600,16723000
2021-11-16,148.37322998046875,341.3511962890625,329.0579833984375,149.12616393141388,345.02388925345036,330.1822756278537,147.65065455483602,339.2710039402352,325.18112588103355,148.46728218019854,342.2171103356474,325.3458757618009,17254000,18181100,20886800
2021-11-17,148.3592987060547,339.1714782714844,329.28131103515625,148.92065050631604,345.67084561746344,332.2622500867063,147.86265810404328,338.504638170007,328.1938096614522,148.52551885739143,342.62520213677027,329.1065403784231,15290000,13602800,19053400
2021-11-18,149.99853515625,337.1012268066406,331.368896484375,150.89528868116975,340.85353101519553,332.51468426530346,148.29610368710667,333.7271145250758,327.33930424900313,148.44289984568738,338.12639391995214,328.3685486378301,26658000,17487200,22463500
2021-11-19,149.24560546875,343.6802062988281,333.155517578125,151.13416711023524,350.4483261320839,335.08780291493565,149.18090945658543,338.305543449234,332.27194500113376,150.28816803661073,340.594772512091,332.6991818854003,19766000,26488500,21963400
2021-11-22,146.38516235351562,339.4103698730469,329.97064208984375,150.0338807942777,352.1702095994419,339.5251843844504,146.31249324053547,338.9127153172373,329.6987667973751,149.43396955061166,347.4126332608795,334.62168013132515,24608000,27116800,31031100
2021-11-23,146.06517028808594,335.6679992675781,327.88299560546875,146.9977496127824,339.79852602282074,329.60166215005034,144.20646605289653,331.93559008372813,323.88253253331874,146.41949484757416,337.34011129208125,327.2712688443249,18126000,17225000,30427600
2021-11-24,146.02584838867188,339.4601135253906,328.1063537597656,146.30701785221396,340.1767372803542,328.3491006081897,144.51451316484923,331.24881358804356,324.2224041849806,145.66008813373253,334.42385199377156,326.52363956689135,16464000,13566200,21661300
2021-11-26,142.13278198242188,331.557373046875,320.1151123046875,144.6120362071691,336.16565918592676,328.12575818913723,141.81379726121764,330.3430946913893,318.6003743625662,144.33186908963074,334.2247942296062,324.64963640713665,16992000,14750700,24217200
2021-11-29,145.42520141601562,336.4443359375,326.863525390625,146.16967635756464,339.07196655746384,329.1938894536679,143.6182539237073,333.7370939537903,325.02834480045965,143.6182539237073,335.3096993511872,325.2225541524577,26276000,16650900,28563500
2021-11-30,141.78045654296875,322.9379577636719,320.9986877441406,145.93726633862408,334.2347212729011,327.9800887972131,141.39627462335028,321.91279068284473,319.4451021387063,144.7645828074868,333.4285233925623,325.591468337764,41590000,25390000,42885600
2021-12-01,140.95037841796875,309.1430358886719,320.5035705566406,145.80851691875938,328.94968240005323,329.4366682343838,140.8329384617755,308.83449247431724,319.8336163813901,143.5326450766273,328.7406759781026,325.4070756637348,28476000,30329600,33337600
2021-12-02,143.09872436523438,308.93402099609375,319.9306640625,143.99298726762706,313.1242640039096,323.8146140888413,140.31738814135184,305.75898238434195,318.2896928057958,141.15542929819978,309.93926258086293,320.71716157225916,21250000,24396200,30766000
2021-12-03,141.8486328125,305.400634765625,313.63861083984375,144.52844488460605,312.2782241601873,323.0474799549605,140.484594860374,298.09506975609906,308.803083517169,143.8143284858745,312.25832891335966,322.3580576508924,26688000,27471000,41779300
2021-12-06,143.11862182617188,316.37890625,316.7264099121094,143.6710133953138,318.5984565303587,317.9498636247727,139.98397849653898,304.90299327018903,309.9683453175888,142.89718225644546,306.684605106222,314.55140742931803,22198000,21758300,30032600
2021-12-07,147.338623046875,321.2957458496094,325.203125,147.6008848603881,325.00825993202096,326.05756905237325,145.01562639062507,319.4942387092712,320.522958448242,145.26195719236128,320.061572217402,322.01828739621885,23258000,18794000,31021900
2021-12-08,148.01942443847656,329.00933837890625,325.2516784667969,148.45335852964553,331.1890675040783,325.76630064765925,146.50608442108935,321.554483739275,321.2026476232676,147.63225068282398,323.4754228063875,325.581810655257,18964000,19937700,24761000
2021-12-09,147.40780639648438,328.2728576660156,323.4359436035156,148.89973281365036,334.55325571472747,326.72757583430194,146.8335306015912,326.4613877975214,322.48436518172974,147.47746850763832,327.99417233043374,324.707934863553,18580000,16879200,22214200
2021-12-10,147.97412109375,328.2031555175781,332.60205078125,148.6956941951279,333.4583860270374,333.0486967130661,146.66282717702458,324.83900610680064,325.07689801295186,148.39712060109912,330.9999714864247,325.26138799978173,21634000,14528000,38095700
2021-12-13,146.01290893554688,332.9209289550781,329.55316162109375,147.8621517160775,339.48997504686696,333.8158110995046,145.6700352741304,328.0439204719581,329.24243849989546,147.74421058773623,329.3975566337777,330.7960244736991,24104000,22948700,28899400
2021-12-14,144.28707885742188,332.1744384765625,318.81402587890625,144.7563526909153,334.1252661184989,324.931264787045,141.571927278993,326.11300990025524,314.7067381676782,144.08752357677128,326.5111274523815,323.552449526195,24778000,20461000,44438700
2021-12-15,146.67379760742188,340.05731201171875,324.9410095214844,146.82183910312324,340.50518288372535,325.4653511468765,142.03278480096245,322.4602543483379,315.0854908496964,143.68544910597015,330.93031416613354,319.07623584779236,27280000,24681300,35381100
2021-12-16,144.15570068359375,333.3290100097656,315.4738464355469,147.85119424013806,342.8441625328403,326.9897740911703,143.4132153034411,332.17444781404896,313.64838511563244,147.3789285852678,337.38988812910327,325.97021939286674,27400000,22635000,35034800
2021-12-17,142.1298065185547,332.2242126464844,314.4057312011719,143.77909925836724,335.52861557154176,315.49326205953525,141.11959193513306,329.19846466296036,308.0457751201241,142.0417227442369,331.2388360432268,311.57046438037884,43404000,40012600,47750300
2021-12-20,141.73019409179688,323.9233703613281,310.6285705566406,141.93820845767448,328.3524777905111,313.43470862429666,139.5888322167068,321.01705432035544,308.3564636852517,140.01640295898017,328.23304555413574,310.7644933785959,20264000,17901800,28326500
2021-12-21,143.54063415527344,332.63232421875,317.79449462890625,144.00995361347304,334.4238685074129,318.2217314826185,141.06684693247522,322.2313316347468,310.52177839106776,142.4751697916547,324.87885757202804,313.9105447822028,19548000,16116800,24740600
2021-12-22,146.2562713623047,328.89990234375,323.5329895019531,146.6085912683666,332.9408548364397,323.93106823006343,143.28434004038715,326.72017299739485,316.29912205638647,143.4207028334614,332.23416350993966,318.7751278896037,18438000,16764600,24831500
2021-12-23,146.4488525390625,333.6673889160156,324.9798278808594,147.87221034748785,335.0907039109957,326.6305185809292,146.25810561382727,326.8196579416395,323.0767005658128,146.3960933974807,328.55151630542827,323.0961096493684,13818000,13987700,19617800
2021-12-27,147.36599731445312,344.55609130859375,332.5146789550781,147.7267914671535,346.23816609001614,332.5438073945915,146.55583926124967,336.4244331043662,325.69832778706945,146.76833375906438,337.2604890897512,325.7274562265829,13256000,17795000,19947000
2021-12-28,145.75762939453125,344.5959167480469,331.3495178222656,147.67504612585356,351.055463067194,333.8352437026062,145.2475484016603,343.58071240398834,330.4465064678382,147.67504612585356,345.0039971227118,333.1943883320542,18624000,16637600,15661500
2021-12-29,145.81385803222656,341.33135986328125,332.02923583984375,146.48990096865066,348.0496973645204,334.3110330914511,144.8185721761895,340.0374699757768,329.8250749291954,145.73921463039517,345.2827388382465,331.39807016716134,17022000,10747000,15042000
2021-12-30,145.31422424316406,342.74462890625,329.4754638671875,146.36922481062703,345.6011915528505,333.1749236274577,145.07137121624086,341.60999232095827,328.98997014922884,145.75960919223394,342.38633220808106,331.99031777035117,12978000,10593300,15994500
2021-12-31,143.99746704101562,334.7721862792969,326.5625,145.6750224757932,341.828923403355,329.51428045591985,143.9954775627205,334.69254455008445,326.1061347220108,144.85789362336376,341.41088026103967,328.6889648450792,17298000,12870500,18000800
2022-01-03,144.39060974121094,336.95196533203125,325.0380859375,144.86387782409506,339.4800286823342,328.19379550970876,142.82602916697581,335.608291915867,320.2122765756348,143.79443440951312,336.71307048341737,325.6206844003455,25214000,14537900,28865100
2022-01-04,143.73570251464844,334.9513854980469,319.4645690917969,145.91885874125447,341.48061106214226,325.47498337685073,143.13817563356898,330.31324123539184,316.6584013250783,144.86435933884624,338.3553561401792,325.1156931532872,22928000,15998000,32674300
2022-01-05,137.0045928955078,322.64935302734375,307.2010192871094,143.61777087671226,334.18498144796365,316.6098902048438,136.8752008669586,322.3208840261547,306.8126302270797,143.501318051018,331.4578139547363,316.4059615017749,49642000,20564500,40054300
2022-01-06,136.90257263183594,330.9004821777344,304.7735290527344,139.0275178550815,337.57902865924433,309.45369542016715,136.11879405817612,321.20618046384953,302.4528549493808,136.84932750638782,321.30571745694516,304.06469758500975,29050000,27962800,39646100
2022-01-07,136.358642578125,330.233642578125,304.9288635253906,137.60299288950893,335.41919492057417,307.31748401408174,135.14887274002535,327.3372892085088,301.0934517930375,137.25489494126603,331.17916807802305,305.0356579061824,19408000,14722000,32720000
2022-01-10,137.92076110839844,326.5310974121094,305.1522216796875,137.98644427120655,326.79981996203867,305.5891778942772,132.51287268196174,313.9503745105473,295.8501747506654,134.462136338088,323.7840342929044,300.5109027560878,34096000,24942400,44289500
2022-01-11,139.35743713378906,332.8015441894531,305.8416442871094,139.66796279298438,333.0603343104806,307.42432897382355,136.16854652192146,323.75418688436287,300.899321615518,137.5290914542016,325.2471507375017,304.2880584070521,23502000,16226800,29386800
2022-01-12,140.98023986816406,331.6967468261719,309.0361328125,142.14100166724262,334.7921437941904,314.0270220084163,140.44677116766908,328.4818872421152,307.8806554969375,140.8871899997457,333.60772344082346,310.3955388064669,23642000,14104900,34372200
2022-01-13,138.47511291503906,324.94854736328125,295.9570007324219,142.51050378513614,334.05562015485253,311.57049751795563,138.2591406229541,324.2319235489765,295.1802225260185,141.1718430961465,333.4086752720112,311.1723890567124,26566000,14797100,45366000
2022-01-14,139.12753295898438,330.34307861328125,301.2002868652344,140.5348686943984,331.16920216194916,301.8022942791712,136.85181269653864,319.7032220847541,294.9374066247737,136.85181269653864,320.28051836264154,295.42290029823016,23826000,16868500,39846400
2022-01-18,135.64801025390625,316.6576232910156,293.86932373046875,136.74381796810013,322.68919475374526,300.8118775497677,134.9776927306703,316.1500362417862,292.98572166151314,135.95606047460763,321.77352727806647,295.2481388440062,27382000,22645600,42333200
2022-01-19,135.01251220703125,318.0908203125,294.5296630859375,137.74707290271272,325.5656011075061,304.8027287466342,134.86123592238502,317.8320302358874,293.91796577357485,136.29296169878677,318.08085750203884,297.4038077894837,20796000,20814700,45933900
2022-01-20,132.87713623046875,315.0750427246094,292.8497619628906,137.26187053763397,326.2822327844562,302.6081720203848,132.51684322341626,314.49777681784406,292.40311612271,135.8704658414132,322.3806077915642,300.10303794125576,21930000,16925000,35380700
2022-01-21,129.47872924804688,301.7478942871094,287.4414367675781,134.12522429110854,316.81685931889024,295.2870029567207,129.38817001567028,301.61849923516417,287.0336089676001,132.3849622689666,313.333277225582,293.9082172607986,41920000,28710700,57984400
2022-01-24,129.7574005126953,307.2618713378906,287.77154541015625,130.16199356466964,308.07803210989107,288.4900666398452,124.05437130021804,287.654299808725,268.0410733422131,125.43338345811094,296.4428660138379,283.72254434338123,55148000,38878100,85731500
2022-01-25,126.13805389404297,298.7420349121094,280.1201477050781,128.72878755048367,304.7935315459782,286.43156585377636,125.78224100389522,296.1840831100483,276.89649203266447,127.83004449589093,298.54299130702105,283.06223836449163,36008000,25108500,72848600
2022-01-26,128.63075256347656,293.2479248046875,288.10162353515625,132.18142461234768,306.067510864367,299.5495717037626,126.5540865100089,289.48565762407924,284.5283975062964,129.97687003359317,305.56985631468643,299.05435871556904,39630000,28348800,90428900
2022-01-27,128.51229858398438,293.2579040527344,291.14093017578125,131.98480356276679,300.2947166950727,298.38448966704834,128.33713338785543,292.8796817138699,289.28634022908506,130.7417290323743,296.35330094552285,293.8791224299939,30248000,21629900,53481300
2022-01-28,132.66116333007812,300.294677734375,299.3166198730469,132.74177516926142,300.4837888792717,299.5302383109327,128.0878234604517,291.6554026784193,285.907284705517,129.38716542070122,294.2332494108696,291.519591338495,30518000,21871600,49743700
2022-01-31,135.0587921142578,311.79052734375,301.9577331542969,135.2031128080087,312.3180399330912,303.3171098617305,131.6504363679538,297.91591655116565,297.4814649297381,133.56536224354517,299.26952229950456,299.9866295204706,34056000,21579500,46444500
2022-02-01,137.22850036621094,317.50360107421875,299.8021240234375,137.5484874072447,318.160508721372,301.6178659923273,133.93386397884223,310.6558696456884,296.27743449220986,137.1852178286245,313.08442626567705,301.4042475470351,51204000,18023800,40950400
2022-02-02,147.338623046875,321.4848327636719,304.3656921386719,151.38297387838952,326.4613781624903,305.9775347257443,144.87130569957085,315.3835832448128,299.91858303048053,151.1475776128586,326.2822298179943,300.64682355662984,89750000,58458300,36636000
2022-02-03,141.97802734375,236.64468383789062,292.5099182128906,148.41474907406587,246.83665438976746,302.2003819386154,141.53463185343347,234.6441180338213,291.2573363241968,144.61006160963422,243.50236286244046,300.51084392088086,56930000,188119900,43730000
2022-02-04,142.34181213378906,235.97784423828125,297.0638732910156,143.85389158382364,241.4719550338503,299.8408828984907,139.15838866090303,229.03059057925435,291.2670776055158,142.3427992795155,233.86779368668977,291.5001050880501,49224000,89342200,35096500
2022-02-07,138.2830352783203,223.85498046875,292.21868896484375,143.16838917138665,237.1821691355087,298.90877717897297,138.0451635287187,222.95919313784003,291.1991343489562,143.031540398121,236.58497758156872,297.28724470910936,44610000,88613800,28533300
2022-02-08,138.55673217773438,219.1471405029297,295.72393798828125,139.17788983495308,224.7109296642567,296.694925446775,136.22776683788652,215.13604622510545,291.2477000280742,138.33603676503782,219.8140109347167,292.5099718712418,34256000,94729700,32421200
2022-02-09,140.78619384765625,230.91171264648438,302.1809997558594,141.5052916294116,232.27528126211837,302.8801119137957,139.71526209948217,221.1676431788184,298.47185017143323,140.18578137032367,223.14829858041023,300.8798801126251,28628000,86563300,31284700
2022-02-10,137.94911193847656,227.00015258789062,293.607177734375,140.76428464107363,233.897637326421,300.1516233945271,137.39922617971627,225.6365688004285,291.97592599753574,138.84238774615775,227.19921136944953,295.21902039060336,33018000,49310400,45386200
2022-02-11,133.49769592285156,218.52012634277344,286.4801025390625,138.62664677621441,229.33913191478965,295.4617351032537,132.6601559548538,217.74378642280095,285.6838858378648,138.09591169014544,227.38833449078115,294.393643142157,38808000,46156900,39175600
2022-02-14,134.6621856689453,216.67877197265625,286.4413146972656,135.52460175407498,219.96329479665474,288.15026219267463,132.67360334195214,213.77247143853222,282.89721622151654,132.73679585661614,218.2812201123737,285.2469893955168,26792000,38184000,36359500
2022-02-15,135.78237915039062,219.96331787109375,291.7525939941406,137.24991553166694,220.1126081658047,292.0730068075683,134.90055428928034,214.05117920514752,288.40267551101897,136.82343820884427,219.43580524683236,291.30594807378594,26578000,42685500,27058300
2022-02-16,136.83935546875,215.5242156982422,291.41204833984375,137.29569010688851,216.43991339193468,292.7450469485756,134.18806458559828,211.36383114571416,285.7492094226368,135.78733160516074,211.4135996358165,290.3125590659392,25610000,45817500,29982100
2022-02-17,131.68478393554688,206.73565673828125,282.8788757324219,136.19441489911532,216.47972599855586,288.78493341445846,131.57877967167903,206.18823370406102,282.1685786207332,135.508166378858,213.01605463499817,288.35681319555755,30968000,38747500,32461600
2022-02-18,129.85244750976562,205.19293212890625,280.1545104980469,133.19313057952024,209.761397351561,285.92436510715385,129.69275771979932,204.21751825506487,278.5782629704892,132.41033927813902,208.40777633886196,285.13624134337505,31858000,37128400,34264000
2022-02-22,128.79246520996094,201.13206481933594,279.9501037597656,131.27894837207833,206.50672788629166,283.66695153621816,127.13879884935457,199.12153618422826,276.81705888273973,129.3722234323192,201.39083971802836,277.3035563500204,38906000,39852400,41736100
2022-02-23,126.98355102539062,197.5190887451172,272.7013854980469,131.12791539006875,205.96926850948455,283.822744485048,126.90243801867643,197.12097117821287,272.53599292328806,130.4605896780245,203.20231041402806,282.34377260648654,26432000,44481400,37811200
2022-02-24,132.04803466796875,206.6261749267578,286.6346740722656,132.40983111736546,207.37265675064464,287.1892885046201,124.17633077094153,189.32769793464607,264.1876659850067,124.41071709935375,190.16375393246855,265.15095149737476,43166000,49957200,56989700
2022-02-25,133.88536071777344,209.49264526367188,289.28125,134.75076860095928,210.32871641063437,289.5926156436693,131.1438444032847,202.22688613791982,283.7740926631301,132.8960432649029,203.9786397913547,287.1698666833158,26236000,37627600,32546700
2022-02-28,134.25511169433594,210.0400848388672,290.72125244140625,135.00107492479896,212.15013533807485,291.0618067098429,132.19909980273974,205.8597895233449,285.08760175802655,132.6561786387756,206.70579317292714,286.3622231310244,29676000,34239800,34627500
2022-03-01,133.5355224609375,202.5354461669922,286.98492431640625,135.46935622694352,210.75669353845154,291.8693491597136,132.7497392347727,201.2713994078726,284.260520147293,133.84604814898742,208.8855076450031,288.3957494331579,24640000,27094900,31217800
2022-03-02,134.1162567138672,207.13375854492188,292.0833740234375,134.97618210956756,208.16887323228138,293.3288064467771,132.8034744336077,201.07233032286385,285.7686459191749,133.9736825017125,203.81937772129547,287.3837915033041,23966000,29452100,31873000
2022-03-03,133.67486572265625,202.0178985595703,287.9287109375,136.0693321511607,208.09923804854606,294.94399699904244,132.8020010269476,200.47516634597315,286.1091852345869,135.3374926240358,208.03952192974566,294.7104876867767,19780000,27263500,27314500
2022-03-04,131.49916076660156,199.12155151367188,282.03240966796875,133.56638068472472,204.9242058378436,287.6758003493623,129.79373736556602,197.8575046065067,279.41507957083144,132.75373191549508,201.42071328250708,286.34280150971523,24446000,32130900,32356500
2022-03-07,125.86832427978516,186.590576171875,271.3780822753906,131.282188009313,199.94762089510553,281.86696885975545,125.81408442209185,186.40146503523872,271.0083393654953,131.282188009313,199.84808392196754,280.7382909166113,39178000,38560600,43157200
2022-03-08,126.67849731445312,189.39735412597656,268.4007263183594,130.62779399578713,195.77728883812838,276.29170297461434,125.26742565490902,185.23696954984962,262.7086985771629,125.65534355102515,186.96881277964258,270.2980491031206,35250000,37508100,48159500
2022-03-09,133.2349395751953,197.56886291503906,280.70904541015625,133.5658763891628,198.16605446976786,281.77934580274973,129.47474956765626,193.01034526309815,273.1975231459316,130.78056114470036,194.82181517515326,275.78569329767595,32258000,31894700,35204500
2022-03-10,132.05653381347656,194.2943115234375,277.877685546875,132.90898733852603,195.3592844476633,278.8604201652107,130.78156671267752,190.1737321296863,273.0029702694113,130.84276975032068,193.92603679988673,275.37708084695583,24266000,24853000,30628000
2022-03-11,129.86041259765625,186.7299346923828,272.5067443847656,133.56735727638488,192.65202060438423,281.6918204908047,129.68225558105098,185.79434173932367,271.88401326881876,133.36780197861034,191.73633808508686,280.1836602719386,26600000,34694500,27209300
2022-03-14,126.14352416992188,185.7545623779297,268.9748229980469,130.40832778100926,191.38800095380654,277.6928525683312,125.81707508109646,184.94836434927802,268.3715706632459,129.95746036461753,186.1526799863065,272.769498727811,30254000,31010500,30660700
2022-03-15,129.0492706298828,191.12921142578125,279.39556884765625,129.901967097563,191.37803870881095,280.04748870402545,125.97134270046584,185.03792439712254,271.20296580090604,127.13931072888491,189.90498544569462,272.7792132914778,30292000,31721700,34245100
2022-03-16,133.06028747558594,202.67481994628906,286.4400634765625,133.1403981566218,202.77434175528228,286.61519548142235,128.59194908371893,193.60755240643826,275.5522451059325,130.38246456873284,193.78670077495403,281.30262045302413,32058000,40640300,37826300
2022-03-17,133.9659881591797,206.8650360107422,287.2475891113281,134.1043404463833,207.06409478975073,287.6270417260488,132.09335730013163,200.1666101395919,281.5555623429075,132.6925244556798,200.75383885319104,285.3697158614523,23994000,29499700,30816600
2022-03-18,136.15660095214844,215.47447204589844,292.3169860839844,136.2680724857268,215.78301543625656,292.8716005603134,132.30535058816045,205.03367414278475,284.82493969968124,133.25285862357657,205.7303874737888,287.3936319849258,45900000,52128000,43390600
2022-03-21,135.8351287841797,210.49794006347656,291.0812683105469,136.93392831950075,213.7028367789471,292.03481436405224,133.97692561158263,206.6560460920424,286.9362989616563,136.20239256628204,213.49381517262836,290.818570277496,26632000,30142300,28351200
2022-03-22,139.6162109375,215.63369750976562,295.8489074707031,140.83295156672966,218.430528670313,296.7635253012063,135.8565221827463,209.19404680393862,290.70175473409813,135.8565221827463,210.3784669918694,291.70393856622957,29776000,31998800,27599700
2022-03-23,137.8505859375,212.4586944580078,291.40228271484375,139.36491319067173,215.7830233211375,295.041304451988,137.51518416053713,211.16478954617054,289.6800921382554,138.48260225400833,212.32929941066044,292.39475668563443,25302000,23717300,25715400
2022-03-24,140.6458282470703,218.5400390625,295.8878173828125,140.72993305890722,219.63487002372491,295.9851228320078,137.38865755203653,213.78244731610042,290.26390686339175,138.6159529942496,213.99146892160664,291.0617699759575,20544000,31502300,24484500
2022-03-25,140.85435485839844,220.77947998046875,295.47918701171875,141.2902936112914,224.44221031346072,297.25004547288074,139.04093773013886,217.8632163127484,291.2077533537051,141.08575701056114,219.4756122542055,296.9873474480325,19270000,40039000,22566500
2022-03-28,141.2808380126953,222.54115295410156,302.3096008300781,141.30721758576396,222.98903900145544,302.40687658897764,139.16899904193733,218.51014815349424,296.1115968672068,140.0213007231034,221.0880102060458,296.1115968672068,23774000,26224100,29578200
2022-03-29,142.57470703125,228.78175354003906,306.8924865722656,143.4829115015674,229.80692071243064,307.2914182545444,141.81231158269637,224.23318359942581,300.7042203091239,142.48563611023712,225.0095386805417,305.4329934537419,28678000,31417900,30393400
2022-03-30,141.9720458984375,226.78118896484375,305.3843078613281,142.80410336854544,230.06569690959634,307.4178942834838,141.497790757229,225.64653717604276,303.16587963971097,142.19647725737113,227.83621420161512,305.2870320805995,21046000,25588000,28163600
2022-03-31,138.99118041992188,221.3169403076172,299.98419189453125,141.9720567564034,227.4181901772471,306.6297667171032,138.96082189232544,221.21740331903376,299.5755504787147,141.7769815753248,227.37836930692887,305.42323229994923,29516000,24192300,33422100
2022-04-01,140.03672790527344,223.79525756835938,301.0641784667969,140.28554938882468,226.2138513953719,301.7549967231003,138.14269889397616,221.65533388760468,297.2889524574944,139.34997818077468,223.49666180043877,301.0155108922393,23480000,19544800,27110500
2022-04-04,142.96534729003906,232.79286193847656,306.4643249511719,143.36470087129743,233.25071084057373,306.6005288499604,140.16062342555867,224.80053049175748,301.3463602694202,140.16062342555867,224.91996273264687,301.71610322728264,19076000,28054800,24289600
2022-04-05,140.39801025390625,230.75245666503906,302.4847717285156,142.913090408453,235.74891256840743,306.3670133210519,140.279066792075,229.9363111054611,301.5020370122259,142.7234976891602,232.98195450257984,304.8102149635358,19256000,29727200,23156700
2022-04-06,136.5293426513672,222.25253295898438,291.41204833984375,139.18924500457672,227.91584436902596,298.709511987753,135.77502657051096,220.37139930067923,288.69738354865393,138.50548706887457,225.84559954505218,296.9483931362007,23574000,28995100,40110400
2022-04-07,135.82168579101562,221.90414428710938,293.2315673828125,137.05236797566872,224.46209577353508,295.4499953169675,134.22152255016007,217.5347382708939,288.3471420233765,135.97396441120316,222.87954288007307,288.648768168859,19448000,21037200,31411200
2022-04-08,133.37875366210938,221.28707885742188,288.950439453125,135.60769828723264,224.0739474357174,292.9883643451607,133.12197428430505,218.99786483999299,288.27907026482814,135.60769828723264,221.33684735095093,292.3267346125808,16434000,18375700,24361900
2022-04-11,129.1846160888672,215.44459533691406,277.5566101074219,132.31250118939312,219.5751216602391,284.7081008112232,129.00645906753164,214.2104066951137,277.303621862764,132.27348615335092,217.39539249484497,283.9102673434165,24188000,20516600,34569300
2022-04-12,127.76931762695312,213.135498046875,274.4430236816406,131.79922595486738,220.98848653242345,282.888614889522,126.97458182866812,212.13024128563168,272.9154140915164,131.79922595486738,219.2068898590888,281.42912208981386,23004000,20128800,30966700
2022-04-13,129.67181396484375,213.9815216064453,279.8528747558594,130.03982189745568,215.5939175844612,280.78694183396783,127.83312593210778,210.33868643879734,273.70353796361,128.0201368962124,210.82639339420786,275.0949436670491,19542000,19231800,21907200
2022-04-14,126.65311431884766,209.19406127929688,272.27325439453125,130.09406896896476,213.9815108517496,280.5242650057642,126.51228658902575,209.01491292950467,271.7770469964598,130.03361008916093,213.8819738659461,280.31020485779595,23484000,18379500,28221600
2022-04-18,127.35778045654297,209.78131103515625,272.9446105957031,128.10524723095722,212.379068489933,274.8322237129934,125.98175241200714,207.32289625205593,270.823488125662,126.80938301609235,209.01491874732997,271.3781025319031,14918000,16580800,20778000
2022-04-19,129.91566467285156,216.2906036376953,277.59552001953125,130.28664921622865,217.4053448952964,278.4420507901121,126.85067596859626,208.0195879993495,270.8915984998425,127.47322320514388,209.53246198267283,271.8354050361262,22720000,20089900,22297700
2022-04-20,127.64093780517578,199.47984313964844,278.6268310546875,131.30159318507793,213.15539530786995,281.8766604511875,127.29114650395485,197.9868795260212,277.6635755165915,130.66511197660427,212.60797227876438,281.58474413814736,22610000,43036500,22906700
2022-04-21,124.34852600097656,187.1877899169922,273.22674560546875,129.69320616069407,202.0178894471708,285.3794446334665,124.06238283751892,184.70946478807872,272.4969992966275,128.7402308929624,200.6543208386935,280.7869066754208,30158000,49954100,29454600
2022-04-22,119.05011749267578,183.24635314941406,266.6299133300781,124.86060120061222,191.81596483389984,275.5522937131166,118.57885414826217,182.4102971770767,265.997472294218,124.4107285435953,189.47698244880127,274.07332178419426,46410000,36426800,29405800
2022-04-25,122.66898345947266,186.11285400390625,273.1391906738281,122.69685134233372,186.30194997557484,273.5186433291978,118.20935526541926,180.80785468050712,263.45787737372405,118.86649057408276,181.8728275197423,265.909844074546,34522000,29281100,35678900
2022-04-26,118.942626953125,180.10116577148438,262.9228210449219,122.17133751577673,186.31189958023248,270.842988246751,118.60010258551252,178.65797071678531,262.7087608668474,122.17133751577673,185.75452895391095,270.006226446482,49394000,31747400,46518400
2022-04-27,114.47827911376953,174.12933349609375,275.57171630859375,116.9460902574276,180.3599785214252,283.11242950747317,112.59097040034956,168.2072470658338,271.6213579631091,113.83383242122194,173.6117684834717,274.4819663779026,62238000,71062900,63477700
2022-04-28,118.84857177734375,204.76495361328125,281.80859375,119.87073074018336,207.55182235832098,283.1221431584585,114.60108900156129,191.99513499493304,273.85921020488007,116.56289673646698,201.9681372438253,277.48849285173316,36790000,100890600,33646600
2022-04-29,114.42453002929688,199.52960205078125,270.02557373046875,118.39920382909824,211.48325800922478,282.0518079064076,114.15331554632759,198.9622686149811,269.0331294759327,117.02372261120375,203.50089053975063,280.8160851975912,33694000,49193400,37073900
2022-05-02,116.60469818115234,210.13961791992188,276.7879638671875,116.7863405764315,210.8860997547867,277.2452728288892,112.86491202663687,200.0471841200379,268.7607529412359,113.36952570231432,200.2263324705438,270.21050638231907,30280000,49915300,35151100
2022-05-03,117.57262420654297,211.03538513183594,274.1705627441406,118.73760802514228,213.89191736014857,276.45710720664414,116.07720474819547,207.1138648873915,272.58457595326684,116.2145546850409,209.46279494721443,276.29168497171645,21216000,41556300,25978600
2022-05-04,121.99716186523438,222.36203002929688,282.1492004394531,122.56248502627201,223.2478546018902,283.0248903100402,115.19289557716498,205.98919687309183,269.2570121361738,117.44721745391996,209.66187503100372,274.9587505970645,33232000,41375900,33599300
2022-05-05,116.1961441040039,207.302978515625,269.8601989746094,120.66174848707618,219.13720312897797,278.61715494116163,114.63952156432909,205.19292807963836,266.931474199446,119.65376636836852,217.71391840321272,277.82903127964823,43090000,41129200,43260400
2022-05-06,115.1147689819336,202.8141326904297,267.31097412109375,116.94459545809681,208.39781715980772,271.70890160605785,113.60491440348825,200.07703275813088,263.9443894488529,114.97442723306982,206.36737815973692,267.3888006696829,35310000,34747200,37780300
2022-05-09,112.55091094970703,195.2895965576172,257.4350280761719,115.01812228876098,201.6197627611841,265.00492869537015,112.02091999018971,194.66254699243777,256.2090744532294,112.76937389751654,198.9025581035472,262.7670518637602,34520000,36303200,47726000
2022-05-10,114.04434204101562,196.72283935546875,262.22216796875,116.14091054443671,202.0079434824973,266.3573969626913,112.84880221909182,193.2790783425283,257.9118069909057,115.49347201494884,198.57411490604073,264.35302951992776,31158000,34452500,39336400
2022-05-11,113.42376708984375,187.85464477539062,253.513916015625,116.12099077971948,199.72867503424354,264.03199293595867,113.11423617313255,187.3868482839765,252.29767187873665,113.17445205934112,195.40903719037124,258.5053867043685,36502000,31153400,48975900
2022-05-12,112.6275405883789,190.34291076660156,248.45433044433594,114.31504330459299,197.12096305892135,252.86199751589103,109.59440647641487,183.91320753417187,243.2682642428535,111.41030646857692,186.18251098392093,250.7311356508223,41464000,38262200,51033800
2022-05-13,115.96623992919922,197.68829345703125,254.0685272216797,117.52833735896017,198.95234029762156,255.9366912571891,113.462595272893,190.3827281278088,248.45435504719347,114.30410666603765,191.67663302715846,250.40034564134663,29738000,24549800,34925100
2022-05-16,114.25135803222656,199.10162353515625,254.43826293945312,116.05779674581578,204.4066228034296,258.6416096295485,113.79601048856615,195.01090257076893,248.8727288109359,114.84006896362847,196.1256590780549,252.9398419104595,23282000,27112600,32550900
2022-05-17,116.15135192871094,201.66952514648438,259.61456298828125,116.67487325941799,204.49621453506938,261.0837654162938,114.79378360446997,197.4295138444243,255.37228885809023,116.67487325941799,201.17187059607872,258.9237150792665,21576000,24872700,28828800
2022-05-18,111.87113189697266,191.33822631835938,247.79441833496094,115.15024783136839,200.05712854267378,257.07891103112115,111.6133501748817,190.7310871615623,246.5168282817784,114.694262429826,199.06181944544653,256.4937482385101,27982000,23960000,31356000
2022-05-19,110.22343444824219,190.39268493652344,246.87767028808594,113.05203986058666,194.37392162676124,251.29561812245223,109.94724625296588,188.71062519215664,245.6488462809221,111.31377490133043,190.30311075592414,247.6188635950773,29192000,24446900,32692300
2022-05-20,108.79768371582031,192.63214111328125,246.31201171875,112.01942346918136,196.98165276262333,252.1440854849092,105.8715409387929,186.9887396185961,240.3434168359691,111.55711277481943,194.05544120525764,250.87622783351006,37586000,31465600,39199300
2022-05-23,111.14007568359375,195.3094940185547,254.20188903808594,111.47748205782766,196.06593862949725,255.0308672167441,108.63967378550643,190.34291149267773,247.16050023264856,109.5849416546271,194.2743792709637,249.1695513045214,31558000,25059200,33175400
2022-05-24,105.42664337158203,180.42962646484375,253.1973876953125,105.89342656776556,182.81836215094546,254.86507653881492,101.72616855600207,175.28388041051807,247.22879203425603,105.87601483772832,179.70305509829623,251.5102043362122,60386000,50406300,29043900
2022-05-25,105.3405532836914,182.96768188476562,256.025634765625,106.04242903376687,184.58007783920206,258.03467104715224,103.71997903635709,178.47884310975888,250.7689908290444,104.6463393026118,179.55376362124167,251.7540144546174,37900000,28030200,28547900
2022-05-26,107.78546905517578,190.73109436035156,259.32196044921875,108.44161717467594,191.9254622846611,260.5020182283092,104.99070785413384,181.4050374400339,254.96254147076476,105.55055611885446,182.02213943091002,255.78175734933586,30288000,23056500,25002100
2022-05-27,112.26725006103516,194.21466064453125,266.48040771484375,112.33591743295146,194.41371941796862,266.57793980454977,109.03356584864135,188.9096615621262,260.9409302658759,109.27093641660595,190.46234125703288,261.8381838235103,29924000,22562700,26910800
2022-05-31,113.50140380859375,192.73165893554688,265.1443176269531,115.88461649074245,196.67308976474118,267.9725697938546,112.04181778675998,191.10930019702332,262.27704666969936,112.54593030967679,193.97579534552827,265.7879937359914,51302000,26131100,37827700
2022-06-01,113.59894561767578,187.75511169433594,265.6807556152344,116.84556919378318,198.59402739816463,270.82037309641385,113.01520838313238,184.13218710685706,263.3596284422438,114.38970249768265,195.5881896048658,268.391981442587,28630000,36623500,25292200
2022-06-02,117.19093322753906,197.92715454101562,267.78729248046875,117.34221710629116,199.99739914826284,267.85556792923825,112.77385097575305,186.84936016446258,255.1284171211711,113.6497074085584,187.56598388186393,257.907918378858,27472000,31951600,44008200
2022-06-03,114.02394104003906,189.88507080078125,263.3401184082031,115.8159523365389,195.68772473485097,266.6852882127853,113.13216113507396,188.88976169072905,261.76996156661284,115.44570432786907,195.06067513561032,263.62295259702773,25052000,19465000,28059000
2022-06-06,116.45890045166016,193.3387908935547,262.1014709472656,118.83564369936303,195.99626434360303,267.39713259398246,115.97897296448902,187.5162266373198,260.6093223682843,116.19216607446508,193.08001599733524,265.32958342703967,23786000,30574200,22400300
2022-06-07,116.6768569946289,194.7322235107422,265.75872802734375,117.19355940115942,195.60810039740878,266.3731474633337,114.58277936830333,190.59174910834548,259.3610157079516,115.10281528975709,191.02967236446682,260.04371058407725,26414000,18828700,22860700
2022-06-08,116.68531799316406,195.7175750732422,263.7203674316406,118.08668516675237,201.08229035732788,266.24629020308,116.1466174166489,193.49804009779297,262.9401406650559,116.32552617837696,193.75681498880314,264.988195003755,22544000,22267200,17372300
2022-06-09,114.37625885009766,183.13687133789062,258.2394714355469,117.79207910560775,198.514393638331,265.96352496663144,114.32549678098384,182.81836514135458,258.08342604184816,115.79304832164932,193.368647499835,261.155493463589,23142000,23501600,26439700
2022-06-10,110.90221405029297,174.74644470214844,246.73138427734375,112.96196192268607,182.24112181327786,254.13359977054108,110.33838679236891,174.19902160104596,246.28275749041563,112.24958442171445,182.18139050361947,254.13359977054108,31324000,27450800,31422800
2022-06-13,106.37267303466797,163.48947143554688,236.26681518554688,108.70362779893402,171.77045064695062,242.85959159998848,106.08558068776968,163.2605545891736,235.55487854905925,106.93948450933533,169.7897800204355,239.04631605488257,36756000,31749300,46135800
2022-06-14,106.68866729736328,162.9619598388672,238.441650390625,107.94620733346038,165.96779766824673,239.66072706571066,105.85063379070733,160.60308205725335,235.5353608826797,106.38609956083734,165.25117387863025,237.82723098436355,25480000,27244300,28651500
2022-06-15,109.87010955810547,168.55560302734375,245.5317840576172,111.53472581057754,171.3524191827835,248.9842174568016,107.60906744849383,163.21078280553314,240.32389219111246,108.38613338094682,166.41567933900382,242.16713548684422,33192000,30008300,33111700
2022-06-16,106.13330841064453,160.11537170410156,238.9097900390625,108.77529008390815,164.3056297405773,241.29917752971096,105.29378651884345,158.86128769259773,237.0080332559467,107.63967003050202,162.95200874316495,239.89479871100755,35314000,26944100,33169200
2022-06-17,107.35700988769531,162.97190856933594,241.5234832763672,108.7344806173926,165.12176456522718,244.30298425938648,105.13060143310136,159.14991029252874,237.99304171894877,106.03278427939424,160.92155917845244,238.64646508071192,43516000,31374200,43084800
2022-06-21,111.4869384765625,156.3132781982422,247.46286010742188,112.14183367899099,166.97302885909826,248.44786887207698,108.77827156893109,155.23834267839615,243.33749321886958,109.18484648717131,165.15161160495995,244.06893934901308,39010000,50724900,29928300
2022-06-22,111.50585174560547,155.1189422607422,246.867919921875,113.23317447264614,160.03575686798857,250.8079842631734,110.20232585303906,154.71086185074083,244.1761889667899,110.63896317499959,157.63707327900366,245.65859044340866,23922000,47267800,25939900
2022-06-23,112.15328979492188,158.0053253173828,252.4561767578125,112.66287718187586,159.00063445324034,252.95356964518353,110.50559176492372,153.52643420602394,247.3555781779838,112.41753351005117,155.53696291287554,249.24758786265207,24710000,40499200,25861400
2022-06-24,117.97920227050781,169.36181640625,261.0774841308594,118.07822817573229,169.45139058894296,261.3505561275913,113.06746117999977,160.54337632376567,255.24541034605122,113.06746117999977,160.97135198810747,255.33318029900627,39122000,68736000,33923200
2022-06-27,116.07272338867188,168.6949462890625,258.3370056152344,118.68783942947847,170.94433940716965,261.6626207863299,115.4539045234558,167.22187787349793,256.76681929024653,118.37432195203178,170.51636378032046,261.57485083215533,32840000,29174600,24615100
2022-06-28,112.04083251953125,159.92625427246094,250.1350555419922,117.30091470055925,170.49644693603452,260.3070248398186,111.9139311338108,159.85659053482593,249.97901014588223,115.8025109462013,169.10300512401122,257.4495160699315,28232000,27744500,27295500
2022-06-29,111.72731018066406,163.1709747314453,253.82154846191406,113.12866985146651,165.54976285032362,255.48923716820218,111.02812245399987,159.5679606836343,249.43285716002453,111.61981760416741,162.80271522785688,251.21758735681786,18628000,28595200,20069800
2022-06-30,108.85689544677734,160.49359130859375,250.4763641357422,110.8049742541803,164.4549172478533,253.10958173531176,106.80411845191446,157.7465436782428,246.64359410118547,109.97858146760755,161.3893634177571,250.69092282728204,38046000,35250600,31730900
2022-07-01,108.5667724609375,159.27931213378906,253.1583251953125,109.2887024504971,159.86654085076404,253.34362723066812,106.60008977041593,154.27290863624773,248.31129003294606,107.82627653967833,159.55799746344536,250.04726890657363,31028000,31423900,22837700
2022-07-05,113.3501205444336,167.40103149414062,256.347412109375,113.51493590818501,167.46074760716715,256.47420082726245,105.74862031485087,156.28343123177942,248.43804319024196,107.00766390008619,157.39817250750363,249.82291230706377,36398000,28618600,22941000
2022-07-06,114.67037200927734,168.9736328125,259.6243591308594,115.80350141242428,170.7850875055919,261.36032343408743,111.72134246474683,164.68385295409936,255.90861514607,113.55416076535447,167.41099021110313,257.2252241415935,28852000,23085900,23824400
2022-07-07,118.74357604980469,171.38229370117188,261.7601318359375,119.29695475187049,171.9098063625741,262.4038078774227,114.989354580238,166.99297648108495,258.4637438186101,115.46112670522629,168.65514102381442,258.5612759029467,32184000,24083400,20859900
2022-07-08,119.60201263427734,170.0784454345703,261.0384826660156,119.8672510938452,171.59130452361487,261.46760008401816,116.96002344229618,167.3612403122249,256.77659490153445,116.99585683166637,169.18265801865374,258.23948707310194,29082000,19249200,19658800
2022-07-11,115.97320556640625,162.11595153808594,257.9664611816406,118.23449839136427,166.7043271098819,259.93647894370736,115.68656120970118,161.15050049330895,255.69408493511474,118.0906788434029,166.2862991091349,259.07824395425325,26718000,21885600,19455200
2022-07-12,114.3080825805664,162.50411987304688,247.39454650878906,117.29394007308944,165.1317352711838,259.36100751938403,114.07468337568238,161.33961005665554,245.80486573573233,116.2877045186761,164.02694157042103,259.30249421900527,24970000,16639700,35868500
2022-07-13,111.65813446044922,162.72308349609375,246.46804809570312,114.61413476452478,164.20608427394072,247.2775167971426,111.29585197643384,158.86127948791204,241.97209270370755,112.10800714469762,159.4087025077127,244.00063808539196,38958000,16555100,29497400
2022-07-14,110.91465759277344,157.30860900878906,247.79441833496094,111.4595772033137,161.82730571844314,248.8281930381069,108.8101237182931,156.54221673613603,239.85579113302134,110.30354606666393,160.46373708780524,244.37125617771787,32366000,23765200,25102800
2022-07-15,112.23540496826172,163.9274139404297,250.3690948486328,113.46309536751616,164.20609928740657,253.92879282199092,111.29536124953374,159.0703156165379,248.4673381932592,112.43048015695064,159.7869242321839,249.39383349907638,34330000,23342800,29774100
2022-07-18,109.3918685913086,166.44554138183594,247.960205078125,114.25881566455679,170.88462677932483,254.38717398041587,108.78474363102438,164.86300351173682,247.03370974632665,112.9052263360636,165.96779725235947,253.3241426511031,33354000,23574300,20975000
2022-07-19,114.07966613769531,174.95542907714844,253.10955810546875,114.26876528446563,175.66210520716854,253.29486012916348,109.97908572804702,168.71483688564845,247.4042736807795,111.20329065689758,169.570803302963,251.2077867097016,30992300,25933700,25012600
2022-07-20,114.15928649902344,182.23114013671875,255.78179931640625,115.78160733043346,182.73875749938003,258.31748493522934,112.72608000664897,175.87111557208019,252.50493526447454,113.52230414831732,176.65741826877792,253.47043453645153,26780100,24784300,22788300
2022-07-21,114.49768829345703,182.31076049804688,258.2882385253906,114.66688507026035,182.98757856288015,258.3370194554005,111.3824462295737,178.03092846034147,250.67144899136898,114.5474480312899,179.78268214305504,253.3631801140603,27267800,27195800,22404700
2022-07-22,107.84917449951172,168.47598266601562,253.91905212402344,112.64645195656841,174.7762913553687,258.7661026310825,107.09275513306062,167.62001619667512,252.66098630595368,111.28290761872518,172.25816044187403,258.6783326737253,44455300,42583900,21881300
2022-07-25,107.69988250732422,165.86825561523438,252.42689514160156,110.05871274028323,169.76988065609982,255.03085617592782,106.50554250706286,164.03689051423166,250.45687782755678,108.36672221424634,168.20723807758844,254.54322547578266,28289900,26166300,21056000
2022-07-26,104.94294738769531,158.4034423828125,245.66830444335938,107.23210039426073,165.22131601619705,253.4508999810799,104.26615267413928,157.2090744611017,243.39595881234075,106.92356419615227,165.16159989819332,253.43137570788775,36626600,28468400,39348000
2022-07-27,113.0644760131836,168.78453063964844,262.0917053222656,113.86070776556826,170.06847278481447,263.3692952105454,107.9088947797362,161.2599957547192,252.44638679633113,109.08333243811776,161.82731408349076,254.6992379588771,41474600,43846600,45994000
2022-07-28,114.0498046875,159.96607971191406,269.57196044921875,114.15928674114375,160.7523672182703,270.96657686661007,111.32371825731367,154.12362015683283,261.24322120242266,112.26824965477783,160.3044811608668,263.07671707883594,23303800,73214300,33459300
2022-07-29,116.09013366699219,158.3536834716797,273.79486083984375,116.34891009794764,159.38879825060556,275.02369966023457,112.69621307960138,154.44211082153643,269.78655099255263,112.8654098410835,156.9502939994109,270.83008777613486,31336200,42065400,32152800
2022-08-01,114.93560791015625,159.1797637939453,271.1324462890625,116.56787602015031,164.41509894301535,274.3215405283766,114.14933121431078,154.50181445163443,269.0161158388109,114.98536764426613,156.51234291833012,270.9471442318351,22856200,40596700,21539600
2022-08-02,115.3536376953125,159.43856811523438,268.0213317871094,116.52807536478234,161.47895481991452,271.01539127951946,113.72136942159898,157.26878636687042,265.6416917082196,113.89056620271383,157.56738213610367,269.1721330389586,17911000,27374500,22754200
2022-08-03,118.22005462646484,168.0081787109375,275.4820861816406,118.85703697688334,168.74469772334,276.4866042234115,115.60245551750849,160.81209818776804,269.76703895640605,115.79155466960147,161.92683951716316,269.91335197508243,25302800,31721900,23518900
2022-08-04,118.30963897705078,169.76988220214844,276.6329345703125,118.93666636736147,171.34245723138352,276.7792178512748,117.15510367541714,166.01756260459624,273.23904340150466,117.74232631150429,167.51052626976846,274.8286947381224,15757700,23938200,18098700
2022-08-05,117.6626968383789,166.3260955810547,275.91119384765625,118.29967918809457,170.80498629603912,276.6328777271908,116.15981304759887,165.02224315842406,271.7858275964847,116.37877715408149,166.20666335522924,272.24420162439264,15615700,25832700,16774600
2022-08-08,117.58306884765625,169.45138549804688,273.3852844238281,120.29024755471546,176.67732457523664,278.8467542489701,117.27453266632013,166.34602576028146,272.41002301800336,118.55845231459872,167.21193987472466,277.0229904194802,17061100,27299100,18739200
2022-08-09,116.94608306884766,167.73944091796875,275.31634521484375,117.64278010082272,168.73475001506094,276.0770480928954,116.01051197439986,165.81850165044239,270.742365806231,117.4337709912302,168.15746891628208,272.7221754798487,15424300,18655100,23405200
2022-08-10,120.08123779296875,177.50341796875,282.00665283203125,121.20590805552138,179.63337879589918,282.64056693075634,118.79731815159718,173.13401170798647,279.8415708511046,119.026229641864,175.16445073930183,281.04115335493645,20497000,30262100,24687800
2022-08-11,119.2551498413086,176.65740966796875,279.9195251464844,121.76326683374639,182.2410940749119,284.00587292244074,118.98642600382284,175.54265319888472,279.42216205536863,121.50449798088704,178.86699698540363,283.6547930934179,16671600,24079100,20065900
2022-08-12,122.07181549072266,179.65328979492188,284.6885681152344,122.07181549072266,180.60879319864185,284.6885681152344,119.83242224622951,178.07075199512173,279.84151760890535,120.58884164608502,179.96183318123636,281.3434285473414,16121100,21274000,22619700
2022-08-15,122.30072784423828,180.0414581298828,286.2099914550781,122.67894134351504,180.58888115906342,286.90241878136646,120.99690575381473,177.36407428579042,282.93309736302257,121.63388811810019,178.12051890328047,283.80109437758836,15525000,15878700,18085700
2022-08-16,121.93247985839844,178.6281280517578,285.46875,122.64708986201566,180.14100215870383,286.76586430152736,120.96207760768635,176.20951900539458,283.2354228704968,121.74337310420826,178.59826999329016,284.7665606164028,15626200,21156700,18102900
2022-08-17,119.75279998779297,174.02980041503906,284.7162170410156,121.57417501943715,177.30436063789398,286.70019877418935,119.63336294535719,173.35298233666936,282.90814781798576,120.35992499834103,175.9308292341521,283.1720165832015,17589200,20118100,18253400
2022-08-18,120.29025268554688,173.84068298339844,283.5923156738281,121.11634179263632,174.93551383026298,285.29286306667285,118.98643060591009,171.05381459528806,282.5269980125115,119.66322531154273,173.52217679631798,283.61185156800366,15652000,18844500,17186200
2022-08-19,117.56317138671875,167.172119140625,279.66339111328125,119.43430611556155,171.51166732085684,282.6931246022663,117.1152881827282,166.26638423624556,279.0867691313895,119.30492168423736,169.40160175176052,282.3510526263538,20187000,26240800,20570000
2022-08-22,114.52754974365234,162.28515625,271.4538269042969,115.95080890345768,164.7137129506601,276.057049965206,114.1294338596328,161.49885353456378,270.9358423970251,115.55269301943815,164.7137129506601,275.685659219277,19316000,19499700,25061100
2022-08-23,114.22895050048828,160.35426330566406,270.17352294921875,115.38348569936582,164.27578392214167,272.53864848293165,113.76117254242054,159.94618289513025,269.15708983535205,113.78107491776095,161.7178320283796,270.17352294921875,14390700,18111800,17527400
2022-08-24,114.15928649902344,162.49417114257812,269.5382385253906,115.17149812350758,164.6838634867741,270.9455981450401,113.24362531906196,159.0205518266917,268.8736304974872,113.91046503098421,159.8466602679633,269.1668478166237,16051200,20891500,18137000
2022-08-25,117.14514923095703,167.98825073242188,272.5289001464844,117.22477392662948,168.08778770667038,272.6950298023374,114.50764762931044,163.2505853900674,268.29703796509165,114.60717470218654,164.40513228041598,271.0433371485085,14874700,15550500,16583400
2022-08-26,110.77532196044922,161.0211181640625,262.0128173828125,116.05033259120523,170.1182434752563,273.98512913178996,110.69569726728199,160.91163354661174,261.905325226345,115.26405583139334,167.689686642503,272.7536818076415,31698700,24023600,27549300
2022-08-29,109.81983947753906,158.42335510253906,259.2176818847656,111.43220532390005,162.28515945273423,261.33847484333194,109.29233918029928,158.2641019940911,257.86895944803223,110.25776769113976,159.90637119893756,259.82362273007027,20386100,20052700,20338500
2022-08-30,109.3918685913086,156.42279052734375,257.0088806152344,110.844984983544,160.90168172720922,260.99638024255165,108.28710071888507,155.17865408293667,254.7512471057002,110.50658385470659,159.5978291634246,260.6250193047335,20548200,19567900,22767100
2022-08-31,108.63545227050781,162.16571044921875,255.54286193847656,111.24309634309817,167.05268195825627,261.054995947574,108.53592520398799,161.37942291313098,255.40602121560974,111.10375693128472,166.28630485733373,259.3740144434821,25898000,40953000,24791800
2022-09-01,110.02886199951172,164.58432006835938,254.4970703125,110.69570174655628,166.57493834921172,254.9759829418681,107.67998661003242,159.5978267422207,249.62019655941822,108.6852199265877,162.81267101337778,253.00175458270186,22784400,30145700,23263400
2022-09-02,108.16766357421875,159.56796264648438,250.25550842285156,111.1485473484776,167.14225033886635,258.7387389192011,107.62025333406162,158.47311655854904,248.7015548739836,110.81511991547303,166.6645062219544,255.76767255162795,20618100,22634200,22855400
2022-09-06,106.97332763671875,157.7963104248047,247.50918579101562,108.36672176679409,160.93154344836998,251.9853506377491,106.00789913700333,156.9503067356873,246.22888399786356,107.62523866045296,159.3490055000097,250.3923254531513,20565100,19339800,21328200
2022-09-07,109.95919036865234,159.63760375976562,252.23948669433594,110.46678071405597,160.20493715779585,252.9627024699416,107.1076907772533,156.07439585441023,247.4798869965814,107.25201148611757,157.01993633058444,248.92633346068814,22987200,16831200,24126700
2022-09-08,108.9041748046875,161.29977416992188,252.65969848632812,110.05871002408482,161.46897487751946,254.5264050076208,107.55058545463537,157.00004718567502,249.01425660204322,108.66530832921605,157.9654981310102,251.6726140706798,21660700,22530800,20319900
2022-09-09,111.2530517578125,168.3565216064453,258.4650573730469,111.47201586105956,168.74469153277727,259.2176216502665,109.48144414925493,162.25528738934116,254.38960207945766,109.53121147942143,162.48420422097,254.59483332515947,21732900,22086800,22084700
2022-09-12,111.3426284790039,168.1674346923828,260.60540771484375,112.10899522660499,170.5860285511026,261.3872907179251,110.40705736938354,166.49530748243313,259.1491934961734,111.46205791874897,166.60479209253228,259.75513418244464,19732900,23220400,18747700
2022-09-13,104.81354522705078,152.41168212890625,246.2777557373047,108.85441074085445,160.87180918948542,254.4971018407067,104.50500905877423,151.95383327619615,245.88681421229336,108.37667021547743,160.78221983126946,252.97246717539824,33015000,44444100,33353300
2022-09-14,105.37091827392578,150.75946044921875,246.5025634765625,105.59982977275591,152.81974225025758,248.4669945133989,104.0073738921362,148.35081441173244,244.19606043381268,104.9429450441253,152.61073585815754,247.782865414468,22115800,43064200,23913000
2022-09-15,103.41020202636719,148.84848022460938,239.81759643554688,105.7093099253704,153.47666150459145,245.7011210386076,102.82297942235097,148.0024614074372,238.48842506446817,104.51496993474163,149.09730750175274,244.1080809128041,26494900,34606300,31530900
2022-09-16,103.1414794921875,145.603759765625,239.19215393066406,103.53959538789088,147.88302608142735,239.7394572698384,101.37485301891542,143.61314159011064,236.57289734803294,102.4845947186917,147.35551347989295,238.72302400031674,64540100,40122800,39791800
2022-09-19,103.36043548583984,147.32565307617188,238.9770965576172,103.52963226034304,147.8830237264863,239.58303730028243,101.88741665903899,144.41935240866724,235.3902918321884,102.05661343354218,144.55869507124584,236.97356405032403,19738600,22169500,26826900
2022-09-20,101.3499526977539,145.40469360351562,236.95401000976562,102.68363199676537,148.141793455889,237.9899789735556,100.64330070587691,144.53877960103583,234.20771098725592,102.39499820964471,145.09615023192904,236.58263419492624,24001700,23217400,26660300
2022-09-21,99.5385513305664,141.4533233642578,233.5333709716797,103.00214223104406,148.89824631084826,242.0459353368341,99.51864135897705,141.3338911330671,233.48450141158338,101.7580347767344,145.70329744159392,238.73278197769002,26596800,38338600,28625600
2022-09-22,100.09589385986328,142.15005493164062,235.51734924316406,101.20066171921778,143.90179350464157,238.33206883745882,98.94136626594043,140.20919000984014,232.18466004099494,98.98117101622385,140.8860081046165,232.47784757132086,21272700,34418500,31061200
2022-09-23,98.7024917602539,139.75135803222656,232.5266876220703,99.63806284970234,141.95098269593655,235.66392801449047,97.54796417151773,138.2384839082262,229.8683449899013,99.58829552192942,140.75661478213078,234.10995973648943,25657000,31710700,34176000
2022-09-26,98.34419250488281,135.73031616210938,232.06736755371094,99.96651330176526,141.57279172663144,235.9766936524482,97.91621928522669,135.55116778882052,231.52983223255546,98.14513837205931,139.46272581109793,231.67644090899546,22437900,30497000,27694200
2022-09-27,97.6275863647461,133.76953125,231.05093383789062,99.98641658663331,138.7659869709527,236.31874980621944,96.88112196972934,133.49084592888337,229.1842271718102,99.43901391967812,137.27302338473746,234.53999939236823,24225000,30826500,27018700
2022-09-28,100.26509857177734,140.9457244873047,235.6053009033203,100.92199090493601,141.36375249344968,236.83673316739439,97.33896321464246,133.64015922271042,229.40900814775864,97.55791973226661,133.988508300892,231.44185936274204,24617000,32658500,29029700
2022-09-29,97.6275863647461,135.77011108398438,232.11622619628906,98.83188893759021,139.18401383382667,234.51068533657707,96.06498786824815,134.56578045174535,229.09627550613527,98.83188893759021,138.7062697424971,233.47471635519574,21921500,38985400,27484200
2022-09-30,95.69673919677734,135.04354858398438,227.6204833984375,99.02497695216614,140.32865333483252,235.08729490470347,95.57730215714852,134.86440021304725,227.45433884538363,97.26929271479445,135.41182332515547,232.88829919380572,26277800,33166400,35694800
2022-10-03,98.83189392089844,137.9597930908203,235.2827911376953,99.49873365831401,138.9650498008152,236.13306477222778,96.56263566714686,135.4615727510368,229.34061381655428,96.76169740524554,136.49668751865056,230.0736124429844,24840000,27723100,28880400
2022-10-04,101.92723083496094,139.6219482421875,243.23828125,102.23576702852765,141.72205088385482,244.6847277702556,100.56368644279272,138.68635533255224,239.42667925234394,100.56368644279272,139.83096981895702,239.5341863194985,22580900,34670700,34888400
2022-10-05,101.73812103271484,138.32806396484375,243.55099487304688,102.25566633478026,139.5523051767072,244.8997170490285,99.26980877800762,134.14776849521687,238.56661341523102,100.21533489370934,137.59154490008095,240.4137692631259,18475500,27979300,20347100
2022-10-06,101.75802612304688,138.4176483154297,241.1956329345703,103.24100754973763,140.7864737229414,244.66516272217248,101.02151669888987,135.95923354373198,240.50173592478694,101.02151669888987,137.07397491197278,242.3097902416394,17156200,36231100,20239900
2022-10-07,99.10061645507812,132.82398986816406,228.9301300048828,100.94189384574065,137.6412820318744,235.84963863538212,98.74231292470361,131.81873319367415,227.88437816875282,100.17552704620165,136.11846039825195,235.43914629265618,24249900,33214800,37769600
2022-10-10,98.24466705322266,133.1623992919922,224.05325317382812,99.51863174846024,135.47152371961099,229.2428812102426,97.40863056950869,131.25140762114134,221.59037354348214,99.37929233450791,132.9235348251432,227.7671159691032,16529900,24024000,29743600
2022-10-11,97.58778381347656,127.93701934814453,220.30027770996094,99.64802528645066,132.0377029852794,223.8675314075409,96.79155207012974,126.3942948678421,219.02974388859892,97.78683795259893,131.00257306242557,222.46017178467181,21617700,38481400,30474000
2022-10-12,97.83660888671875,126.90190887451172,220.63258361816406,99.17825388045844,129.06172777563606,222.69475365624942,97.20957389787958,125.65777251299689,218.8831668147149,97.80674393066488,127.71806961752692,220.29051163189263,17343400,34605200,21903900
2022-10-13,99.23995208740234,129.67880249023438,228.9301300048828,100.05608618802648,130.52482121226487,230.74796714436056,94.82088044364659,121.95521014368089,214.16265082548793,95.47777275541719,122.9505191403238,214.86633068031122,32812200,34325700,42551800
2022-10-14,96.72187805175781,126.1653823852539,223.37890625,100.81250345388494,131.17177829979363,231.86215222207161,96.57258365735488,125.92650273623762,223.16389210675854,100.15063746032703,130.38549080100034,230.2006765855883,22624800,23559400,30198600
2022-10-17,100.3049087524414,133.4112091064453,232.14556884765625,101.29023963747129,134.15769084205866,233.54316076081892,99.04089903879125,129.56931583300022,229.8097469695489,99.05084643022157,129.68876323800103,230.47434019820642,23311600,29612200,28142300
2022-10-18,100.91202545166016,132.17706298828125,233.0935516357422,103.72868605450844,137.19341460524663,238.40045426951124,100.17551609459916,130.78362101502597,230.03449941447604,103.45000724877877,136.44693271546402,237.7261080934971,21610500,25445000,26329600
2022-10-19,99.81721496582031,132.6050262451172,231.11935424804688,101.17975692895973,136.35734577919754,234.17840668537156,99.16530397411043,131.59976952830172,228.97899582786735,100.22527820003148,132.26662479833314,231.666657514543,21573700,30691000,19985700
2022-10-20,100.05608367919922,130.9130096435547,230.7968292236328,102.51444090418003,136.12843499157682,235.83986337471225,99.49872604204442,130.69404041832243,229.54584608873026,100.34471748227675,132.3064363612034,230.42545339204614,25125100,26356300,21811000
2022-10-21,101.00161743164062,129.40013122558594,236.6315155029297,101.14095685148868,129.50961583458374,237.49157205864338,97.76693822594267,124.85157651477564,229.18425369445214,97.99584973279497,125.71749057589625,229.41881864043668,28988700,46348600,26299700
2022-10-24,102.48458862304688,129.1114959716797,241.64517211914062,102.61397305424748,132.85385267114452,242.22179402659964,99.82717713693695,123.98565265526337,235.83005366952952,101.60873218590838,126.65308131198296,238.23428039783678,24680800,63563400,24911200
2022-10-25,104.43534088134766,136.86492919921875,244.9779052734375,104.60453764749055,137.70100026531404,245.34928108433226,102.5343413296763,129.97739303977005,240.25739257196295,102.81302773638171,130.26604114211528,241.6549693897686,29910200,38433200,34775500
2022-10-26,94.37300872802734,129.21104431152344,226.0763397216797,98.07547349073133,134.91416162846235,232.89810971731717,94.12418725304379,127.92708697169783,224.84489243304628,96.30386580379698,131.0623047961983,225.92973104246838,71504300,82791500,82543200
2022-10-27,92.16346740722656,97.48058319091797,221.6099090576172,94.72135171622803,102.01919060648154,228.39259179146362,91.46677035552513,95.92789571169381,220.6618963462355,93.86540528503579,97.52039646921668,225.80265446885284,54036500,232316600,40424600
2022-10-28,96.12470245361328,98.73465728759766,230.52317810058594,96.40338125706131,100.37691878148325,231.23664083896048,91.88776712186636,97.05259011305071,220.92579044336952,92.09379200729283,99.11287959633101,221.11148581601782,35696900,95928300,40647700
2022-10-31,94.21376037597656,92.7229995727539,226.8679962158203,95.895788266276,98.85409969144031,229.59474490391034,93.93507396490948,92.16562131206909,225.91020048040906,95.32847564653179,97.75926119813265,228.46103663315654,29868700,121361400,28357300
2022-11-01,90.0733642578125,94.75342559814453,222.99771118164062,95.71165918582506,97.03268440407783,230.39611728444083,90.00369455604634,93.11117161789574,222.1767563573702,95.13936529884846,93.88751151989102,229.28196004781836,43220600,110189600,30592300
2022-11-02,86.6595458984375,90.11528015136719,215.11068725585938,90.86960873690701,94.75341626519553,226.05679799638708,86.59983117234387,90.05556403974357,215.05203483408113,90.48144783044027,93.76806245537966,224.25851146382894,43553600,71821100,38407000
2022-11-03,83.09642028808594,88.49293518066406,209.39328002929688,86.14200040176253,90.03565971999477,215.41364582533683,83.05660793961765,87.99528063373046,209.12939634093038,85.93796496339849,89.65744499802331,215.10089257795497,48510400,60664000,36633900
2022-11-04,86.29129028320312,90.3641128540039,216.3714141845703,86.3211552406874,90.96129678704688,216.5668774965675,83.48458416059634,87.67677376490204,208.5918490987652,85.10690514625658,89.92617442608974,212.6184649078027,40173300,55638100,36789100
2022-11-07,88.23209381103516,96.26629638671875,222.70452880859375,88.52072762427457,96.42554189242217,223.23229618089562,86.55005826242318,92.66327474770942,216.26391766746684,86.92826415903247,94.33539432242684,216.95782960870955,26899900,81987300,33498000
2022-11-08,88.4908676147461,96.0174789428711,223.68185424804688,89.97881508466742,97.341241990361,226.39883460819428,87.23680533110023,94.34535919699081,220.72054101441213,88.73968907456474,95.4700558499673,223.5157096836229,30172000,52088300,28192500
2022-11-09,86.98799133300781,100.99402618408203,219.42066955566406,89.0681352706783,104.40793705887222,223.44728510682847,86.94817898481038,100.26744712369293,219.24475706000084,88.12759037562216,101.24285348517867,222.21583798561045,26743900,107677300,27852900
2022-11-10,93.72607421875,111.34523010253906,237.4720001220703,94.10428773199733,112.22109936387615,237.81407210708258,91.21795701590894,104.11928401728964,229.67289904500376,91.90469914417298,106.61751194751989,230.09314442549228,42371200,80671000,46268000
2022-11-11,96.27400207519531,112.48983001708984,241.50839233398438,96.9010294170545,114.36101596630525,242.36844884310648,93.7161177852531,108.29957965918129,236.44580730923667,94.26352043796018,108.7176152481457,237.4817912465408,30569100,59961700,34620200
2022-11-14,95.57730865478516,113.6842041015625,236.07443237304688,96.72188901706356,115.72458315525292,238.38093536393862,94.66463162000626,110.28024887734493,233.7874801882267,95.0498083157303,110.46935243850882,236.50446062924806,24170100,53395000,31123300
2022-11-15,98.25462341308594,116.53079223632812,236.48487854003906,99.94660637385905,118.18300140763097,241.4008542575975,96.56263285888416,113.87331873931102,234.5888532500905,98.2048560816514,115.52552791061386,240.09123376905967,31831000,50670500,31390100
2022-11-16,98.52334594726562,112.6988525390625,236.91612243652344,99.37929240122082,115.53548195043007,238.94490710262616,97.44047747427246,112.13152665678899,235.63221250615155,97.55791744035602,113.96289175268743,237.9550109311779,24660200,33287800,24093300
2022-11-17,98.03565979003906,110.92720031738281,236.86712646484375,99.01104329961711,111.80307721813635,238.40586833296084,96.64225803068271,109.28494631568212,232.89779098068917,96.72188272400106,109.8920854969386,233.04479786716809,21818700,35093800,23123500
2022-11-18,97.3389663696289,111.52439880371094,236.4163055419922,98.69255583325732,113.78374734462516,238.88612602549412,96.28395812703593,110.10110634516289,234.26991517757338,98.54326142602511,113.26618990224704,238.6606955166367,24969900,33357700,27613500
2022-11-21,95.37824249267578,109.34465789794922,237.22976684570312,98.25461792127615,111.84288585520797,239.79758681244928,95.21899311572922,108.67780262607081,236.38689247384355,97.10008271869822,110.99686704869316,236.6221034906922,18696900,24351100,26394700
2022-11-22,96.87117767333984,110.91725158691406,240.15042114257812,97.08814471273037,111.0964075335895,240.42484396877305,93.96494469164605,107.81188437574178,235.91645828491195,95.70669500233242,109.34466134316365,238.7390952050486,18868900,29029000,19665700
2022-11-23,98.35414123535156,111.7134780883789,242.64964294433594,98.60196794321209,112.14146125467008,243.33570000991833,96.88111492846862,110.21056699194668,239.4055613553574,96.88111492846862,111.19592075857801,240.22882983405626,17568900,21343100,19508500
2022-11-25,97.139892578125,110.88739776611328,242.56143188476562,98.47357949893839,112.20120556074406,243.74732728820723,97.07022287585006,110.4992202054756,241.81655713061522,98.00081266911414,110.77791315042687,242.38500867012718,8567800,12007600,9200800
2022-11-28,95.7962646484375,108.26972198486328,236.94554138183594,97.36881813989444,111.51443175614992,241.73816042164293,95.4379611290314,107.87159682870937,236.00466737367165,96.74178318421949,110.2603401720271,241.1795192833434,19974500,23309400,24778200
2022-11-29,94.9900894165039,108.946533203125,235.5440216064453,95.93560799100659,110.41959401269497,237.95502429454882,93.94503617653454,108.03085065335205,233.46624450045002,95.54744709465885,109.02615975361113,236.59270563364998,20220000,23899200,17956300
2022-11-30,100.97175598144531,117.54600524902344,250.05909729003906,100.97175598144531,117.60572895972089,250.2453159899474,94.22371849607283,108.8669085301114,235.08338705062414,94.67160172693039,108.99630357528429,235.7792545679253,39888100,43348600,47594200
2022-12-01,100.80255126953125,119.87503051757812,249.61807250976562,102.10637332378369,120.63145996670963,251.01958812486606,100.19542628394152,117.844599040929,245.92314459416446,100.92198830705709,118.64084176532097,248.81439491836716,21771500,36551400,26041500
2022-12-02,100.35468292236328,122.91072082519531,249.94149780273438,100.67317411869534,123.45814387740222,250.96078050717315,98.70250462090816,117.05830594650168,244.71763842454288,98.9015663645089,117.27727516738443,244.84505437069396,18821500,39950500,21528500
2022-12-05,99.39920043945312,121.85569763183594,245.2174530029297,101.27033510130242,124.08518796674628,248.76537360672083,98.88662883486676,120.7807619441876,243.12007008463186,99.3444594140396,121.17888711668026,246.99140582736436,19955500,35474900,23435300
2022-12-06,96.85126495361328,113.58467102050781,240.23858642578125,99.7375954766375,119.98450848762556,246.84436899935554,96.30386228470965,113.20644872326258,238.92527526209318,99.20014019910097,119.34751130591351,245.82508651759227,20877600,43689200,22463700
2022-12-07,94.70145416259766,113.39556884765625,239.50355529785156,96.85126774119126,115.3364186028113,241.25791720433986,94.57704342607123,112.35049122958445,237.386581396251,96.31381244818569,113.22636811897216,239.9544013330992,26647900,29461100,20481500
2022-12-08,93.50711059570312,114.78900146484375,242.4731903076172,95.4180653627231,116.78956730830488,243.78651647945242,93.3578237801328,114.05246725613684,238.21962206213038,95.23891359060963,115.84402669136192,239.96417336935625,25593200,30619400,22611800
2022-12-09,92.63125610351562,115.3563232421875,240.5326385498047,94.04456022391321,116.98862951672221,243.36508571705198,92.5814887723829,113.33584703612352,239.29773591127204,93.45734520237579,114.759139316266,239.8269756263799,21885300,26033400,20609700
2022-12-12,93.11894226074219,114.17191314697266,247.4814453125,93.43245973529034,115.17717752755246,247.51084668836435,91.4667716883068,112.609278065211,242.24779103974268,92.65115669345715,114.6397096684387,242.52221385109104,27380900,24747100,30665100
2022-12-13,95.39814758300781,119.5864028930664,251.80364990234375,99.32953126219154,122.7216284178567,258.6642503117867,94.93036201669989,118.08348386236,248.0303136951813,97.60768339373894,121.55711087303291,256.47864827094884,34788500,44701100,42196900
2022-12-14,94.8606948852539,121.0196304321289,252.0977020263672,96.76169456275036,123.55767168732355,257.36075864137047,93.49715808812078,118.82995343856926,249.24564840446928,95.08961397898538,118.82995343856926,252.00949788257842,26452900,36922000,35410900
2022-12-15,90.77007293701172,115.60515594482422,244.05113220214844,93.58673391521872,118.07351831295361,249.13777932434795,90.0037061191262,113.47519503296823,242.41439089498203,93.09904594020067,117.77493013276049,248.66734238068187,28298800,34531000,35560400
2022-12-16,90.43167877197266,118.86976623535156,239.8171844482422,91.31748262813915,122.73156281350674,244.8646200764153,89.58568726358575,118.26262707625729,238.66067548722324,90.77007233795585,119.66601655358838,243.60031603967155,48485500,67064000,86102000
2022-12-19,88.72974395751953,113.94297790527344,235.66163635253906,90.77007559887771,117.24740348860793,240.32685450458052,88.50580613746462,113.7936800362326,233.95629656849025,90.45158439862804,116.28195254156294,239.98381847989876,23020500,29769900,29696400
2022-12-20,89.20746612548828,116.5407485961914,236.98472595214844,89.35676051853373,116.77962826751553,238.07262168056403,87.62496530212003,111.9324698124553,233.6720314907725,88.31171495407213,112.72872019632283,234.6325112922364,21976800,28742500,25150800
2022-12-21,89.82454681396484,119.1982192993164,239.56236267089844,90.48641280696336,119.77549280306249,240.72866715475755,88.49086743686348,115.07764025502914,235.32839983113104,89.3070015196909,116.15256830609113,236.87693717521168,20336400,20392800,23690600
2022-12-22,87.84393310546875,116.57060241699219,233.44662475585938,88.75959428441642,118.0635660399852,237.17095355808544,86.53015605941337,113.84345006492889,229.21264718155905,88.51077281665269,116.65022137241151,236.45548020048759,23656100,23618100,28651700
2022-12-23,89.3866195678711,117.48628234863281,233.9758758544922,89.67525337496662,117.62562500953844,234.11308726654062,87.20694872455337,114.9980096987387,229.28127151269362,87.20694872455337,115.48570901190841,231.40805587690517,17815000,17796600,21207000
2022-12-27,87.51548767089844,116.33172607421875,232.24110412597656,89.07808619766787,118.0436589588536,234.1718591139271,87.12235308968214,115.50562528383824,231.13360254673745,88.88897945070303,117.37680367744063,233.94644359993944,15470900,21392300,16688600
2022-12-28,86.05241394042969,115.07765197753906,229.85951232910156,88.10270036774263,117.59578302849279,234.94615982143847,85.96284185850402,114.96816735848833,229.5066808569475,87.08751213877628,115.70469403733335,232.17251532323996,17879600,19612500,17457100
2022-12-29,88.53067779541016,119.69586944580078,236.21046447753906,88.94372235525123,120.46225407930325,237.102346111506,86.57991834200945,115.2269263078164,230.95720418697826,86.61973068923339,115.85397587428754,230.95720418697826,18280700,22366200,19770700
2022-12-30,88.31171417236328,119.7754898071289,235.04417419433594,88.41124123570317,119.85511635517314,235.18138560256986,86.61972372187232,117.18768774453578,231.9470996028593,86.95314356044646,117.60572332496524,233.46623552218477,19190300,19583800,21938500
2023-01-03,89.27714538574219,124.15485382080078,234.80894470214844,91.11843044134119,125.77721249819784,240.85607195731004,88.60035064579858,121.70639436944211,232.6723500003931,89.4065374171645,122.24386218953632,238.23924481140818,20738500,35528500,25740000
2023-01-04,88.29180908203125,126.77252960205078,224.5376739501953,90.8098811314599,128.44464928350433,228.23258683276063,87.38610288413852,125.25965543646576,221.46020498304858,90.58096963247291,126.7824772261883,227.65433977112923,27046500,32397100,50623400
2023-01-05,86.36094665527344,126.34454345703125,217.88287353515625,87.7941606559298,127.91713370570422,223.01852855170435,86.15193754574908,123.95580002508343,217.3438233498918,87.65482124958022,125.53833789766517,222.67549253701173,23136100,25447100,39585600
2023-01-06,87.74440002441406,129.41009521484375,220.45068359375,88.05293619340168,129.71863861013483,221.26415657200155,85.16660584644079,125.44876160115716,214.98181819404755,86.94816834476,128.36501760802327,218.55912524866,26612600,27584500,43613600
2023-01-09,88.38139343261719,128.8626708984375,222.59707641601562,90.40182265125355,132.3263423276313,226.63503997806498,88.16242931353618,128.67355973874038,221.9012238905733,88.77452803301881,130.54474571400232,221.9404207414047,22996700,26649100,27369800
2023-01-10,88.81930541992188,132.36614990234375,224.29263305664062,89.05319819764858,132.814035916678,226.70363566114452,86.29127849832223,126.55354137061703,222.8028985080936,86.31118846725929,126.67297359118345,223.22432820821962,22855600,28684400,27033900
2023-01-11,91.82508087158203,132.26663208007812,231.07481384277344,92.01418003236891,133.22213554460268,231.2512220935921,89.31695610724726,129.72859071504672,226.50761080924343,89.63544729709926,130.34569271415705,226.6840190600621,25998800,25423000,28669300
2023-01-12,91.47672271728516,136.0687255859375,233.76025390625,92.18337473330077,137.0341615247283,235.1225725416833,90.14303577928821,131.14193296237124,228.9088322882637,91.9644106394932,132.81406029325268,230.57497512258234,22754200,30757700,27269500
2023-01-13,92.36253356933594,136.33741760253906,234.46591186523438,92.54168533315664,136.74549792260828,234.60312327325482,90.50134622261136,134.2074570275949,230.2417446380463,91.0965267592125,134.3368520527899,232.2803248107226,18630700,22423800,21333300
2023-01-17,91.72554779052734,134.72503662109375,235.56362915039062,92.53172690097314,136.1085156239696,236.11247480825548,90.41176317583279,133.62024294345827,232.36853985579916,92.34262015914376,135.54118216295166,233.2310201495425,22935800,21147600,29831300
2023-01-18,91.34733581542969,132.39601135253906,231.11402893066406,93.14681132961738,136.60616429477886,237.55319978230224,90.96912991895344,132.17704215107878,230.82981063027438,92.5018710679812,135.17291686238818,236.75933268112436,19641600,20215500,30028700
2023-01-19,93.46730041503906,135.51132202148438,227.31129455566406,93.95498836892797,136.80522683289115,230.82981397653035,90.94922076610231,131.520138170728,226.08618729413027,90.95917575103884,131.8685024155259,229.12445928470314,28707700,28625200,28623000
2023-01-20,98.81198120117188,138.71620178222656,235.4362030029297,98.95132061724973,139.28353516655503,235.94585178667532,95.45787263688962,133.97853670634456,229.8399067203441,95.49767738997299,135.25253093157684,230.18294271909866,53704800,28688600,35389800
2023-01-23,100.73287963867188,142.59793090820312,237.7492218017578,100.92198637945205,143.08562261968115,240.2876405055047,98.2844773668706,138.0095556103876,234.8775625509585,98.66268325500256,138.63658998046085,236.29869896460573,31791800,27470100,31934000
2023-01-24,98.74230194091797,142.46853637695312,237.21994018554688,100.61343648540107,144.31981181182078,239.09190749280148,98.23470406377956,140.69688748830902,235.65181201246943,99.08070305681956,141.02534129627708,237.6707861951959,27391400,21970200,40234400
2023-01-25,96.27400207519531,140.83624267578125,235.81845092773438,97.2593329248107,142.49840710963068,238.45488418950694,94.81292016231012,139.65182237456102,226.30181098777524,96.74178003875029,140.55755733281322,229.81052003551318,31000900,26622000,66526600
2023-01-26,98.69255065917969,146.60903930664062,243.061279296875,98.74231039669573,146.8180457211265,243.3651035032085,96.36357777137192,142.6278027480745,237.18076447517643,97.8166942324974,143.72263368935285,238.79790006917452,24542100,25482100,33454500
2023-01-27,100.23523712158203,151.02822875976562,243.2180938720703,101.10113854540126,152.47142411281936,244.85483535106292,98.50344186737202,146.69862751339073,241.9145779733684,98.58306655785783,147.5446464378776,244.0315668744898,29020400,35771900,26498900
2023-01-30,97.48825073242188,146.37014770507812,237.8766326904297,98.94037249402334,150.4111000524141,240.7090800731922,97.06027749227827,146.26066310116065,237.37677935793346,98.27950879283037,148.70913006731004,239.64077517830026,24365100,28040100,25867400
2023-01-31,99.39920043945312,148.2711944580078,242.87503051757812,99.439012784611,149.17692936326716,243.01224191489177,97.3290040518145,146.82799933338794,238.11181350380332,97.39867375748366,147.25597494675876,238.60185634491216,22306800,29842100,26541100
2023-02-01,100.95184326171875,152.4017333984375,247.71669006347656,101.70826262782808,152.8595822934471,250.09829141866163,97.95603075102244,146.3701623314899,240.58166651738924,99.26980775877634,147.33561342963432,243.06128243617087,26392600,55661000,31259900
2023-02-02,108.287109375,187.88450622558594,259.33074951171875,108.30701175196808,196.23514910781972,259.41895365843123,106.03776110616492,179.31489412268525,252.12711176503356,106.28658258212454,182.51979069367002,253.66585389177882,46622600,150475700,39940400
2023-02-03,104.72398376464844,185.65499877929688,253.20518493652344,107.51077973262802,195.8469690777729,258.93869313209495,102.81303665630321,182.03207438823733,251.98007762592465,103.02204578439452,182.60935546871306,254.37148948900116,36823400,76809700,29077300
2023-02-06,102.98223114013672,185.1872100830078,251.65660095214844,104.20642851928456,189.80544373360888,253.1561309156688,101.72816880613156,184.64974984741363,249.70623992968441,102.20092808008586,185.6550065784378,252.31327154852002,25573000,42483800,22518000
2023-02-07,107.53068542480469,190.7211151123047,262.23175048828125,108.15771278413196,192.8709863031072,263.4176459144894,103.05985695958798,183.5349825634411,254.90069804204686,103.1414711292283,184.7094551386282,255.3417486096492,33738800,47080700,50841400
2023-02-08,99.52857971191406,182.56954956054688,261.4183044433594,103.09170468802331,189.93484636132777,271.2485641308872,97.99086497778772,182.0619473629283,260.9086406689903,102.20590093606152,189.108737946779,267.75946096567276,73546000,36139100,54686000
2023-02-09,95.00999450683594,177.0854034423828,258.3702087402344,100.13571859416773,185.77444813309577,268.5239129821001,93.4175385284667,176.43845856503,257.5665312216428,100.06604888240874,185.25689830609852,268.3474748100803,97798600,37118800,42375100
2023-02-10,94.4128189086914,173.33306884765625,257.8605651855469,96.56263245463339,178.05083931725062,258.8308405007959,94.08437274682724,172.53683373967021,255.46915357779656,95.28866774690057,175.52276095625143,256.32182338936,49325300,33433600,25818500
2023-02-13,94.55215454101562,178.5883026123047,265.9169006347656,94.9005030653758,180.15094517244654,269.13158103404106,93.6066360329768,174.99525137947225,261.8299294701828,94.5621095255483,177.38398711902897,262.3101918765242,43116600,31463200,44630900
2023-02-14,94.50240325927734,178.6380615234375,266.75,94.72634868543489,180.65853765147932,269.49422863256655,92.21325000088231,175.05495810627266,263.9175373133073,94.21377699967309,176.32895245733712,267.24004296366184,42513100,24034600,37047900
2023-02-15,96.64225006103516,176.32894897460938,264.6178283691406,96.88111652786327,177.354116046433,266.00321414410365,93.91516908391556,174.50753165229477,261.53263664657936,94.29337495584576,175.59241483514342,263.63528781822424,36964500,25308900,28922400
2023-02-16,95.32848358154297,171.631103515625,257.5729675292969,97.41858248123923,175.02511118921583,262.08282450135516,94.52230442149285,170.98414348874408,257.32733242198594,95.08961708845939,171.93964690645842,259.41031333442197,35642100,25827500,29603600
2023-02-17,94.14408874511719,172.0690460205078,253.55442810058594,95.29862402303579,172.36762660759723,255.54898434486645,93.00946343733028,168.90395511245242,251.53039683731646,94.62182931370424,169.4215201087607,254.86122390687038,31095100,24171300,30000100
2023-02-21,91.61607360839844,171.2727813720703,248.25851440429688,92.97463678728393,177.334209778843,251.02928590068828,91.56630627413868,171.07372260157476,247.19736883072432,92.80045871080388,173.49231627815678,250.03691036831407,28367200,34592600,28397400
2023-02-22,91.36724853515625,170.31729125976562,247.11878967285156,91.9246062085135,171.94959760433574,249.89938146855127,90.44163234565723,168.8940065121616,245.9692189291674,91.500611925036,170.2675379536797,249.6537463098398,29891100,22433200,22491100
2023-02-23,90.64067840576172,171.23297119140625,250.32188415527344,91.6956789343809,172.87524032170427,252.3557354930105,89.58567787714253,168.58546052289745,246.10677639534023,91.6956789343809,171.19316550970734,251.09808466765125,32423700,20017800,29219100
2023-02-24,88.92878723144531,169.59071350097656,244.8687744140625,89.70510896249682,169.91916731977852,246.6176955175455,88.4410993017847,166.8735239655202,243.7683337176813,89.20746604839424,167.84892261131276,245.59585986981725,31295600,19791300,24990900
2023-02-27,89.67524719238281,168.7447052001953,245.79234313964844,90.02359569643723,172.3079137499204,248.4059045535386,89.18755928670662,168.2669610646023,245.03578273196894,89.66529220843043,171.0737401340374,248.05218936224236,22724300,19277000,21190000
2023-02-28,89.87432098388672,174.11936950683594,245.06527709960938,91.0188937091269,176.7171267627219,247.09914335825746,89.09799159324385,171.06376340066032,244.38732168006,89.11790156382462,171.0936214575041,244.72139688160397,30546900,46051100,22491000
2023-03-01,90.08332824707031,172.60650634765625,241.9702606201172,90.77007034929314,177.01573366141542,246.54888809758555,89.42643591324207,172.23824683192723,241.49863037101127,89.73497970341688,173.771016199502,246.38185800650254,26323900,30998400,27565300
2023-03-02,91.87483215332031,173.71128845214844,246.7257843017578,92.04403651471844,174.18903254694888,247.01071449485826,89.34680524447734,170.62582430147143,241.32181070309053,89.43638491738555,171.57138005511212,242.24540131691637,23328600,17352000,24808200
2023-03-03,93.57677459716797,184.3809814453125,250.83277893066406,93.66635427447287,185.74454983550044,251.15701912226012,92.223192793545,176.2194511610185,247.00087665249143,92.30280989251439,178.080674022044,247.78691211765954,30242500,45877700,30760100
2023-03-06,95.12942504882812,184.03265380859375,252.3852081298828,95.8460320884577,188.7703350321703,255.57846519382255,93.85546035323266,183.7738788997343,251.5107475643761,93.91517507539227,187.11811821575978,251.9528878516763,28288200,33209400,24109800
2023-03-07,93.72607421875,183.6444549560547,249.7126922607422,95.63702138219357,189.46701858054126,253.1908944468832,93.40161458962325,183.14680046463567,248.96596678774188,94.97018163142353,188.1133977563931,251.82514859412282,24101500,36701500,21473200
2023-03-08,94.20380401611328,184.1023406982422,249.2705535888672,95.78630481892661,184.39097367878765,250.0958841157782,93.95995625752542,180.48936350593286,246.4310117820294,93.95995625752542,182.01218534014973,249.60461380322926,25395200,19432400,17340200
2023-03-09,92.22319030761719,180.83770751953125,247.91464233398438,95.46781670437458,188.0437354729427,255.02822642305847,91.91962782028254,179.45422851848588,247.18755691928234,94.04455763819666,185.4758514347984,251.3535343083889,24438900,26582800,26653400
2023-03-10,90.58097076416016,178.66793823242188,244.249755859375,92.74073931800866,183.9032740280053,248.37642324072814,90.37196163895824,177.96127724794607,243.27705029353803,92.06394461064731,180.16090194224154,246.69628726753015,32850100,25665000,28333900
2023-03-13,91.2279052734375,180.05142211914062,249.48670959472656,92.64120936758242,182.91791737815754,253.4070520212103,89.51601238489984,173.99995575243568,241.43969960963778,90.138066045361,177.12522592730892,243.08054062729633,31508600,24728000,33339700
2023-03-14,93.80569458007812,193.10987854003906,256.23675537109375,94.38296221530149,193.40847431166495,256.511865522419,92.34262311544556,185.68486586763575,251.392822721387,92.63125693305724,186.70008541627902,252.2672832007519,32303900,41642600,33620300
2023-03-15,96.09485626220703,196.82237243652344,260.8055725097656,96.79155335178928,196.85223049422967,261.8274231030396,92.60140064232174,189.94478298357055,254.6843339357489,93.09904359014584,192.04488576977488,255.44090936840504,38367300,42123600,46028000
2023-03-16,100.59354400634766,203.96868896484375,271.3777160644531,101.48930282075987,204.79479734999595,271.7314162751919,95.41806044618829,195.17016006260434,258.68327877053844,96.11475752771521,197.32997901246466,260.57957486476903,54499500,50447100,54768800
2023-03-17,101.97698211669922,194.69241333007812,274.5513000488281,103.00212527534774,200.95290087614472,278.38320221583945,100.27504431057966,194.5132497950303,271.4956133158903,100.36461638769899,199.61919032932525,273.4017443911038,76140300,50141100,69527400
2023-03-20,101.4494857788086,196.88211059570312,267.4770202636719,102.09642309224357,198.4248428945065,272.63535806521134,100.31486053087639,192.73167305050785,265.13856899607947,100.5835843660484,197.54896593782573,272.14408779839806,26033900,25186300,43466600
2023-03-21,105.34104919433594,201.21168518066406,268.9999694824219,105.46048622824132,202.59516418009426,270.19867023704575,101.37981582099496,197.02142731474626,264.814336850172,101.49925285490033,202.24679993080582,270.08077016032206,33122800,31827000,34558700
2023-03-22,103.72869873046875,198.87271118164062,267.5360107421875,107.00319028480114,206.39724563624534,276.1332417111231,103.71874374521104,198.73336851348913,267.4279156750732,104.64435994502796,201.55009512210543,268.62661650670384,32336900,28477800,34873300
2023-03-23,105.75908660888672,203.32174682617188,272.81219482421875,106.59611789679786,206.90486575081258,276.1528264782384,104.91309507458631,201.20173353015846,270.3951536254245,105.39082807571704,201.88849925631558,273.0873049607908,31385800,27389700,36610900
2023-03-24,105.56000518798828,205.0436248779297,275.67138671875,105.65953983864776,206.60626747501993,275.7303367481384,104.24622828961706,202.59517296507255,270.4737392394616,105.24151404879004,204.21751649177017,272.3995101639137,25236200,27716400,28172000
2023-03-27,102.57415771484375,201.8885040283203,271.5545959472656,104.90313056250179,204.89434190908338,276.5458893718172,102.14618449375519,200.41545074102171,270.7095953765777,104.8235058717345,203.84926426575987,275.6026587216582,25393400,18527200,26840200
2023-03-28,100.8821792602539,199.73861694335938,270.42462158203125,102.51444752600926,200.08698119285827,271.31873699874143,99.80726866765536,196.97165894282725,267.3001201310285,102.51444752600926,199.21110435106297,270.97484184081367,24913500,19127300,21878600
2023-03-29,101.41963195800781,204.38673400878906,275.61248779296875,102.33529313857,204.75499352353694,276.2314932010779,100.55373051502896,201.58990262238925,273.54914642752533,102.23576606997473,202.60512217791344,274.08953179203525,26148300,18851100,25087000
2023-03-30,100.84236145019531,206.8650360107422,279.09063720703125,101.13099525628078,207.1138632813057,279.4934824393244,99.81721824541872,201.86859535261925,276.56553072790194,100.96179848515672,202.42596600872767,279.26751729823314,25009800,22608300,25053400
2023-03-31,103.50973510742188,210.94581604003906,283.2664489746094,103.69884186107308,211.17473288382774,284.21951457614847,100.96180559621337,205.80006974339463,278.05899567842283,101.23052945201815,206.26786624192704,278.77626112609994,28108000,25440300,32766000
2023-04-03,104.41543579101562,212.0705108642578,282.21514892578125,104.45524054036748,212.4885388512506,283.23696956652316,101.89735636583124,207.22334536538006,278.99241693897744,102.18599015591391,207.8603425627802,281.5175235068159,20719900,17924600,24883300
2023-04-04,104.62445068359375,213.71275329589844,282.1660461425781,105.59982655866123,215.2256272538082,285.3789735939118,104.10689779225198,211.5429717419898,280.68242999575364,104.34576426871752,212.38899048112867,282.2151911710679,20377200,21026400,25824300
2023-04-05,104.45524597167969,210.4879608154297,279.3755798339844,106.03775440739336,214.18056419915374,282.1365164147506,103.61124400377517,208.95519150856262,277.98038902724386,105.61973617661177,213.14543424703638,280.8592256779027,21864200,19396600,22064800
2023-04-06,108.38663482666016,215.0863037109375,286.50885009765625,109.11318927328242,215.92235971438376,286.9804504038719,104.32089288146136,207.6712387273477,277.10592919060144,105.27138513441434,208.26843026535886,278.2653199230616,34684200,26104400,29770300
2023-04-10,106.4458236694336,213.7426300048828,284.33740234375,107.46101953690977,214.64836493411835,284.54372744768915,105.10218922688338,209.6718194159604,279.7390901341014,106.88375189410401,213.70282432311066,284.1605222699036,19741500,16106100,23103000
2023-04-11,105.61974334716797,212.84686279296875,277.8919372558594,106.71455632786862,215.00668177517124,280.98696405070535,104.78369923541715,212.40892434732177,276.72274155917825,106.41596751793713,214.469206341982,280.76096892424965,18721300,16710100,27276600
2023-04-12,104.72398376464844,212.99612426757812,278.5404357910156,107.07982227374721,215.8227981596567,281.9989980260232,104.475162289288,211.58278732153883,277.0371498147004,106.8837523483541,213.83218017584758,279.81775661090296,22761600,18972200,27403400
2023-04-13,107.67998504638672,219.31634521484375,284.7795715332031,107.75462845227459,220.11258026866977,284.83852157200124,105.93823470366691,214.67820160897747,278.2260423471424,105.96809206602205,214.7180072867847,278.6386926187293,21650700,23310400,24222700
2023-04-14,108.94398498535156,220.4510040283203,281.1441955566406,109.06342201742886,221.06809077122915,283.443337075977,107.08279776764495,216.52948399337296,278.7369589738927,107.18233242442346,216.85793779798237,281.9891661216718,20758700,21591200,20987900
2023-04-17,105.91831970214844,217.83335876464844,283.7577209472656,106.20695351358656,219.9434092793781,286.5088526923991,104.82350677169838,216.11147820663248,281.16382928530817,104.93298882408622,218.75898897403798,284.86799665280347,29043400,15481900,23836200
2023-04-18,104.62445068359375,216.86788940429688,283.3352355957031,106.54535266677745,219.40593053219777,286.66606271139386,104.28604954795823,215.1957774816206,281.99899473668074,106.49558533719245,218.87841794798126,286.47937759362446,17641400,12281000,20161800
2023-04-19,104.52491760253906,214.6881866455078,283.41387939453125,105.22659595576813,216.31054546546787,284.00337983189127,103.31067523267343,211.93117597017783,279.5721416256665,103.72371218206571,212.46865143110782,280.99680766230375,16732000,15898100,17150300
2023-04-20,105.40077209472656,212.0705108642578,281.1146545410156,106.38411347306022,215.7332409525059,283.9836860604295,104.14670980873836,211.77191510577404,280.1026390020825,104.15666479330964,212.47857604073408,280.26968408422516,22515300,16475400,23244400
2023-04-21,105.41072845458984,211.89134216308594,280.77081298828125,106.13728287577679,212.4089071193459,281.27188830738805,104.9877289292179,208.5968716512829,278.11794135985355,105.58987261863996,209.22392121007456,280.03390753424685,22379000,17717200,21676400
2023-04-24,106.27661895751953,211.7918243408203,276.8504638671875,106.81407421311313,212.9165285242688,279.974965874203,104.86331491138166,209.72159470294358,273.85372692501556,105.5500645591004,212.67764886426204,277.16488406665934,21410900,15750900,26611000
2023-04-25,104.11685943603516,206.576416015625,270.6113586425781,106.93352037790008,210.26900443754622,276.6834526548498,104.06709210326711,206.15838799732518,270.56221361928937,106.10743125189522,209.83108117114566,274.6299462973571,31408100,19198200,45772200
2023-04-26,103.95761108398438,208.417724609375,290.2130126953125,106.51549558916905,213.10563726845726,294.3396952159119,102.78317339716249,207.90017479939294,287.6191210991788,105.06237906029263,211.50318897041646,291.5198084868981,37068200,41992700,64599200
2023-04-27,107.859130859375,237.44094848632812,299.5078430175781,108.63545261146601,240.55627098694686,299.8714082329825,103.92774717536115,235.65935178950915,290.09511710218845,104.73393388158743,238.7647114788081,290.80254754565533,38235200,71196500,46462600
2023-04-28,107.7098388671875,239.19268798828125,301.89544677734375,107.77950857486836,239.302157408545,303.5362728554159,105.54011535071814,234.64411815351386,298.0143992536934,107.29182062110233,237.88882032208997,298.7021896959071,23957900,39554000,36446700
2023-05-01,107.20223236083984,242.0392608642578,300.22509765625,108.1676607995734,242.85542162022017,303.21202941946285,106.99322325453072,235.3507976508865,299.82225241970167,107.21218734497685,237.50065377540756,301.6104834742064,20926300,29143900,21294100
2023-05-02,105.48039245605469,238.1177520751953,300.0777282714844,107.22214260656568,243.77110041454424,303.7818955393081,104.00736613051419,237.86892480278289,298.60391737135024,107.15247290428236,242.0392571311576,302.3867046786464,20343100,24350100,26404400
2023-05-03,105.61974334716797,235.91810607910156,299.0853271484375,107.62026255605073,240.6159660732543,303.2218143261027,105.12210039290142,231.65818450279187,298.78074198718167,105.71927041933552,238.34666262371402,301.2665682938947,17116300,34463900,22360800
2023-05-04,104.71402740478516,232.42457580566406,300.0777282714844,105.79889297169748,237.08261491383803,302.3867046786464,104.20642947555356,231.83733191833227,298.1028120701816,105.6595535547992,234.9526541341907,300.8932237762644,19780600,17889400,22519900
2023-05-05,105.71427917480469,231.6880645751953,305.2261962890625,105.93822455787861,233.57914590043632,306.5231569282417,104.24523937756305,228.77181603223144,298.9575831844526,104.82350171166144,231.15060431226985,300.38227888450245,20705300,26978900,28181200
2023-05-08,107.729736328125,232.17576599121094,303.26116943359375,107.9088880816198,234.51473334429355,304.78412545107415,105.29128907712789,229.18983858856006,300.74586773679005,105.29626277265363,230.3344380180247,304.71534040836775,17266000,16400500,21318600
2023-05-09,107.43115997314453,232.2752685546875,301.63995361328125,110.07364276113574,234.77350399447775,304.62688532818095,107.21716956104675,229.99601750847725,300.9619982242948,108.26719646482212,230.37423980806227,302.62249417879684,24782400,16865600,21340800
2023-05-10,111.75070190429688,231.9866485595703,306.85723876953125,112.97490692724274,235.6394311610159,307.53519415222576,107.96861996362168,229.63771845877667,302.298266179924,108.03828967429801,235.06215005629753,303.2316617176461,47533500,19119000,30078000
2023-05-11,116.34892272949219,234.68392944335938,304.6956787109375,117.88166392012744,237.09259086537824,305.68805440207467,114.388208299956,231.21031035330682,300.9129210456276,115.31382448672181,231.95679218923837,304.6858736936846,57115100,20449000,31680200
2023-05-12,117.36410522460938,232.71322631835938,303.57562255859375,117.70250636108216,235.84845920450806,305.22628385395967,116.00056847437612,230.36429615334117,301.2470057339232,116.44844406803567,235.62948997993087,305.12802378011924,31272500,16155300,19758100
2023-05-15,116.40863037109375,237.73953247070312,304.0569763183594,118.2349789674322,239.13295913720881,304.4892965393922,115.93089742252863,234.22609255917436,302.2196303713481,115.94084481361202,235.8086303848226,303.70327612919976,22107900,20653200,16336500
2023-05-16,119.52388000488281,237.69973754882812,306.2972106933594,120.62864796060592,238.51588315123632,308.23281696097433,116.27925344035776,234.41521432943026,304.4205544655897,116.27925344035776,234.68393686407012,304.4205544655897,32370100,18163800,26730300
2023-05-17,120.9073257446289,241.35250854492188,309.19219970703125,121.70354985109103,242.69616671435773,309.6156085646195,118.89684411944845,237.02290789546825,305.9821054697701,119.61345113066413,237.33145128577104,307.50839072780883,26659600,21193100,24315000
2023-05-18,122.93770599365234,245.6920623779297,313.6429138183594,123.31591947996219,245.93092684694426,314.1549709785042,120.9172769143201,240.05860911308702,308.91642188816326,120.98694662073058,240.16809372378933,309.7140170257551,27014500,22943300,27276000
2023-05-19,122.66898345947266,244.4877166748047,313.46575927734375,125.88275782763722,247.52341234256357,313.8694852016011,122.14148316339876,242.26818172538563,311.5259215707128,123.61450199846229,246.30913407546,311.8902515376422,30251300,21599800,27529500
2023-05-22,125.2766342163086,247.15516662597656,316.26220703125,126.4510718375126,252.3805394775979,317.65062125464465,122.86803665863356,243.9701653095046,313.1407616913175,122.92775897390055,244.25881345757563,313.72172423013296,29760200,27738500,24115700
2023-05-23,122.70880126953125,245.5825653076172,310.4328918457031,124.82875753308413,250.4297156168021,317.7786593037001,122.46993477628996,245.49297594907011,310.4230353450579,124.34106956129973,245.6522290451414,315.129844956525,24477900,17748100,30797200
2023-05-24,121.06657409667969,248.04100036621094,309.0445556640625,122.17134203333526,248.41920751653527,311.65397471878566,120.18077026904467,243.8009736603465,307.8235212372696,121.30544058223454,244.12942750285802,309.9110865313625,23087900,17724300,23384900
2023-05-25,123.76378631591797,251.50466918945312,320.9296875,125.38610701142078,254.42091768179606,321.89466299286516,122.32062495956035,248.00117676182518,315.10031838769214,124.61973270174168,252.21133017450006,318.29069949526894,33812700,22371400,43301700
2023-05-26,124.83870697021484,260.810791015625,327.79296875,125.40601961234306,261.0795135233531,328.29513945011763,122.70879581601918,251.5245557905279,318.92091576078735,123.48014388390779,251.74350980849536,319.0587565244424,25154700,25727200,36630600
2023-05-30,124.05242156982422,261.2885437011719,326.138671875,125.78421673657594,267.3897935706732,330.59930960813324,122.31067141890739,260.0643329023369,325.45923440138364,125.69464465937425,264.0057485798782,330.0971389039491,27230700,23816500,29503100
2023-05-31,122.78842163085938,263.4782409667969,323.3619079589844,124.31120781084275,263.75692631547395,330.7962949649811,122.5196901911984,257.23766349405014,322.31811038320245,123.11686019993697,258.78038053593673,327.20218753857415,41548800,25473700,45950600
2023-06-01,123.78369903564453,271.3311767578125,327.4877014160156,124.45053870652681,272.7146708722513,328.42316754915356,122.71874352171541,264.64272931776173,319.74806391564715,122.91779764652478,264.65266175333346,320.9395286349785,25017700,25609500,26773900
2023-06-02,124.6396484375,271.3311767578125,330.26446533203125,126.14750586980081,274.0583441211411,332.3323168692786,123.76379204305104,269.84817604113204,327.45809753507444,123.90313145245369,271.380960433354,329.13207974387075,19362400,19405300,25864000
2023-06-05,126.03304290771484,270.116943359375,330.7962341308594,127.386632254605,274.2773279863085,333.3761130137204,123.79364977265178,268.295510749762,329.535834140366,124.02256885645558,269.0320297424895,330.08725725806266,22672500,20742900,21307100
2023-06-06,127.30701446533203,269.84820556640625,328.57086181640625,128.27244293769493,275.2726524565986,330.2349878378433,125.37615752060624,268.42492080511124,327.08400256878656,126.0031848613752,268.8728220618882,330.19559188251617,19450100,19419000,20396200
2023-06-07,122.3604507446289,262.36346435546875,318.4285888671875,128.93929113866884,272.9634993681727,329.368464259654,122.05190695268048,261.5671989129693,317.5620581330694,126.97359541514106,270.39561545536134,326.57195237701546,34179300,26163600,40717100
2023-06-08,122.09171295166016,263.3388977050781,320.27978515625,123.14672111234258,266.39450427298254,321.6386600689706,121.4348282416394,257.665653426529,318.3990265502694,122.0071145659302,259.39748173400665,318.97998914840355,24815000,20899400,23277700
2023-06-09,122.290771484375,263.7071533203125,321.7863464355469,123.69910183143158,266.69308056511954,324.9373314399376,121.84288830914471,260.47239880510483,319.44278312053285,121.98222771652439,261.2487386737778,320.0138891984146,20304500,16938500,22514900
2023-06-12,123.76378631591797,269.7785339355469,326.76885986328125,124.16190215011494,270.4752624928421,327.01503196954405,121.773214738361,264.0853643619349,320.1812918956647,122.81328656521181,265.9167599340666,323.5489094811682,22255700,15442500,24260300
2023-06-13,123.84342193603516,270.0472717285156,329.1715087890625,125.26668104339029,274.42662568433303,331.82032311090893,123.26118060940287,267.82772150543565,325.3312298625047,125.05767192050398,273.5905696870389,329.34874549714056,19287700,16164000,22951300
2023-06-14,123.79365539550781,272.0677185058594,332.1748352050781,124.20172625238887,273.70000945484793,333.84881777710495,121.58412711369931,267.0613155008698,327.7141972305495,123.21639535436614,270.6145758852196,329.22076952524964,24659600,19175100,26003800
2023-06-15,125.19700622558594,280.5079650878906,342.7701110839844,125.5652647185517,282.6578365022489,344.48345964894935,122.55949724141739,270.14682353972785,332.03701124714706,123.2960066339206,271.02267007942214,332.3127228558807,24517100,25973500,38899100
2023-06-16,123.47515869140625,279.681884765625,337.0884094238281,126.102712697508,286.4997588499214,346.088476963345,123.20643485612625,278.81597062287807,336.71425302671787,126.102712697508,283.4142942598282,345.94077969470817,56686800,43102500,46533600
2023-06-20,123.26615142822266,282.9962158203125,332.8739318847656,124.58490974007022,283.4640123003581,336.842225295789,122.25096319883583,274.92427380491404,330.7174616885454,122.95264154792456,277.4225093020109,334.1146489977438,22698000,20701600,26375400
2023-06-21,120.68836212158203,280.3188781738281,328.4526672363281,122.8282281791936,282.6677931427556,332.5588311731775,120.29024627007294,277.05423506540825,326.98549110544155,122.65405012121204,282.19999663631,331.21963929473736,22612000,20556200,25117800
2023-06-22,123.28606414794922,283.54364013671875,334.5085144042969,123.35075256633372,283.9218624264393,334.9122402862619,119.03618920668818,276.48690278855537,328.23605360829237,120.09119739838766,277.77082956228554,329.0041094190213,20781900,17563100,23556800
2023-06-23,122.4400634765625,287.3756103515625,329.8903503417969,122.85808930986228,288.3112033451979,332.7853371103675,121.28553582452349,277.64148846781046,328.3444121418227,121.46468758352954,280.1894773602233,329.24045228657593,29542900,50988400,23084700
2023-06-26,118.52859497070312,277.1637268066406,323.56866455078125,122.14148767141154,288.43063312942365,330.9636551501701,118.42906789873011,276.29781274794044,323.4603331837818,120.89340133145787,287.34574985333995,328.61026513447996,23185000,24232700,21520600
2023-06-27,118.448974609375,285.7034912109375,329.447265625,119.32979714519557,287.99272057556743,331.0030603602188,116.35887578174737,279.33351846154636,324.2579375730142,117.28448435970893,280.6871547564066,326.77873793533746,27221700,26108300,24354100
2023-06-28,120.50920867919922,283.9517517089844,330.7076721191406,120.69830782110898,288.19174797067035,332.8050636439162,117.04561069106751,282.7275105377967,328.6988989622739,117.40391419306142,283.4839552004256,329.5358902818276,19753100,16722100,20259500
2023-06-29,119.44425964355469,280.2093811035156,329.9198913574219,120.34001844718046,285.2257476763586,330.9636588312666,118.64802790845876,279.37332507044584,327.52710535890856,119.5238767423214,283.16545046570934,329.5851008516896,18517500,15395700,16997000
2023-06-30,120.39974212646484,285.6338195800781,335.3258361816406,121.4547427995369,287.69408635507347,337.48230643910676,120.31016244272391,283.0858306861351,332.0369801390501,120.52912656583602,283.42423213890936,332.5785468035808,23865800,19676000,26823800
2023-07-03,119.99166107177734,284.67828369140625,332.81488037109375,120.44949165700562,288.0424331420296,335.68032771766394,119.14069591223657,283.51378911198844,331.41663942897316,119.75279459109923,285.35511693031197,333.99651867597373,13888300,8629300,12508700
2023-07-05,122.0519027709961,292.9891052246094,332.9723815917969,122.78841977763858,296.7215139714821,336.4187910450174,119.49401840420481,285.0166704214747,329.60476403996404,119.49401840420481,286.3006275352366,329.9592374452914,17830300,33865500,18172400
2023-07-06,120.35992431640625,290.62030029296875,336.0446472167969,120.57888842958349,296.72155005981983,337.73831270755437,118.68784369892326,289.94349738108144,330.3630051592924,120.07129049389343,294.5020301613624,332.13543251111116,17732500,47600500,28161200
2023-07-07,119.57363891601562,289.16717529296875,332.0566711425781,121.17604970854747,294.81059171695284,336.55670498898127,119.5238715871829,287.30595198342843,331.84003846145146,120.32010328793686,290.809429367597,334.12452308964015,20982400,25546200,21185300
2023-07-10,116.31906127929688,292.72039794921875,326.7491760253906,118.5086871355719,296.73149220943253,330.0971410096197,116.0901421902162,285.7034509156094,322.5741063466411,118.5086871355719,294.16357784839363,329.4767824384207,32960100,37058300,32791400
2023-07-11,117.15509796142578,296.8907470703125,327.37939453125,117.66766957312922,298.77186539304495,327.7634074291619,115.28396327359579,290.530707617368,321.9931471069892,116.20957942944025,292.5213257310525,325.99098010741216,18286600,27585900,26698200
2023-07-12,119.05609130859375,307.888916015625,332.03692626953125,120.38977064895514,307.99841581227344,336.418771431549,118.439011372849,298.69226957179035,330.5303542841128,118.737600153177,300.3345235261289,331.4461072447918,22059600,36677100,29995300
2023-07-13,124.24153900146484,311.9398498535156,337.4134216308594,124.74415564038051,314.75656143299585,338.4768721671608,120.48930695802895,308.8344901106006,333.8291404653025,120.96704752453164,312.14885627386656,334.3608807586099,31535900,30281000,20567200
2023-07-14,125.10743713378906,307.4211120605469,339.953857421875,126.49088395541509,313.4029293780309,346.0490818076083,124.31121295367358,305.9181856231809,339.0381043039025,124.54012446300305,310.32742795194724,342.2678814702268,20482800,22576000,28302200
2023-07-17,124.47045135498047,309.1628723144531,340.43634033203125,126.67998725250087,310.2477554640629,341.67702731455745,123.91309368476946,303.2805925633465,336.96039139033553,125.46573724803083,306.09733400288263,340.3870878805487,20675300,25323100,20363900
2023-07-18,123.49507141113281,310.586181640625,353.9856872558594,124.40077759573606,312.7261204303064,361.16407540289185,122.71874965477905,306.17696977172506,336.93090392473795,124.31617920879273,309.4216870440371,340.534837675606,21071200,20764600,64872700
2023-07-19,122.20121002197266,314.52764892578125,349.64312744140625,124.87853170767161,317.18510730194566,356.9101323004206,121.8926738015732,309.06338112949766,347.0435658135602,124.2017369452188,311.56161677383153,356.2110119833152,22313800,21763700,39732900
2023-07-20,118.96652221679688,301.1009216308594,341.5588684082031,124.11214848892867,314.05986656964814,352.488915911332,118.12550441772859,300.8023410271928,340.0818357740048,121.54431664214903,312.02942734143886,348.15629286107804,27541700,23836900,33778400
2023-07-21,119.74284362792969,292.87969970703125,338.5063781738281,120.72818213149837,304.02714470488866,344.9363933202969,118.50869124397666,289.83405593512015,334.6267028122205,120.30020889280264,303.14133529708727,343.80400747725736,56498100,42089700,69368900
2023-07-24,121.30543518066406,290.2420959472656,339.8258361816406,122.76850657721761,296.1243768570865,341.6081500253585,120.80779226175079,286.9476249852087,337.06872038252897,121.35122355348278,294.3925486004377,340.5545261109339,22276100,24915700,26678100
2023-07-25,122.21115112304688,293.0886535644531,345.60595703125,123.10690991179244,296.9006738143323,346.5020271113136,120.95708881880307,290.4908811811979,339.78644478620345,121.30543734958512,293.80527728661787,341.79518755329605,31820800,19585600,41637700
2023-07-26,129.04876708984375,297.16943359375,332.59820556640625,130.75069739047112,300.35440436388006,339.3925798836245,128.10324856873333,290.53070879300293,328.00955380229783,129.7454641481958,299.7771384733213,336.21202538513404,46216900,47256900,58383700
2023-07-27,129.25778198242188,310.247802734375,325.65618896484375,132.97020952527186,323.82383394912125,336.1037197516402,128.57103224428454,308.38657950722336,324.0117459121444,131.17869177075232,323.5949019127115,335.2667585487862,35931600,64229200,39635300
2023-07-28,132.38294982910156,323.9532165527344,333.18902587890625,133.43796546264164,324.66984031915814,334.80392936037714,130.3028062927618,312.77588443356973,328.06866397123474,130.35257361676403,315.39355222445687,328.5610081960286,26971000,39220300,28484900
2023-07-31,132.48251342773438,317.1054992675781,330.7765808105469,133.1991205267683,324.13237939236495,332.52932517386967,131.5071374489387,316.100227312594,328.2557505534437,132.38297875797917,322.1716191642379,331.7612693303981,18381900,25799600,25446000
2023-08-01,131.26824951171875,321.1961669921875,331.19012451171875,132.29339271729313,322.61948198267146,333.3564512189415,130.13362425570162,313.1839414897262,328.5905625133595,130.23812501712436,316.05043634198404,330.0577387535238,22154300,22817900,18311900
2023-08-02,128.0335693359375,312.8356018066406,322.4854736328125,129.8051769090741,316.89647995750096,328.52161875649267,127.24729261428382,309.1927668438837,321.3629143538821,129.22790930176964,316.5082948275176,328.52161875649267,22705800,20461100,27761300
2023-08-03,128.1629638671875,311.72088623046875,321.6583557128906,129.15824972270406,314.4679493022101,324.82905395091615,127.17265170731427,308.47616856598734,320.9592352774214,127.76484041286672,308.47616856598734,321.0084576833229,15018100,15180200,18253700
2023-08-04,127.93403625488281,309.27239990234375,322.76116943359375,131.30805467305635,316.916366310776,330.00849183831787,127.71010605113533,308.74488730741234,322.22942927216775,128.98905201101266,313.48253785122665,326.79839796975773,20509500,17600200,23727700
2023-08-07,131.31802368164062,315.0750427246094,325.0555725097656,131.43745312948764,315.5826600797192,326.0402612103016,128.81984636055205,309.00365120796704,322.5052323814153,128.8994710547359,311.760676823609,323.3422237869337,17621000,16236500,17741500
2023-08-08,131.21849060058594,311.1734924316406,321.05767822265625,131.31802526623122,316.39886589224244,323.71634923267544,129.516560200799,308.6553309187957,318.05439027271234,130.3625441113529,312.92521602286996,321.9537483771396,16836000,15183500,22327600
2023-08-09,129.53646850585938,303.7783203125,317.29620361328125,131.8455393455096,312.1588373587852,322.10145851514295,128.89451996206932,301.4294051192526,316.1342482811802,131.56686047684275,311.4123554394084,321.47127346666514,17745200,19955800,22373300
2023-08-10,129.59617614746094,304.3057861328125,317.98541259765625,132.02168422066035,310.87483208676855,323.23381851196274,129.42199808776857,302.44456302698313,316.26220792584803,131.34787376182086,306.495478242272,321.02809609784106,17855700,14358900,20113700
2023-08-11,129.55636596679688,300.22503662109375,316.0948486328125,129.82509741665174,303.29057513238394,317.47340645136524,128.14306178737075,298.9510118768029,314.32239139441043,128.5929268909368,301.15066674834725,315.356332296055,15191500,13967800,24342600
2023-08-14,131.2085418701172,304.7536926269531,319.07843017578125,131.28816656444948,304.77358787395633,319.0981131252165,128.9790959893854,296.8509360242171,315.1790425656813,129.2378800426798,299.5681407740844,316.4690119861492,17526200,15641900,18836100
2023-08-15,129.65589904785156,300.5335693359375,316.9317932128906,131.3677920187556,305.7887997220303,320.112347555103,129.20702109553514,298.62256266171255,315.98650076532334,130.9696685447909,304.70391654022484,318.05435241024975,14769200,11623600,16966300
2023-08-16,128.50135803222656,292.9095458984375,316.1621398925781,130.28092356169924,299.66767333362714,320.1289875880266,127.85442829776723,292.8995830868617,315.57006992613054,128.6705548060566,298.7918267732988,316.55684316556676,17548400,18547700,20698900
2023-08-17,129.8450164794922,283.752685546875,312.6887512207031,131.866432962945,294.6612654651381,317.6127407149827,129.23789142025993,283.61335805879924,312.02759981073376,129.8350539000376,291.6753379770627,316.30034537916515,23665600,23950100,21257200
2023-08-18,127.50607299804688,281.9212951660156,312.29400634765625,129.21796590382195,284.3498517361462,314.1688694839408,126.40130507846943,273.0929085409362,307.4291913799028,128.45159153409708,277.72108965942147,310.3303071193683,23619400,34061200,24744800
2023-08-21,128.32220458984375,288.54010009765625,317.6225891113281,128.6506507612952,289.1372916285723,318.50080167384647,126.56055947050106,280.5278740456698,312.84661003586535,127.24730158221088,282.1203746699717,313.7248225983837,21851100,20181500,24040000
2023-08-22,129.07862854003906,286.25091552734375,318.19488525390625,130.3326832848051,291.5260418341039,321.7669995051517,128.31723544734945,285.40489668112855,317.2081120302946,128.5212708756986,291.1776775592595,321.1946842855857,15569400,12999900,16102000
2023-08-23,132.58203125,292.8597106933594,322.67486572265625,133.43797766580917,296.0048907810087,324.8457790055064,129.89474737667268,286.3205536422657,319.18167984531766,130.23315609872296,287.14664674823496,319.5369338888436,26497000,18287000,21166400
2023-08-24,129.80519104003906,285.4048767089844,315.7378845214844,134.33374512421491,298.0552465231389,328.5758160317228,129.6857615865114,285.2954072906671,315.7280071510717,134.09189440607807,297.09975831780935,328.44753067209507,18680400,18360900,23281400
2023-08-25,130.0738983154297,284.1607360839844,318.7080383300781,130.78054269990784,287.0371938415798,321.05653339298726,127.43638194111837,274.73515808891875,314.58330321702437,129.52648811043258,284.787785650487,317.21800107114086,20678100,23701400,21684100
2023-08-28,131.16871643066406,288.8984375,319.4185485839844,132.61189307300702,290.08285779345016,321.83612524691614,130.23316048190944,284.4593369151262,317.46472649074093,131.45735783387545,286.6490291486704,321.3526159371164,16715500,14239300,14808500
2023-08-29,134.85128784179688,296.5921325683594,324.06622314453125,136.64777154543356,297.7466947053678,324.6286911530099,132.35311059131993,286.82815326789597,317.6225946985404,132.37103108273348,287.2262708109696,317.6225946985404,30803300,20844500,19284600
2023-08-30,136.28448486328125,293.7157287597656,324.4411926269531,136.60298362663758,296.89076729736024,325.4476905236703,134.38448756755432,292.0535491568498,322.1321467834745,134.93091067958756,295.77602593765755,324.3227846525076,21773400,17717000,15222100
2023-08-31,136.70252990722656,294.5020446777344,323.42486572265625,137.74756799453726,299.6875969448397,326.53319597235986,136.17502957407754,294.2731126340071,322.45781693019813,136.40394108791284,294.41244012300496,324.84582185633815,28147900,17229900,26411000
2023-09-01,136.1551055908203,294.98974609375,324.3128967285156,137.92671316640642,300.3245888357522,327.59883836815857,135.2991591632001,293.08870187335276,322.457758218764,137.77741117868558,297.96571088735953,326.92783979218484,16665700,12819800,14931200
2023-09-05,136.06553649902344,298.7420349121094,329.1382141113281,136.72241362411103,299.97623891112556,330.4210374382803,134.92094864878234,294.1238162567697,324.31290845170753,135.79680506470848,295.62671241672155,324.64840775182194,17730200,14956000,18553900
2023-09-06,134.73184204101562,297.76666259765625,328.4771423339844,136.83189581359818,301.8772640221094,330.036231094412,134.05505494574317,294.2731176343078,325.81284204251835,136.36909153343186,300.294726060996,328.9705290461866,15814300,15418100,17535800
2023-09-07,135.55792236328125,297.2689514160156,325.54638671875,135.93613582551458,305.6096152940419,328.67444125152036,133.32849190006834,290.849196237384,324.67802138664604,133.96547420196575,296.6020810234664,326.9081387064647,16976000,33748700,18381000
2023-09-08,136.55322265625,296.4926452636719,329.84869384765625,136.8667401451377,303.8181057312273,331.7137098037089,135.22949058475626,295.3878363572217,325.1023167744585,135.22949058475626,297.81639301480607,325.72398875980934,17810700,17548000,19530100
2023-09-11,137.09068298339844,306.11724853515625,333.4701843261719,137.6122148514715,307.5903168617687,333.94384636953174,135.9062903528029,299.8667089253806,330.9933736107888,136.73237945806582,299.9961039615966,332.779430943847,17180800,19489300,16583300
2023-09-12,135.42855834960938,300.2449645996094,327.38177490234375,136.9911492998314,307.21212871378674,332.33539626234364,135.28920374561838,298.82167979186084,327.09563232037993,136.48355896317153,304.8930413632468,331.3782249333898,15212900,13480400,17565500
2023-09-13,136.851806640625,303.62896728515625,331.6150207519531,137.05086077654903,305.73901754816256,332.3945800625575,134.293914674087,299.9065212692648,326.7897151493459,135.2593431795185,300.9416207807338,326.9278477470877,16394900,13210900,16544400
2023-09-14,138.3347930908203,310.2577209472656,334.2201232910156,138.89215076646443,311.40232021593397,336.3515270839073,136.41388340134228,303.59910134482067,332.1182913781519,137.73761547442584,305.3010712203956,334.6641532003969,19064600,19343100,20267000
2023-09-15,137.64804077148438,298.9012756347656,325.8522644042969,138.70304137845025,310.5364415310595,332.93728912466776,136.53331025452835,297.3485958570642,325.2897964234444,138.14568371340093,310.14825639942245,332.4636572367329,48947600,28106400,37666900
2023-09-18,138.304931640625,301.1307678222656,324.7075500488281,139.27034496584977,302.17586064275775,326.02982237356855,136.98119960666872,296.4030494125245,322.04325066466816,136.98119960666872,296.79123455641644,323.4642063210302,16233600,14234200,16834200
2023-09-19,138.17555236816406,303.63897705078125,324.30303955078125,138.51892724109936,304.73382321724205,325.0332722714447,136.85182021205352,298.4036410748847,320.2178137413672,137.59828468593747,301.06112993463853,321.8558610357087,15479100,15924400,16505900
2023-09-20,133.9555206298828,298.2642517089844,316.52728271484375,138.18548554679785,306.6148781531097,325.2306310562654,133.88585851665223,298.0253569021365,316.27074211639325,138.17553815543835,303.61898844058305,325.1517024368806,21473500,19379500,21436500
2023-09-21,130.74073791503906,294.3427734375,315.30364990234375,132.5621126765059,298.8515224816691,321.046677345135,130.4720065077786,291.8942911622861,310.8335683618871,131.76588103190238,294.31291537923755,315.0372319704766,22042700,21300500,35529500
2023-09-22,130.63128662109375,297.67706298828125,312.8169860839844,132.3829845020388,303.94752919014746,317.19826156154136,129.89476951877987,296.8708649640226,311.9683454610341,131.05925230852196,297.8960322278593,317.0699762255431,17348700,25369600,21447900
2023-09-25,131.5469512939453,299.4188232421875,313.34002685546875,131.59671863226157,299.5382858487245,313.46831221282724,129.41703982100032,292.3222948724247,310.83361404365974,130.1535569422465,294.2531969567264,312.40258010087473,14650000,18987000,17836000
2023-09-26,128.8397674560547,297.5575866699219,308.0113830566406,130.78555337515328,298.89129715910343,311.70190497196,127.58571258480154,294.62144318141753,305.91939869950795,130.29687063040993,296.26369704779074,310.96182511532044,20378800,19417200,26297600
2023-09-27,130.8402862548828,296.34332275390625,308.6528015136719,131.09905511203914,299.8866207323841,310.14280858680456,128.77008983706102,285.44470629532236,305.5937985326922,128.82980455895424,299.0406322939545,308.1692621621633,18764200,36429800,19410100
2023-09-28,132.5023956298828,302.5341491699219,309.4915771484375,133.54743350900674,304.8930269053858,311.3072363180732,130.0738959906491,295.30822567161914,305.3569948142918,130.0738959906491,297.537708362619,306.8766039400304,18201400,22167100,19683600
2023-09-29,131.2284393310547,298.8017578125,311.5736389160156,134.2541014929729,309.1828555537698,315.2444364365429,130.70093906988754,297.95573894200606,310.81383439055213,133.44792242163658,305.93813793550083,313.5471853224512,23224200,25356600,24140300
2023-10-02,134.53280639648438,305.3807373046875,317.54364013671875,134.72191316581805,305.7390339915228,317.6324762351651,131.44244762801844,300.2150807818553,311.0112056216763,131.5320197229052,301.31985927401985,312.09666228896396,19210400,16265600,20570000
2023-10-03,132.67161560058594,299.5283508300781,309.244873046875,134.60247270694708,305.3309900577834,317.1390587858504,132.18890132399565,298.23446102955893,307.09368454641833,134.29392131611854,302.8327846391416,316.5864380793077,19628700,17362300,21033500
2023-10-04,135.6276092529297,304.14654541015625,314.7412109375,135.9261980501909,305.46036072928314,315.80694299104033,132.8009858506282,297.09977025429816,309.84682368319505,133.02991253441417,297.32870228509904,309.87642567835275,22848000,16880500,20720100
2023-10-05,135.34893798828125,303.36029052734375,315.1358947753906,135.85652834118827,304.77361253952307,315.74771949407113,133.82117045329818,298.0950965115002,310.73489445489207,135.48827740987483,303.2010374151612,314.86947683543065,15922900,19130000,16965600
2023-10-06,138.0760040283203,313.9503479003906,322.931396484375,138.5298632526382,314.82622478441607,324.83586147061334,134.3038772759261,299.4984704372424,312.1163408848103,134.3038772759261,300.02598305497264,312.3630341767249,20819300,21784000,25645500
2023-10-09,138.84237670898438,316.8666076660156,325.4576110839844,139.31016227556893,318.8273679142384,325.93124304462157,136.05557327888786,310.3573076688873,318.90542123178176,137.33950053589038,311.034110603699,320.45466270221294,16599100,22503700,19891200
2023-10-10,138.54379272460938,320.33026123046875,324.0465393066406,140.07654149845536,323.1370400432874,326.72068685497203,137.77741833768638,316.6675312137756,323.3360612364862,138.85232892033153,317.62301939760385,326.5825241208616,19554900,19038000,20557100
2023-10-11,141.03199768066406,326.2822265625,328.023193359375,141.54955055947207,327.2974308789376,328.4178966562557,139.1807654476743,321.4350762523211,324.786578142663,139.1907280254641,321.49479236655725,326.82917598535187,20146300,22036300,20063200
2023-10-12,139.62864685058594,322.639404296875,326.77984619140625,141.70880584347444,328.9894812698115,329.2171774212292,138.7926103716341,321.176298692219,324.37211695571347,141.48984173895988,326.4613876290649,326.197653564225,18173100,20530500,19313100
2023-10-13,137.9267120361328,313.2138366699219,323.395263671875,140.67369545751967,323.52522481264265,329.4145574407589,137.31958707283258,310.904712168084,322.0433587912117,139.98694580545884,322.012365849934,327.9837540505877,19438700,21341000,21072400
2023-10-16,139.82772827148438,319.64349365234375,328.24029541015625,140.2407652575972,320.31036407708376,331.6940020700412,138.66324553499976,314.03989887039273,326.22726938220796,139.07130123157899,317.14528860458284,326.6712993129767,17345600,16536100,22158000
2023-10-17,140.3253631591797,322.4801330566406,327.6679382324219,140.58413202342314,322.87825060281386,329.04941482391666,137.87596604076654,315.81155025415745,323.07944842920335,139.36988202214835,316.6874270803916,325.23060698695457,17424000,16387800,18338500
2023-10-18,138.6234130859375,315.4831237792969,325.7437744140625,141.32064444330823,324.4110475402622,331.15130384888397,138.05112675496449,314.07973431610037,323.95771684967633,140.08648451213176,319.88240332612423,328.09230008142634,18304900,16851000,23153600
2023-10-19,138.3248291015625,311.3426208496094,326.9377136230469,140.34029214619687,320.38004401439065,332.42417036991503,137.94663078943668,310.28759568876893,326.53313298528315,139.14097082318807,318.3794631082584,327.75672215339745,21831200,18709200,25052100
2023-10-20,136.0953826904297,307.2021484375,322.3492736816406,138.3845278293265,313.8209478947954,327.52983393285876,135.60270590347702,305.03238188372967,321.1454089520383,137.93665226679693,312.66641606529106,327.33246721104837,24953900,22287400,25012600
2023-10-23,137.2499237060547,312.5370178222656,324.9642028808594,138.3646542749927,315.8712789822451,328.3291035769389,134.47308264288844,305.81868144861016,320.0994175521123,135.58779802496835,308.048164095756,321.16511950696747,20780700,17796800,24374700
2023-10-24,139.45945739746094,311.08380126953125,326.1581726074219,140.04668762868056,316.85661142453586,327.450843201344,138.09592055519693,309.17282508846813,323.2669341104162,138.50399142474643,315.2939690776659,326.91797719567256,26535200,19525500,31153600
2023-10-25,126.0728530883789,298.1249694824219,336.1640930175781,129.48669135061922,309.4217352054743,341.62094848109837,125.49558548993762,297.43820369059677,333.1544162082352,129.15824520735833,308.5458582318755,340.45653303242403,58796100,42192500,55053800
2023-10-26,122.85808563232422,286.99737548828125,323.5531005859375,124.86855967349787,293.6161747076541,337.1113556219108,121.74336276593957,278.0893471906022,322.61565393783195,123.883228825173,293.6161747076541,336.0357763758335,33907400,66684100,37828500
2023-10-27,122.81827545166016,295.3381042480469,325.44769287109375,123.85337364723375,297.90598857058495,332.26629984544655,120.88741847208745,291.5957320072256,324.05633893346254,123.44530280374534,293.09865859053053,326.0594874860953,37367700,29596300,29856500
2023-10-30,125.15719604492188,301.240234375,332.8485412597656,125.95342776488519,307.9486075109332,334.9602508419378,123.29600876572896,297.64715298545684,327.4410120549132,123.87327638303094,297.68697385145646,329.00013092872786,24165600,28435100,22828100
2023-10-31,124.7093276977539,299.85675048828125,333.637939453125,125.96338247846661,302.2554489751464,334.5161822328496,123.34080956999632,295.4674338753294,330.2631912926322,125.67474865303717,301.8871894817279,334.36817224579886,21123400,19434200,20265300
2023-11-01,126.96862030029297,310.38714599609375,341.4926452636719,127.13781707865934,311.27295529207805,342.82479524967096,124.33609247029821,300.4340550895294,335.15754738848574,124.74912943118413,300.4340550895294,335.29571010602456,26536600,20434600,28158800
2023-11-02,127.97386169433594,309.4117431640625,343.7128601074219,129.476737922561,317.3244628661548,344.2160939793093,127.50607611059127,306.8836494789848,340.2097970582298,128.9492376152502,315.8115735548844,342.64712815086057,24091700,21631800,24348100
2023-11-03,129.7554168701172,313.124267578125,348.13360595703125,130.1137203986835,314.0697930547671,349.7026019942071,128.40182744962854,309.5610437782957,342.7359548361638,128.48145214340522,311.0838655769867,345.00555147993623,19517900,16754100,23624000
2023-11-06,130.83033752441406,314.318603515625,351.81427001953125,130.93981958842548,316.8367343387527,352.810920650958,129.3174985999452,312.9749605221039,348.6763382726154,129.60614003545646,314.4977822392614,348.775021621636,15360400,12887700,23828300
2023-11-07,131.7758331298828,317.3244323730469,355.76141357421875,132.651689488922,319.4941987695334,357.6658790135681,130.52177849595893,313.6417768106701,352.8997767299531,131.35781491857486,315.5726787596671,354.64635481124117,19223800,14055600,25833900
2023-11-08,132.63180541992188,318.2799377441406,358.39605712890625,132.91048428187855,319.8226546749476,359.0571783438661,131.5369999441946,313.4029293062361,355.7810839202766,131.73605410461238,316.64764664068247,356.8961425131314,15093600,13609700,26767800
2023-11-09,131.06919860839844,319.04632568359375,355.91925048828125,133.32850178489792,322.65930264250363,359.96502688763604,130.89003925468984,317.3045347267746,355.5935984478297,132.73132418834552,317.92165189456364,357.507940986345,17976500,16103100,24847300
2023-11-10,133.4280242919922,327.2277526855469,364.7804870605469,133.63704101159271,327.55622168900237,365.20479233824454,130.2530598656544,317.9614276546455,356.2942309369423,130.9099521994189,318.43918694402515,356.7086588455069,20872900,19096200,28042100
2023-11-13,133.00999450683594,327.64581298828125,361.8299865722656,133.47778005060607,330.7710678432152,363.5963190166595,132.14410071540684,324.17219386503194,361.06030468757956,132.73131569610345,324.66984842707564,363.3496257188251,16409900,16908900,19986500
2023-11-14,134.7915496826172,334.7323913574219,365.3725280761719,136.5930297519878,336.5140030999855,367.03033005742196,134.46311873042313,331.76635938999215,362.4911669897253,135.01051377531735,332.9707052359157,366.1027607739128,22317300,17179400,27683900
2023-11-15,135.73709106445312,331.1492614746094,365.5208435058594,136.19491405749716,336.8125723298676,368.9420000758944,134.69203786932476,328.4718777328685,362.98954914112466,135.99585992196248,336.34477586710636,367.11275840931216,15840900,14531200,26860100
2023-11-16,138.046142578125,332.622314453125,371.94793701171875,138.22530192598109,333.0104691652911,372.12590947641365,135.43849854453342,324.8489536558696,366.02514736390873,136.31435494103724,327.8249178220162,366.79639155264005,17615100,18932600,27182300
2023-11-17,136.29444885253906,333.4683837890625,365.6988830566406,137.34944944008024,333.92621749002217,370.1681406109191,134.84132480668052,327.8050723352092,362.8808648558553,137.1703052739802,328.7108073003068,369.41666104402844,25565300,14494400,40157000
2023-11-20,137.2698211669922,338.375244140625,373.20367431640625,137.77244537575424,340.2663254015602,374.61761697588884,134.85128386660017,332.6223586182126,366.83595346489807,134.86123125772718,333.31908715486327,367.0534854259764,19569400,16960500,52465100
2023-11-21,137.96652221679688,335.3992919921875,368.8826904296875,138.30989705634093,338.30557773248745,371.9973289708727,137.0558423294347,334.32434108868193,366.954565050594,137.28973511598127,336.74293505993177,371.4535142101286,17648100,12027900,28423100
2023-11-22,139.3599395751953,339.88812255859375,373.6090393066406,140.43485019742334,341.31143777223315,375.52726727191356,138.34474367861472,336.99176919645225,370.7613594334498,138.44427834593247,337.6188188404987,373.75734968023374,17306400,10702700,23345300
2023-11-24,137.56842041015625,336.6434020996094,373.19378662109375,139.01855271753246,340.25634855661747,373.7277342076605,136.82195597377654,335.1902289687512,370.92951089344206,138.8821899210185,338.5344832825469,373.0949029680178,8828600,5467500,10176600
2023-11-27,137.3992156982422,333.1299743652344,374.36053466796875,138.97176917589266,338.3055635607188,376.36777927950243,136.89161019120684,332.6323198056057,371.9776106304941,136.9214827388474,334.60301242210414,372.5510875373221,17886400,15684500,22179200
2023-11-28,137.96652221679688,337.39984130859375,378.40460205078125,138.00634215617256,337.7880264594292,378.70122279234795,136.39396872231362,331.83606676759354,373.91555038642196,136.9811989266767,331.83606676759354,374.1034202477642,17046900,12637200,20453100
2023-11-29,135.75698852539062,330.6417236328125,374.59783935546875,139.0115776189309,338.3055861378964,379.98665110815534,135.65248775987334,329.2283712243989,373.20366140430053,138.32980921817492,338.09657971374276,379.4527337290247,21014700,16024500,28963400
2023-11-30,133.28866577148438,325.6153564453125,374.6571960449219,136.31434295507702,331.9355751199318,375.8239447266378,132.1639880145796,320.8876383588967,371.255803480385,135.75697017831132,330.3331420956273,374.24189676114656,29913500,23146400,30554400
2023-12-01,132.69151306152344,323.29632568359375,370.3065185546875,132.87065721976913,325.32673448183385,373.9155450087437,131.5290047636909,319.2553729609138,367.1424232065823,132.69151306152344,323.95323336811543,372.5312646095913,24258400,15264700,33020400
2023-12-04,130.01419067382812,318.518798828125,364.9967956542969,130.83031714371106,319.3548548050956,365.37250519603646,128.7899781887193,312.18864769916655,358.8268127510661,130.67506191191268,315.80162449657615,364.9572361643586,24117100,19037100,32063300
2023-12-05,131.76589965820312,316.7969665527344,368.3388671875,132.91047236815325,320.3701228543676,368.8925793974309,129.118435520067,313.9105760134032,361.51631803473913,129.75541788842193,317.48373231503643,362.33701910752933,19235100,16952100,23065000
2023-12-06,130.81039428710938,315.96087646484375,364.66064453125,132.68153629188032,320.7383478517337,369.9802652283336,130.6909648610533,315.5527961011568,363.8992977327105,132.27346550371564,320.4198416594284,369.3474641617025,16360600,11294300,21182100
2023-12-07,137.79733276367188,325.0580139160156,366.7865295410156,139.34002897902553,326.70026795006095,367.2809176222543,135.58779680348442,316.27937986205325,362.2084910807366,135.95606292142094,316.27937986205325,364.0970571720749,38419400,15905100,23118900
2023-12-08,135.99586486816406,331.1890869140625,370.0296936035156,137.33950690889154,331.6071300804727,370.2570927962262,134.93091685154977,321.48482366113353,364.0970369580223,135.02048893776958,321.5743978308453,365.0561509893791,22990900,14077500,20144800
2023-12-11,134.0649871826172,323.7541198730469,367.1325378417969,134.15455925506814,328.34251029334774,367.42918876388495,132.26352240911257,318.49888941271394,361.9909204511594,133.18914605167143,327.8547882143282,364.34421229449237,24502900,25802500,27708800
2023-12-12,133.00999450683594,332.6521911621094,370.1780090332031,133.90574565749662,332.90101842405295,370.2175685270605,132.20381543387006,323.0375021156789,366.301993361596,132.6417436184086,323.0773229824279,366.6876305328375,26584000,18485500,24838300
2023-12-13,133.3384552001953,333.1697692871094,370.1681213378906,134.14463436116208,336.7827462979258,373.40143865073276,132.32325931493529,331.07964440843716,366.60852117355006,133.91074156374572,332.36357131975313,371.7995959454895,25414500,16353300,30955500
2023-12-14,132.5720672607422,331.6071472167969,361.8228454589844,134.39842340990367,333.1299689294354,369.5649795287377,130.4421562282918,327.0983981951085,360.0430604780347,134.13467327691998,332.2839501169866,369.1200181959737,29619100,19607300,43277500
2023-12-15,133.20904541015625,333.34893798828125,366.5690002441406,134.19438380154608,337.0713843119748,368.22023954945644,132.00475811864672,329.6662821591047,362.1689342190952,132.29338431319312,330.43265923327004,362.73254387781907,58569400,30001600,78478200
2023-12-18,136.54327392578125,343.00341796875,368.4673767089844,137.72766656691908,345.92962915941496,368.8134543499527,133.1393979982521,335.43906271651696,364.54193471439714,133.2289700836682,335.89692677315173,365.3033115595372,25699800,18993900,21802900
2023-12-19,137.44898986816406,348.71649169921875,369.0705871582031,138.11582960360928,351.94131393033064,369.0705871582031,136.8020449163266,343.50108158543,365.68895952374146,137.3494552026944,343.95891527972447,367.3204340997758,20661000,17729400,20603700
2023-12-20,139.00161743164062,347.6415710449219,366.4601745605469,142.4035035415894,353.29491960262146,371.809456608222,138.75279598350446,346.1585701638808,366.3711883371166,139.6684570902229,347.0145214343162,370.79101848445333,33507300,16369900,26316700
2023-12-21,141.1315460205078,352.4289855957031,369.347412109375,141.36045752902064,354.7381099321862,370.2076424400769,139.81080573991832,347.5718724653155,365.8866959536453,140.10640274129122,351.324207105706,368.3784007227526,18101500,15289600,17708000
2023-12-22,142.04721069335938,351.7323303222656,370.3757629394531,142.5747110270623,355.52445591794634,370.96903467399375,141.3853370380521,349.5724960085346,368.52675633726045,141.4599956331026,353.91202951063883,369.48587042516914,18494700,11764200,17091100
2023-12-26,142.146728515625,353.16552734375,370.45489501953125,143.26642506638242,355.30546628557806,372.7093035503944,141.82822976260738,351.79202625065795,369.30791100557565,142.3059627052774,353.3247804504326,370.79107530680284,11170100,9898600,12673100
2023-12-27,140.77325439453125,356.1514587402344,369.8714904785156,142.6443969359828,357.3159838070823,370.8503691813732,140.38608060750633,353.643290624348,368.6256229112042,142.1567013282817,354.3997352959561,369.4957507248787,17288400,13207900,14905400
2023-12-28,140.61399841308594,356.63916015625,371.0679016113281,141.59933697514373,360.2023533310822,372.23465019250256,140.16413329255334,356.13154280090816,369.9604771834302,141.18131869674727,358.01269155934705,371.1568878412429,12192500,11798800,14327000
2023-12-29,140.26564025878906,352.29962158203125,371.8193359375,140.7682645183707,358.3112974100839,372.92676023082794,139.24049695536024,350.1696757754612,369.2880717884507,140.016818773746,357.3060254392007,371.7797764484386,14872700,14980500,18723000
2024-01-02,138.902099609375,344.66558837890625,366.7073974609375,139.95213414491474,351.5033568700479,371.68094017367383,137.0906871446073,338.4150485975819,362.65340930447013,138.9419195505414,349.6719918154254,369.6638284252025,20071900,19042200,25258600
2024-01-03,139.6983184814453,342.8540954589844,366.4404296875,140.4248728786553,346.31778174422465,369.0705777416299,137.7774089492218,341.5701383328595,364.3738912539091,137.94662090327196,343.3617127732612,364.86827930524817,18974300,15451100,23083500
2024-01-04,137.38925170898438,345.4916687011719,363.8102722167969,139.97201969823868,346.5168357961971,368.91236039556355,137.3593943485074,341.7891178617216,363.0489255004596,139.19073184994926,342.88396387932653,366.5096417702584,18253300,12099900,20901500
2024-01-05,136.74232482910156,350.299072265625,363.6224060058594,138.15562893957002,351.84178931937697,367.8840285269613,136.2048771424727,344.6357606949998,362.3864358970699,137.69979542310543,345.3623169447684,364.82871403903994,15433200,13920700,20987000
2024-01-08,139.86752319335938,356.97760009765625,370.4845275878906,139.9770052473925,357.2961063304307,370.988813066157,137.23002169191204,350.3985905134255,364.86828645661416,137.34945113745462,353.0361841839577,365.1550098059731,17645300,13890200,23134000
2024-01-09,141.88795471191406,355.7532958984375,371.5721740722656,142.12682879389962,358.9482597237445,371.76991118457596,139.13100853140358,353.69299893619376,367.0237980384077,139.39973997528017,354.72812882232535,367.83460167151895,19579700,13463900,20830000
2024-01-10,143.1221160888672,368.73211669921875,378.4737854003906,143.8436892574364,371.19053107921854,379.8580959650945,141.78843662182845,357.3955329091282,372.09619819178806,141.8481513461947,358.4804464199431,372.14562492264923,16641900,22117200,25514200
2024-01-11,142.9927215576172,367.9358825683594,380.3129577636719,145.9686318269066,371.0312789043825,386.29504112370273,141.54457876966245,361.22747941468106,376.1106593210736,144.21195284389037,370.384334144786,381.6675761983364,17471100,17205400,27850800
2024-01-12,143.56004333496094,372.7332763671875,384.1098937988281,144.05768628375355,375.29122791522275,384.31752835299,142.68418688529152,367.80651479496834,380.33276145139934,143.65956281260492,368.42360154598225,381.1633298431019,13995200,19295700,21645700
2024-01-16,143.40078735351562,365.7362976074219,385.8896484375,145.15248498546094,373.848061234858,389.6074563331201,142.38161257583326,365.5073959388904,383.2693977344923,142.7538424377146,371.89726377447624,389.2416139939335,19198900,15306900,27202300
2024-01-17,142.21640014648438,366.64202880859375,385.0986328125,142.7339530613565,366.811244729802,385.7314338319448,139.84761486962495,356.92780172958845,380.4909325183697,142.23631011659492,364.5817315665266,383.6253660644491,17884500,12724800,22234100
2024-01-18,144.30650329589844,374.3656311035156,389.44921875,144.89869960159834,375.0822548981735,389.56786704822485,142.67423508180605,369.2099370562284,385.74130855522117,142.76380716497314,369.7473821214035,387.3233562733369,18876800,16354300,23392100
2024-01-19,147.27244567871094,381.6512756347656,394.19537353515625,147.34210778973952,382.5569801603824,394.19537353515625,145.1126772471203,376.19697098789175,389.0833879187689,145.61528626488587,377.2221381166091,391.31803151810533,27170900,21470100,29272000
2024-01-22,147.01368713378906,379.9891357421875,392.05963134765625,149.3078138461343,388.5189426646205,396.1234867411943,146.88429510685154,379.3720489133915,389.17239178292385,148.00897303488966,386.1302067187156,395.53021503062706,21829200,17680500,27016900
2024-01-23,147.97911071777344,383.3930969238281,394.42279052734375,148.15827008952525,386.5581727325682,394.89741393072353,146.4961443421846,380.2877068597395,389.5085719753557,147.02364469129265,382.8158006068581,391.30815176623645,14113600,15506100,20525900
2024-01-24,149.6412353515625,388.8672790527344,398.041748046875,150.85548531754347,394.2916954444642,401.07729824873246,149.133629842608,385.99082116267186,395.9554447311388,149.5815054429125,388.17055053021846,397.03320717730816,19245000,15698500,24867000
2024-01-25,152.9157257080078,391.3356628417969,400.3257751464844,154.03044106087503,393.63482465723706,402.44177048645173,150.50713564235818,383.85094861409453,398.0120426913666,151.02468856484268,388.3398028130141,399.7819603610059,21495100,15091100,21021200
2024-01-26,153.0650177001953,392.2911682128906,399.3963317871094,153.3835164900002,394.92873142081856,401.61121081981145,152.07969434131007,389.7531116217552,397.9131676038507,152.14935645979352,392.50017463234997,399.83139569486946,19494500,13163700,17803300
2024-01-29,154.1100616455078,399.1388244628906,405.121337890625,154.46836516892455,401.0398683941151,405.37842932819404,152.19911458290434,391.25599379327485,399.7918203197978,152.9157216297378,393.13711210386117,401.5024138062242,20909300,18742400,24510200
2024-01-30,152.32850646972656,398.18341064453125,404.0040283203125,154.3091156448154,404.45384668345514,408.4139613345208,152.05479374151358,397.69571883856065,401.8880631298829,153.28397240673996,401.69685103369585,407.6328499314226,26578900,18614700,33477600
2024-01-31,141.1315460205078,388.30987548828125,393.11761474609375,144.90367296245176,396.1329898026519,410.6585244475091,140.8827245413415,385.2841275638453,392.7517723927337,144.70461881649027,387.17520862620995,402.39234000988097,43908600,20180800,47871100
2024-02-01,142.03726196289062,392.9281311035156,399.248046875,143.93824654999406,398.6213004548262,403.42068358377554,141.5893711442408,391.20623540021666,397.2902591651768,143.012637923415,392.0920750920618,397.3199212437322,25526900,29727100,30657700
2024-02-02,142.8633270263672,472.7618408203125,406.6045227050781,143.20173576400992,483.6803824265086,408.0184653335539,137.51864676692574,450.8849671150932,399.03049390369324,140.22582554692482,457.4440501773763,399.27768793699545,42116900,84615500,28245000
2024-02-05,144.24676513671875,457.25494384765625,401.09698486328125,145.9785679131842,469.68634442176597,406.5451503675642,143.23158454517412,457.065832694256,399.45561305568305,143.36096137339672,467.6758310336014,405.2992829313639,29254400,40832400,25352300
2024-02-06,144.7245330810547,452.5869445800781,400.9388122558594,146.04826521191697,464.9287710564939,403.3909878537456,143.8387291964155,450.8750117531467,398.38778318773774,145.27194338883356,461.823411597042,401.3244494199643,21517700,21655200,18382600
2024-02-07,145.988525390625,467.3871765136719,409.4027404785156,146.30702416148435,469.3081157041575,409.6499345085534,144.52546912091884,454.04007841203037,402.82738531452173,145.4311677284784,455.85154818594935,402.8669448083425,21436100,23066000,22340500
2024-02-08,146.5260009765625,467.7952880859375,409.4620361328125,146.9141618954231,468.382516823923,410.89577347726316,145.72976916722166,462.8486005267327,407.89978324873107,146.27717948532216,466.1231760481729,409.40271198373665,18241300,18815100,21225300
2024-02-09,149.5118408203125,465.9140930175781,415.8297424316406,149.98460767133366,471.36839740825224,416.0967312686168,146.73498480868986,465.2771110364075,410.4310338206638,147.25253770030403,470.73141542708163,410.58924160459986,21877700,18413100,22032800
2024-02-12,148.02886962890625,466.7004089355469,410.59912109375,149.88010203507002,476.9023267300807,416.017594125501,147.85967284607264,464.39128464243504,410.0948356904119,148.83504878876087,465.99374801266606,415.8396216919868,17236100,19382000,21202900
2024-02-13,145.67999267578125,457.96160888671875,401.759521484375,147.34211831038104,465.69517987553485,405.4674319451174,144.42593790601492,452.95520543085865,398.86241468639423,145.38141905454472,454.72685437772867,400.39500560681336,18138500,20916600,27824900
2024-02-14,146.4463653564453,471.0599060058594,405.6427001953125,147.13311505095515,471.88599922282606,405.9894178790187,144.86883053740044,463.90363089817174,400.76894210552797,146.6752768589961,465.7349960608945,404.23605848087817,16651800,16858400,20401200
2024-02-15,143.26145935058594,481.7594299316406,402.7402038574219,144.07758591691123,486.3278947472662,405.2860649354581,141.21117276244362,470.0048326842157,400.49154229797136,143.77901228707154,473.05047589463277,404.30537605508795,26724300,24212300,21825500
2024-02-16,141.0917205810547,471.0997009277344,400.2637023925781,143.79889938383792,476.71322834295097,404.45397083978673,140.85286168995205,467.00896481517003,399.6495323619633,143.53018313134746,475.86720955025993,404.1270543842311,21849700,23306500,22281100
2024-02-20,141.52964782714844,469.5370788574219,399.0056457519531,142.65332338866605,473.9462909832218,400.68965547755954,140.13625368240938,464.3714220781939,394.27055684913546,140.27559309688328,467.5166025523552,399.4513996951192,18625600,18015500,24307900
2024-02-21,143.1619110107422,466.3287353515625,398.4013366699219,143.30125042031312,467.29521067092185,398.5103188921078,141.24101663688162,460.11142714014085,393.4879464924858,141.9675710448689,464.8042980340832,396.4102420513832,16499600,12977100,18631100
2024-02-22,144.6349334716797,484.3630065917969,407.7823791503906,145.51077461062508,488.20896156578334,408.95128532759105,143.33109637327877,474.3296019984396,404.7313302719457,145.43114992765635,478.49440112549854,406.3361048933316,23024700,21625800,27009900
2024-02-23,144.6051025390625,482.2706298828125,406.48468017578125,145.26697626245374,492.5630686643995,411.9528065802778,144.10745951744613,480.5967437022228,405.1275567366277,144.2866189023951,486.27600690207765,411.76461952225566,14519400,18374300,16295900
2024-02-26,138.09591674804688,479.9889221191406,403.7110290527344,143.16191826534566,484.3729529627836,408.2876177161092,138.08596935645082,478.8530816963061,403.5326972396102,142.77375737709573,481.71264471932983,407.5941823661443,33513000,12101400,16193500
2024-02-27,139.43955993652344,485.2796325683594,403.6515808105469,139.82772082802197,485.4988341169133,404.4836850623454,137.847096430097,478.1755746135247,400.055681208624,138.75281023921275,478.2353540897984,404.1567686089776,22364000,10809600,14835800
2024-02-28,136.78213500976562,482.2606201171875,403.8892822265625,138.62342001381086,489.26506548655226,405.45442409031557,135.9958658248756,480.99524739875187,401.5118373886908,138.444275840111,483.2370688521899,404.34495184803217,30628700,12715500,13183100
2024-02-29,139.1210479736328,488.3484802246094,409.75372314453125,139.29024473728862,489.912780885833,410.3084593316979,136.92147485925113,480.8557944621383,402.1062540147567,137.69779656866302,486.66462060447867,404.80069987993255,35485000,17732000,31947300
2024-03-01,137.42906188964844,500.47418212890625,411.5962219238281,139.34000875877467,502.4171062542749,411.9627407983519,137.32456113539897,490.0621849829961,407.019633390637,138.95184791327802,490.3212192348352,407.4059534745647,28522000,16273600,17800300
2024-03-04,133.56736755371094,496.379150390625,411.02166748046875,135.9859202387782,502.586516144982,413.42882936527116,132.23368806448792,494.6155950432643,408.4460895147351,135.89633296388092,501.1716642705007,409.55556181237966,43571500,12324100,17596000
2024-03-05,133.1493377685547,488.4381103515625,398.8669128417969,133.38821183618217,493.7786127996676,410.3579315766557,130.92985460920454,486.11659300084636,396.875818269098,132.1142471825488,493.20073440898324,410.07064779480004,28447600,15325300,26919200
2024-03-06,131.9351043701172,494.2867431640625,398.3121643066406,134.1048356591366,501.1417397001386,401.35332741162676,131.32797932730784,492.4932982034921,394.64694575347227,133.6071926793538,495.8211538833542,399.18390111348947,23175200,11757900,22344100
2024-03-07,134.60244750976562,510.3282470703125,405.2960205078125,135.17971505523354,517.9603770393106,405.929991794264,132.03460850552077,499.55754268597104,398.4608239093344,133.25880570034917,501.45063030973444,402.30437497315796,24107300,18586400,18718500
2024-03-08,135.6475067138672,504.1109619140625,402.4034118652344,138.32980946619315,521.666911065442,406.56396338142315,134.16454046339086,497.5349458152221,400.5311546136932,134.39843325406335,512.32100105428,404.1270542383835,26472400,18575200,17971700
2024-03-11,138.28501892089844,481.83221435546875,400.7193603515625,139.32010952636415,495.51231867269087,401.8684653107991,136.42383923457078,474.2698065924255,397.49000992509303,136.42383923457078,495.2034479118539,399.9665214154685,22536400,20428300,16120800
2024-03-12,138.96180725097656,497.9334716796875,411.3782653808594,139.61869956501798,500.48416396951666,411.66554917132913,137.55846572697882,482.9680784347282,402.9680422398846,137.59827047925845,491.4670717425797,403.7902307329295,19019700,15448200,22457000
2024-03-13,140.1063995361328,493.7686767578125,411.20001220703125,141.51970368304296,499.1590157815925,414.2510613457713,139.34997253718265,489.24517053555513,407.5843111404895,139.39973986924898,493.5893383312873,414.17182627227476,19637000,12090700,17115900
2024-03-14,143.6595458984375,490.042236328125,421.22491455078125,144.0477067453202,499.52765159020504,423.8004927118293,140.81800924770826,486.3855934196416,414.06283197899603,141.62916958863315,498.4416172742984,416.2916924630243,36117900,12620000,34157300
2024-03-15,141.49978637695312,482.3403625488281,412.5075988769531,143.659554832315,490.04224549611934,418.62952831732593,140.46469578318113,479.5505219579901,408.9116991847294,142.73394628866993,487.2325189558485,415.3506293663728,41025900,29141700,45049800
2024-03-18,147.78005981445312,495.1735534667969,413.39910888671875,152.20907944072047,495.61195655671753,416.77707411837673,147.44166622207743,485.04050671141175,409.8923602232522,148.6658637397066,490.12197495792776,410.3579455831781,47676700,11755300,20106000
2024-03-19,147.22267150878906,494.43621826171875,417.45068359375,148.91465430607892,494.8248152543735,417.7082504608342,146.31695779950746,479.5306045549658,411.6457249805596,148.27767201109253,486.3955748386632,413.90430223487067,17748400,10903100,19837900
2024-03-20,148.97438049316406,503.6824951171875,421.23480224609375,149.05400518452484,506.35277680404414,421.95792425172124,146.9688800892644,493.37014023346006,416.7077319976527,148.08857668370393,497.68438791493736,418.0351385254577,17730000,11711100,17860100
2024-03-21,148.038818359375,505.91436767578125,425.3359069824219,150.59171373115205,513.1678741926243,426.7722957944647,147.31224877611422,504.1707286998775,423.1466792053097,149.6113717776666,512.8391174856022,425.7915766495499,19843900,9712500,21296200
2024-03-22,151.05453491210938,507.72772216796875,424.7117919921875,151.84080403684533,508.1163191581985,425.82126426927357,149.38244681787967,502.5067786929755,422.0668947300005,149.5317488047315,505.1571135489534,425.6627941418489,19226300,8117000,17636500
2024-03-25,150.4374542236328,501.19158935546875,418.8870544433594,150.74201145898448,505.3763351694112,423.39432359578046,148.09854152495535,498.4216954406482,417.64879867030754,150.2384000856177,503.95154029526157,421.2446982721868,15114700,8380600,18060500
2024-03-26,150.98484802246094,494.0875244140625,417.6883850097656,152.47777667499716,508.1462219597566,421.98760494943645,150.31800838008408,493.40997300906133,417.3912157495225,150.5270250736556,503.2939285876756,421.61117039922806,19312700,11205400,16725600
2024-03-27,151.22373962402344,492.06488037109375,417.4704895019531,151.9702040369206,498.07299144024375,420.4621347429845,149.4222746041288,486.29594802208385,415.073243298201,151.4277750526382,497.48510924151634,420.4522190231072,16622000,9989700,16705000
2024-03-28,151.542236328125,483.8149719238281,416.76715087890625,151.9503072206797,491.0984290807041,417.9063400745122,150.61662766569765,483.38654221067395,415.1821775398297,151.28346744318867,491.04859257964944,417.00488629896955,21105600,15212800,21871200
2024-04-01,155.7622528076172,489.5639953613281,420.58099365234375,156.25989578783322,495.62188175816783,423.8698081123032,150.9351098247783,480.0287741074697,418.253066843913,151.1142691948225,485.4290862996602,419.9668236498753,24469800,9247000,16316000
2024-04-02,155.1352081298828,495.5621337890625,417.48040771484375,155.25465276475865,495.72155586314705,418.41157846327263,152.7365806566567,482.8883677625335,413.91422508584526,154.02049278342562,483.3367442463119,416.1628866591322,17598100,11081000,17912000
2024-04-03,155.63284301757812,504.8980712890625,416.49969482421875,155.8120023671829,505.3962538689054,419.2832911891412,153.40540191838465,496.9371233933013,415.1524569171968,154.18968157696656,497.1164618244484,415.78645833952515,17266200,12099200,16502300
2024-04-04,151.22373962402344,509.0628967285156,413.953857421875,155.44374205201333,528.0735304456318,424.6424895808556,151.16402490088885,508.7241058190558,413.64677241260966,154.34893669187858,514.5428746566774,420.9970416568271,24184800,26476300,19370900
2024-04-05,153.2143096923828,525.4232177734375,421.5220642089844,154.1100609031813,528.7709900364625,422.5027833332265,150.36877863435,512.5401630444132,414.38972913104834,150.96495390021258,514.9812697911904,416.06385334615516,16289800,19242000,16544300
2024-04-08,155.4039306640625,517.3626098632812,420.6007995605469,155.91650226489386,529.5581097041235,423.26552832814343,153.26407217985934,517.0039330005043,419.32291117383534,153.2889482511509,527.3561816187679,421.1753671524619,16641500,13260600,14272400
2024-04-09,157.39451599121094,515.0211791992188,422.27490234375,159.13626636459972,523.9585455577184,423.7211765083397,155.90158709973485,504.8980750460345,417.6586815570047,156.60824679058442,520.3317617542822,422.43340269794294,21538100,10881400,12512300
2024-04-10,156.91676330566406,517.9405517578125,419.2833251953125,157.41440620703668,520.6606093608502,420.0460798769914,155.46363935143927,503.9615184655781,415.7567751324305,157.1357273972165,507.43885377613293,418.2233709862432,16339200,11418500,16216600
2024-04-11,160.0320281982422,521.2584228515625,423.9094543457031,160.3604743984907,521.9558906964756,425.3359275063621,157.18550964961406,515.4097636383199,418.3917790111302,157.5935805517585,519.2158862304884,421.81929297733194,17841700,10369500,17966400
2024-04-12,158.43955993652344,510.0393371582031,417.93609619140625,160.93772200076836,518.2992131373046,421.1852782373019,157.8523449185831,507.478671309863,415.82610344793704,158.65354275354042,515.8680796293584,420.0658901447868,16968200,11944900,19232100
2024-04-15,155.59304809570312,498.4117736816406,409.75372314453125,160.0718346896375,516.6452750395099,422.80988521460824,155.41388873477973,495.47248418641453,409.54567440120263,159.5244244018962,514.8417956512984,422.5919509817317,21140900,13512900,20273500
2024-04-16,155.2646026611328,497.9434509277344,410.6848449707031,156.4888000836408,502.9352195908948,414.46896182763265,154.31908407973467,495.30305898761117,409.8428552388163,154.9062991244405,496.2994241252725,410.6749594816062,15413200,9847900,16765600
2024-04-17,156.14044189453125,492.3737487792969,407.9705810546875,157.93294652593653,501.3310611878042,414.944445667743,155.39894364299892,485.3693034288659,406.4747584853447,156.44897806407823,501.27128171507275,413.3297553873522,16237800,12193700,15855500
2024-04-18,156.71771240234375,499.97601318359375,400.4717102050781,157.73787429637503,510.34820830690745,408.02014264055606,155.47360512335126,497.22606608419835,400.15473970896494,156.18523084208942,498.00322967417003,406.7719711724091,14016100,14808700,21029900
2024-04-19,154.98593139648438,479.3213806152344,395.3701171875,157.2452347851526,500.972375440201,401.67037838778936,153.18446623308236,474.00079446729563,394.03279488372993,157.00636068672782,500.972375440201,400.23398957432255,20063900,25111000,30276500
2024-04-22,157.2053985595703,479.9789733886719,397.19281005859375,158.43457720422234,490.2216054605686,399.06506725448133,154.92620062224327,471.6792350291974,392.0317685818269,155.2745415611511,487.9399208543046,396.3210731778114,17243900,17271100,20286900
2024-04-23,159.16610717773438,494.2967529296875,403.74072265625,159.72346480936866,496.947087855681,404.36480838898973,157.2203215690728,487.19266460356954,399.27308625210287,157.84237520917472,489.46437591061385,400.4419924205836,16115400,15079200,15734500
2024-04-24,160.34056091308594,491.7062072753906,405.2167053222656,160.6291871352953,508.14623244265294,408.5946705531457,158.0713103277153,482.8186166545257,402.95812809887644,158.340026580058,506.2132815965154,405.7120076101216,19485700,37772700,15065300
2024-04-25,157.2053985595703,439.775634765625,395.2908630371094,157.53384471581393,444.1496617636814,396.1328829826048,152.04783561586922,412.99333588695123,384.3842968555106,152.63704010672708,419.8682490278648,390.32792438015684,36197800,82890700,40586500
2024-04-26,172.8712158203125,441.6787414550781,402.5024719238281,175.58834216017274,444.8172857781438,409.1197034555493,170.59200253322018,430.3899066236032,401.94773576133974,175.16037649944792,439.8553760971793,408.2975149317784,56500800,32691400,29694700
2024-04-29,167.10848999023438,431.0474548339844,398.470703125,170.5720957211152,438.1615160803969,402.50247113048255,166.27245351182466,427.00221505307695,395.4394554463583,169.96497073841974,437.9622309022969,401.4425169456961,35914600,21502600,19582100
2024-04-30,163.86386108398438,428.6064147949219,385.6720886230469,169.06920180643567,438.0220473247672,398.3815629989462,163.72452167301353,428.1580383096976,385.51361848485345,166.59094976939298,429.48319059523675,397.71784459298715,29420800,18429500,28781400
2024-05-01,164.78948974609375,437.5936279296875,391.2294006347656,168.01420626410095,448.324470023217,397.9456989138246,164.12263484487258,425.55751946999504,386.64289629476144,165.39659955094953,427.04212427181926,388.92127488428895,25223200,20344900,23562500
2024-05-02,167.66587829589844,440.07452392578125,394.10211181640625,167.73554041543014,442.3462351057961,396.1724717048869,164.90893195424,430.70869819788334,390.94208087323796,165.88430793569268,437.24485073008907,393.92381025223517,17041100,15221300,17709400
2024-05-03,168.193359375,450.3171691894531,402.8392639160156,169.04930580388765,452.5191579879948,403.32465048849417,164.20225344161207,442.2366626961111,398.0843437724287,168.7407544368837,444.30908875789413,398.50041099944804,22767100,16489100,17446700
2024-05-06,169.02940368652344,463.9873352050781,409.6546325683594,169.0990658013136,464.46560144352185,410.0409526402596,167.09854663956006,451.6921923874553,402.55198432258595,168.42227868914688,453.9240406868875,404.9195438147948,15147900,15094600,16996600
2024-05-07,172.16455078125,466.53802490234375,405.4941101074219,172.65224633966483,469.8160748777237,410.7740499032866,169.1986030506817,459.63322146185084,405.2464589410717,169.31803249892306,464.59513103388576,410.7641341827589,21102400,13406800,20018200
2024-05-08,170.35311889648438,470.8821716308594,406.68280029296875,171.09858090402184,473.8513202902337,408.3569244004072,169.71812607859013,461.31706019769786,402.88876793839216,169.9450480790918,461.81524276810575,404.33507234714784,14569900,11683900,11792300
2024-05-09,170.77114868164062,473.69189453125,408.44610595703125,171.62709512370475,474.34946871900615,408.8423417605904,169.12891791013897,465.9302021290862,405.2563578574711,170.3431678671801,468.2915824777933,406.71254786446275,11937700,9437700,14689700
2024-05-10,169.4872283935547,474.4690856933594,410.84332275390625,170.53228162077622,475.76434819594465,411.477324178815,167.11845829029107,467.89306977309053,407.9309429487919,168.89006596861205,475.35583484503064,409.0602466503411,18740500,10750000,13402300
2024-05-13,170.0943603515625,466.3088684082031,409.8329162597656,170.14412768572356,471.62945471547624,414.41942017019113,164.9785912490824,461.16762053219,406.9601691065583,165.06518671425982,471.0316295379581,414.0826182503801,19648600,14668800,15440200
2024-05-14,171.11949157714844,470.1348571777344,412.6462707519531,171.96549063762274,470.82235149806223,413.56752582141957,169.61661538741166,458.40762102275716,407.68333177957805,170.78109802770155,461.68567056683423,408.1489171745,18729500,10478600,15109300
2024-05-15,173.060302734375,479.7896728515625,419.8609313964844,173.2255205444955,480.74617486177766,420.58538800605515,171.21901789802692,469.48726106394446,414.095139906024,171.48774932095938,473.2535200362329,414.7203513205961,20958200,13100500,22239500
2024-05-16,174.60299682617188,471.5098571777344,417.786865234375,175.5087106331646,475.9536369152341,422.1831823578268,173.22951262162755,471.03159099352604,417.1517504572217,173.77692289985708,473.27341242078234,418.59069988294704,17247300,16608200,17530100
2024-05-17,176.45423889160156,470.1946716308594,417.01275634765625,176.65827433319447,471.08142078412743,419.7021586835379,174.15513078353555,466.7173670611054,414.84935049574557,174.7224510631146,469.11858026391644,419.32504512881616,16546400,10807300,15352200
2024-05-20,177.6187286376953,467.1358337402344,422.103759765625,179.1016949111226,471.4800016099991,423.52287221703216,176.3895499420499,465.3423886311172,416.79445965158396,176.47414073902465,468.2418148692893,417.01278697375295,17495100,11745100,16272100
2024-05-21,178.693603515625,462.9411315917969,425.7756042480469,178.9722975078922,468.9890751811332,429.6756950854867,176.47412046293638,460.58969409195197,421.6174819616407,177.55897832592012,465.42207101594107,423.58239750259565,14706000,11742200,21453300
2024-05-22,177.160888671875,466.07965087890625,427.24432373046875,178.00887723264987,471.99806182280105,429.1199579656232,175.94663866940007,463.9573884163335,423.8801327186548,177.55899695369803,466.16932008634114,426.8176027078419,16189400,10078600,18073700
2024-05-23,174.2347412109375,464.08697509765625,423.7510986328125,179.06188373408688,472.63577501421946,430.30088747906075,173.71718830847908,459.86239643933766,422.1831336543051,177.93720584610716,471.16117399926424,429.6756760944335,14928400,11747900,17211700
2024-05-24,175.49876403808594,476.4817199707031,426.8870849609375,176.4681715297921,478.10579995092274,427.7802311569624,174.37408611469655,464.60503458401325,421.180834455013,175.6878707884106,465.92024381535487,423.9396813142882,11400600,12012300,11845800
2024-05-28,177.18080139160156,478.1755676269531,427.04583740234375,177.6684817663742,479.1121228771075,427.5420330592199,174.85182082753647,473.11401572762514,423.35414050377034,174.91155073890857,474.8476813275343,426.3610849730244,15655300,10175800,15718000
2024-05-29,176.56370544433594,472.6357421875,425.90460205078125,177.3897945303486,478.10580735499315,427.6611238088633,175.42908017169887,471.9781679682956,422.4510693064345,175.976490431931,472.9346699665159,422.4510693064345,15023800,9226200,15517100
2024-05-30,172.7418212890625,465.3523254394531,411.51495361328125,175.8570710684257,470.0153373933379,421.07165731955763,172.41337511409716,463.0208346658362,411.08820229599854,175.8570710684257,469.95555791760296,421.07165731955763,18844000,10735200,28424800
2024-05-31,173.13992309570312,465.13311767578125,411.971435546875,173.59774605548205,467.4148023246717,413.5791047255822,170.16401310971617,452.8080859511944,401.43224401056676,172.58255029510445,464.10686281384676,413.5791047255822,28085200,16919800,47995300
2024-06-03,173.59776306152344,475.7543640136719,410.3736877441406,175.03097717260903,477.85671019560755,413.2615504010757,171.63704864383791,466.5379867971225,405.80871145548105,173.06031536329505,469.1484585058271,412.36840418309373,20742800,11279400,17484700
2024-06-04,174.30441284179688,475.2561950683594,412.904296875,174.3641275618965,477.1493131464151,413.27147684716857,172.40341325539,471.5098828447324,406.56290129495756,173.6276105780023,475.26616844981777,409.2919776436919,14066600,7088700,14348900
2024-06-05,176.2352752685547,493.2605285644531,420.78387451171875,177.13102647161713,494.84474550363467,420.8533188907335,174.46365245832024,482.15106322693237,413.1325152430589,175.70279368634698,482.689108921618,414.6310359031759,15233900,15690500,16988000
2024-06-06,177.50924682617188,491.96527099609375,421.28997802734375,177.86755035862805,500.99233691067286,422.07397569799485,176.37462150453698,489.1057078527464,417.3799535645987,176.59357043122796,491.1881073877741,420.7838790172518,14255800,10667300,14861300
2024-06-07,175.12054443359375,491.16815185546875,420.6250915527344,178.5741875907091,497.09653661265514,423.03659533238357,174.9612950507807,488.3883150022529,419.78155282449774,177.61872166754497,494.10744118684374,422.9572173477245,14716300,9380700,13621700
2024-06-10,175.99740600585938,500.77313232421875,424.6144714355469,177.830812412341,500.8329118009078,424.82286513391676,173.7554643619359,491.61653412930673,420.66477334419267,175.81804276819278,492.06488020447483,421.4686078947135,17122200,11236900,14003000
2024-06-11,177.5518035888672,505.6254577636719,429.38787841796875,177.75108423529036,505.75499010691476,429.5268277427762,174.81165288916708,496.458885606851,422.01441801832095,177.08348570749644,498.34203046171433,422.24267892962746,14402400,9673700,14551100
2024-06-12,178.91690063476562,506.99041748046875,437.7041320800781,181.42787947273285,512.141638463432,440.0263242349242,177.14327694877989,502.63630682722663,429.9535579589742,179.10622257947298,512.1216917010327,432.00781534858527,18600400,11983200,22366200
2024-06-13,176.10699462890625,502.2676696777344,438.2201843261719,177.87064426133762,507.50852960132505,440.01644063600304,176.0272793318939,499.537608536514,436.02700779586485,177.2030457535148,503.8718029468352,437.49575798146077,15956900,9954600,15960600
2024-06-14,177.73117065429688,502.8262023925781,439.2026672363281,178.08988193795201,505.80828233509834,439.7683376003339,175.22219861523934,499.42522020615223,433.39717151476515,175.22219861523934,501.32018749550235,434.94529966913103,12361600,10243300,13582000
2024-06-17,178.1396942138672,505.2896728515625,444.9585266113281,179.27561067019667,509.3987681772435,447.5089797746042,175.85790258992213,494.6977738192695,437.3667384679764,176.3461379133103,500.3428034685249,439.22250553797545,15272900,11266600,20790000
2024-06-18,175.8180389404297,498.16851806640625,442.9439697265625,178.26923510757547,504.6613046706333,446.7150751827561,174.99100977195764,493.7103428728897,441.50502038116036,178.14965455035454,503.22511196152465,446.28832386783046,15640300,13060400,17112500
2024-06-20,177.07354736328125,500.3727111816406,442.3088684082031,178.09985725433654,502.3375005534766,443.1325399619797,175.82802417470535,495.45573089177043,437.912551396736,176.0771288124205,500.67190532482755,442.9042790324355,16753200,11801200,19877400
2024-06-21,179.61439514160156,493.47100830078125,446.3578186035156,181.85832853145462,502.1180843319888,447.15171963768364,177.42227746039913,491.08734711442,443.11270951249037,177.8507453258578,502.1180843319888,443.9760852156284,59728000,23130700,34486200
2024-06-24,180.14248657226562,497.590087890625,444.2638854980469,181.4278748991179,506.4565526889867,449.3052206448714,179.58449466770367,492.98231542757276,443.0134626029418,180.6307370908269,497.879329189251,446.37765380757656,18198300,13525300,15913700
2024-06-25,184.91534423828125,509.2491760253906,447.5188903808594,185.08473355620472,509.3588704025715,447.98531552571586,180.45636543703452,494.18911810475925,443.3508346061679,180.49623069074562,495.73500529039063,444.8394216277891,18917700,12109800,16747500
2024-06-26,184.70606994628906,511.762451171875,448.71966552734375,185.26406180555398,512.4506280975238,450.1487114593878,183.33102292285417,503.3447781550123,444.7798707523325,183.5402622680096,505.30956741115574,445.5837053034348,13375700,8882300,16507000
2024-06-27,186.1907501220703,518.1854248046875,449.4044189453125,186.82845731487285,521.4966485589007,452.6991654227889,184.78579647406917,512.5404259555387,448.3326193512516,184.98010536766324,512.8894756293444,448.7395034299803,13025700,10121200,14806300
2024-06-28,182.76307678222656,502.8860168457031,443.5493469238281,185.9117628453365,520.4992985037455,451.9151991305475,182.6684158097748,502.5070173188362,443.0134470896372,185.05484233965822,515.7818318583744,449.6227774267188,23032400,15855100,28362300
2024-07-01,183.82923889160156,503.34478759765625,453.2549133300781,184.67618542202868,505.239754781103,453.8900280472802,182.07553275022136,491.8652596909824,442.2691337894114,183.8192649768011,503.6140927525597,445.2463078469115,11815900,10328200,17662800
2024-07-02,185.941650390625,508.1520690917969,455.7854919433594,186.2804290197841,509.149423496295,456.0931308349297,182.4043617984991,498.12866950132707,449.6624240698802,182.8128970182058,499.4352013362723,449.75176594132466,12555500,7739500,13979800
2024-07-03,186.71885681152344,508.61083984375,457.26416015625,186.94802880286505,509.927354952818,457.5122579984809,184.72103291035663,504.68126108406693,454.39616484845857,185.63276432631835,505.0303412104344,454.70380374999445,7409100,6005600,9932800
2024-07-05,191.27249145507812,538.4815063476562,464.00250244140625,191.5714048253656,539.4389883422043,464.78650009669735,186.6491104769195,510.24644040117533,455.4778642825478,186.6491104769195,510.24644040117533,456.1129790053472,14303400,21354100,16000300
2024-07-08,189.79779052734375,527.9196166992188,462.6925354003906,190.99250141053892,541.3739172645955,464.14144858333964,188.6419566291613,525.2566976048726,460.9260800009118,190.67963062540326,540.9151123448542,463.00017429743497,12097600,14917500,12962300
2024-07-09,189.7579345703125,528.5978393554688,456.0435485839844,192.16926542683404,536.0580308916997,463.7742557192127,189.54868000321284,526.7926303012964,454.51525736098597,191.06324032448242,532.3379184075122,463.4467798855468,10198500,8753200,17207200
2024-07-10,191.96998596191406,533.275390625,462.7024841308594,192.61765188536268,537.4543077142633,462.91087784219644,189.9372837700379,526.9621206539213,455.36869724486377,190.06682303638334,529.3856843777168,457.71075666628917,12052900,10983300,18196100
2024-07-11,186.62918090820312,511.3436279296875,451.2403564453125,191.7208798554092,534.043424473812,461.24364787201716,186.15090430376924,507.02506620743,448.1142994819232,190.65470480345505,529.4855074283807,459.4573555661208,16452000,16458300,23111200
2024-07-12,186.1110382080078,497.5501708984375,450.0990905761719,188.01420111013582,506.7457794296081,452.8877078833818,185.4733310036047,492.92246243757324,447.22116168053736,186.25053618384166,496.4431221547364,450.8731546278995,14449100,19750500,16324300
2024-07-15,187.5159912109375,494.84735107421875,450.5060119628906,189.21985825223288,505.3395081572605,453.7809219031339,185.82208288068784,492.06472384159474,447.99526281806254,185.82208288068784,497.31081760153563,449.851029974842,12186000,12539200,14429400
2024-07-16,184.8356170654297,488.4942321777344,446.09979248046875,189.65827857329185,502.6167744833756,450.84342238707205,184.45697320018698,484.5048144790846,443.26156747821994,188.28323149134974,500.17324396821596,450.764044396858,12760100,14075800,17175700
2024-07-17,181.9659423828125,460.7677307128906,440.1454162597656,184.5665952870992,477.9023017376505,441.46531376189114,180.96952387855154,457.905328571596,435.8384412822571,184.0185620689277,477.9023017376505,439.22249954002416,17376600,28076600,21778000
2024-07-18,178.578125,474.5910949707031,437.0193786621094,183.39082818525517,477.97211054275687,441.2668124744543,177.57174778728617,463.31101919766354,431.0948010273652,182.88264501899772,473.74333764754465,440.95917357547034,17877200,19267200,20794800
2024-07-19,178.74749755859375,475.52862548828125,433.7841796875,181.31825887509234,485.4223643535943,437.7835460054657,178.21939701881587,474.4514656631318,428.7130742947466,179.7239833410327,474.8005457997421,429.80471086507333,14485900,15149400,20940400
2024-07-22,182.69332885742188,486.11053466796875,439.5698547363281,183.63992334392967,490.7582098836229,441.2172281155517,181.2485099418617,482.61979422348026,435.5705185548157,181.69691040759497,485.29269674470385,438.4286106688719,16303900,12023100,15808800
2024-07-23,182.9424285888672,487.3971252441406,441.4653015136719,184.55662156919473,493.9098482730073,444.9783753997072,182.6733913574331,486.42969025653684,439.7286166377608,183.18155927979657,488.54407671929795,440.5225176097392,23772600,9455500,13107100
2024-07-24,173.7454833984375,460.0496520996094,425.63665771484375,177.31266333834552,475.0398874805375,438.12095826115956,172.94836078735528,459.36147513020455,424.3366274271562,174.7618344929483,471.06045317324583,437.0987963490377,31250700,17649700,26805800
2024-07-25,168.55413818359375,452.21044921875,415.216552734375,174.57249855802573,462.3236067182569,426.52980855641556,168.4445315527349,441.4789064419887,414.3333401430881,173.62590413013808,462.0343958650566,425.5374171635106,28967900,18240500,29943800
2024-07-26,168.07586669921875,464.4679870605469,422.0342712402344,169.23171581795833,468.52719660577463,425.6565240052853,165.27096136954532,458.2046022306019,414.0951402007918,168.1655559201212,462.97195536132267,415.0180872010169,25150100,14222400,23583800
2024-07-29,170.51708984375,464.4779052734375,423.4831848144531,171.54339960461624,472.70607900562055,428.86192913835873,169.1121362162633,463.78972830816224,421.4686315229256,169.8893413710137,468.63688647936897,428.29625878283395,13768900,11339600,15125800
2024-07-30,171.24447631835938,461.964599609375,419.7021789550781,172.33056878553097,471.4793693679955,425.7855127211385,169.51070273282616,455.49177911608064,414.18445497765873,171.2145849810346,465.7645175423859,424.4656455012434,13681400,11390400,32687600
2024-07-31,172.52984619140625,473.57379150390625,415.1669616699219,175.27997080668484,475.2393867973792,418.57085701348217,171.10497512525495,465.515181086415,409.07366373993483,174.29351108109944,469.7738735533383,417.30059719182844,15650200,24285800,42891400
2024-08-01,171.8323516845703,496.4231872558594,413.9363708496094,175.05077889023,525.7753210037396,424.20762810841023,169.89929753739804,490.7981240637391,409.9469682421122,171.36403381575482,519.6216611779906,417.58839429377997,17177800,43083100,30296400
2024-08-02,167.79685974121094,486.84857177734375,405.3819274902344,169.60038989475044,499.82413130062156,411.84240478431724,165.7940641440123,474.8902723069076,401.2635094994672,167.58762038247167,487.70628191704446,409.35149283755305,18907800,24044700,29437900
2024-08-05,160.06466674804688,474.471435546875,392.1434326171875,165.3456878229132,482.20093240553325,397.9886321568055,156.0391427100353,449.60736639083,382.6462402085907,156.8063740057358,450.1559295912915,386.20895177644206,34907800,21396200,40709200
2024-08-06,159.9650115966797,492.7828063964844,396.56951904296875,161.76854176630374,501.2303989457279,402.5834388839359,157.56365468246898,477.3836528207429,395.4679791086585,160.36857505755367,477.7327329300847,396.9565662320286,36146500,20955000,24946500
2024-08-07,160.1742706298828,487.6265563964844,395.39849853515625,164.19979459850455,508.80037212098904,406.95985229689995,159.66610267866855,485.571978205215,394.44581127033643,162.65535811810648,501.7989547630066,405.53083654236127,19334200,20105300,20650900
2024-08-08,163.25318908691406,508.28173828125,399.6260681152344,164.90724730098054,508.6108518478643,402.77193167950935,161.4496741925987,493.4111802164842,396.8969919508049,161.7625449521268,496.1838242885021,399.3779702821044,15733600,16156800,20203000
2024-08-09,164.7976531982422,516.4002685546875,402.93072509765625,164.92719246706665,516.9687679351097,404.945278327108,160.35362004988897,504.36219221081876,399.1993542150353,161.06607082428397,506.3668540960713,400.9558760021183,13549200,13696600,19276700
2024-08-12,163.36280822753906,514.5850219726562,403.7147216796875,166.10295907223568,516.6495529140553,405.6498969215895,162.96424691360264,507.7531381507871,401.16426864795665,165.40048221300762,515.4925877047901,403.9628195165785,12435000,9767400,16762900
2024-08-13,165.335693359375,527.1417236328125,410.8599548339844,165.94350917516414,530.0939148567965,411.79280513110314,164.17985960166163,516.7792566788241,406.4537347921751,164.5933665366997,518.6343214325138,406.47357171655057,12717600,13743800,19414300
2024-08-14,161.44967651367188,525.3663940429688,413.6882629394531,164.36919041099168,532.5872298919776,414.54173528870035,158.9586304461226,521.7459928350446,409.3118435327495,163.62187659072688,526.6629425402546,411.64393908583247,22515900,11444200,18267000
2024-08-15,162.58560180664062,535.9085083007812,418.57965087890625,162.93435435683165,538.3420557056077,418.65917193819183,160.9116260556583,525.3066251399796,415.2292687595661,161.62904857869057,530.3831254346013,417.3567984201095,18392500,13482100,20752100
2024-08-16,164.1499786376953,526.0245971679688,416.0345153808594,166.35205486717328,532.2480783702886,418.88780719208,162.49592038476501,523.2718895114789,414.871311404525,162.82474029317686,530.4927859051207,418.15212368395106,16853100,14776700,22775600
2024-08-19,167.79685974121094,527.8797607421875,419.07672119140625,167.8666163302166,530.2534081865273,419.2954420190991,165.49513557024594,521.3769906400114,414.03622098500824,166.40188000248637,525.4761025731007,416.52167114516885,13100800,9879700,15234000
2024-08-20,168.35487365722656,525.33642578125,422.3276672363281,169.79967741743286,529.6849369159322,423.3814956474892,168.05594507135712,524.4886989518025,419.18608502114756,168.1356603745316,526.9521349229415,419.2457333961214,12622500,7944400,16387600
2024-08-21,167.0296173095703,533.744140625,421.67156982421875,168.03599439629477,537.9729743095602,423.9183962597862,165.9734162631958,525.5359335970294,419.2656405890008,166.39191015680808,525.7553832138777,421.6118911043651,15269600,13423300,16067300
2024-08-22,164.8972930908203,530.522705078125,413.13153076171875,168.81321026159983,542.7901517087026,424.30613578026436,164.43893391865004,527.1915755568373,412.1969990352219,168.43456638911738,535.5792990612545,421.8902550651885,19123800,15708300,19361900
2024-08-23,166.830322265625,526.6031494140625,414.36431884765625,167.34846408100543,538.4417418614877,416.8199448280934,165.06667267788774,523.6709248971505,409.69166039420327,165.95348442898648,535.4995340602896,414.5532154876874,14281600,11323900,18493800
2024-08-26,167.3285369873047,519.7413330078125,411.08349609375,168.7733558511077,526.6031363206736,414.85144695028356,165.72431793652402,513.5876732511208,408.9460150702165,167.55273721213987,526.2041702012604,413.94673947074824,11990300,9584000,13152800
2024-08-27,165.78411865234375,517.7266235351562,411.43145751953125,167.6424294663076,522.6236675283147,411.9484202096587,165.56490536104474,513.9466724281382,407.8623548739229,167.0097091779591,517.606945881941,410.4571501735566,13718200,6282700,13492900
2024-08-28,163.91082763671875,515.412841796875,408.2103576660156,166.79047621925304,519.7114368738459,412.58474406521935,162.69519596618224,511.09428015210347,404.939496621488,166.18266038398477,516.3004409587714,412.46544730687265,15208700,9106100,14882700
2024-08-29,162.8147735595703,516.8489990234375,410.7156677246094,167.02963467718953,525.8052834680248,419.593688512659,161.40185288464895,514.3157406096544,408.21034485802835,165.46525036551398,517.6768202698399,412.5250827426797,17133800,8317400,17045200
2024-08-30,164.51864624023438,519.9307861328125,414.7122802734375,164.68803554745267,522.1548668210937,415.0602190186727,162.8247379639128,513.8369657534311,409.7314285183125,163.63183445295118,519.9706583917031,413.18123450252676,18498800,9157500,24308300
2024-09-03,158.04193115234375,510.4060974121094,407.0570983886719,162.794851421707,524.0997538426082,417.43634095322227,157.2896303563664,507.2743899868656,404.66112073149435,162.73008178971705,518.2652549529001,415.47780496274754,26533100,12459100,20313600
2024-09-04,157.2447967529297,511.3834533691406,406.5202331542969,159.82551694837377,515.223304093467,408.8466109265116,156.87612678333463,502.73640830596844,402.01659855552833,157.5088470400444,504.7311169813553,403.5476443909062,17410700,8335200,15135800
2024-09-05,158.03196716308594,515.4926147460938,406.01318359375,160.43831095253145,520.2500150290379,410.69576288507244,156.95583344724037,509.7977292668977,403.7663270914325,157.2148967624086,510.36622861742507,405.2476455783769,14139500,8640900,14195500
2024-09-06,151.58514404296875,498.94647216796875,399.36212158203125,158.64974722214538,523.1921855093276,408.2600144548305,151.39083514674604,496.9318272475794,398.4673353023376,158.1216466586556,520.4993164684229,406.6792718819864,24999100,14744500,19609500
2024-09-09,149.2005615234375,503.45452880859375,403.3587341308594,154.28899143236174,509.9772045756239,406.27167441765806,147.86360676197722,500.751676509204,399.8095040440946,153.28128945081107,504.82089944691495,404.8698768958274,28057700,11047800,15295100
2024-09-10,149.66949462890625,503.45452880859375,411.7893981933594,151.95430520263582,512.8196706618348,413.9069762623546,149.20355939783312,498.70711219354445,405.327227721672,151.10622848372844,506.81560821803276,405.8243177579556,20401800,9899000,19594300
2024-09-11,151.80462646484375,510.4758605957031,420.57794189453125,152.13387922005617,511.76245622202606,421.52239474938517,148.36246071366355,494.28881906904013,407.19625641616165,150.74703500975997,505.66863578869425,413.08181573237965,18991500,10782500,19266900
2024-09-12,155.1869354248047,524.20947265625,424.514892578125,155.25678384046466,525.3165823557075,424.8827343519594,153.15157268835566,513.85692863316,417.30708702498356,154.4585967034471,515.6821043146266,420.84636566939764,21024100,11993300,17418800
2024-09-13,158.01051330566406,523.2320556640625,428.083984375,158.91345784103444,526.1842465755389,429.3167579290349,155.755648728388,515.7419144489008,422.98383586069434,156.0070756210139,518.9634105254878,423.35167762504557,16733900,10321400,15874600
2024-09-16,158.62911987304688,532.3765869140625,428.8296203613281,158.8785524071565,533.1951441126126,431.0068771042965,157.25224741303262,516.5234847252611,425.72778345078893,157.9706143292006,523.6513423732874,428.09393683099876,14157600,9527600,13834700
2024-09-17,159.9161834716797,535.4114379882812,432.6174621582031,161.22320750164613,541.1816145177253,439.27848092894993,159.0481631332768,529.6711789519043,429.75421863095636,159.7266123117633,536.6892378805607,437.6679140298658,12064800,11690800,18874200
2024-09-18,160.44497680664062,537.0386352539062,428.302734375,161.26312280572637,543.2780467125403,433.4923558065776,159.29759326798978,532.9955088150618,427.9050683956392,160.48489453662953,536.1601212459904,432.46835149823806,16756500,10323500,18898000
2024-09-19,162.86947631835938,558.1527709960938,436.1368713378906,164.6155040932057,561.1177710265995,438.9305149970845,162.15310375152245,545.5941273946979,434.3572804602649,164.4458917934048,549.0682122211362,438.6620972919553,17548200,15647000,21706600
2024-09-20,164.2662811279297,560.39892578125,432.7367858886719,164.37603204660826,563.5436133640413,436.6836823244085,162.8095885003916,555.3574937736435,431.69290886011487,164.14655838906322,559.0512373496247,434.6754493302442,46362700,22066800,55167100
2024-09-23,162.69985961914062,563.4537963867188,430.9870300292969,166.23181758098326,573.0075909949846,433.9198431554934,162.58012165110702,561.4571846215243,427.88519293448667,164.96469605302332,568.535200139111,431.75253779309,15648400,12830700,15128900
2024-09-24,163.2685546875,562.3756713867188,426.6722717285156,164.176492741931,566.7881663385376,430.82793711748263,161.6622086004887,553.251140972108,423.62013164821116,163.87717066392423,565.7199717295323,430.47996802683457,18774100,12993000,17015800
2024-09-25,162.6200408935547,567.34716796875,429.59515380859375,163.84424554390736,575.9026560047768,430.599285430914,162.40551734323734,562.764917527023,426.0757780554542,162.60008202800464,563.0943755026146,427.3284243659067,13607900,16543400,13396400
2024-09-26,163.4581298828125,566.8780517578125,428.7998046875,165.12433738176023,576.4218537698613,432.766573468399,163.1288771112858,561.3973011581114,426.6324994108163,164.65540300026643,574.7546390380797,432.5578041483432,18234500,14400800,14492000
2024-09-27,164.91481018066406,566.3988037109375,425.5289306640625,166.59100475314528,569.8729495717097,429.3366572153901,163.4581326837826,563.5536563544842,424.982143776937,163.5379529228678,569.1341520453253,429.0085608111411,13604300,9398400,14896100
2024-09-30,166.8105010986328,571.47021484375,427.795654296875,166.9801133920327,573.706410244188,427.91498138591425,164.26628624932783,563.8431433708773,422.89435403602215,164.40596785707794,566.7382547675098,425.71782167728367,14070100,12792300,16807300
2024-10-01,168.03770446777344,575.4933471679688,418.2416076660156,170.05312356675083,582.052223949219,425.9862787507864,165.5234203103271,569.1341437441329,416.3725443176016,168.47670815509065,577.0007987585797,425.95645456288486,18629500,15259300,19092900
2024-10-02,166.9302215576172,571.839599609375,414.7023620605469,168.49666513124245,575.0241978646806,420.3592494217051,165.87263008138385,568.3755073868431,414.2847930567838,167.37919706037525,573.8861145161185,420.12062555956777,12745000,6524700,16582300
2024-10-03,166.83045959472656,581.78271484375,414.11578369140625,167.52886763193206,582.3716811685491,417.1082451347957,164.994624608732,567.7664618304881,411.8788784861643,165.4436153407923,569.1840999965109,415.19943635003835,11004300,11581000,13686400
2024-10-04,168.17738342285156,594.930419921875,413.6385498046875,169.1651417037373,595.8388514800449,417.30707662196244,166.58102439541923,580.4449915774629,412.55489718933603,168.95561168385737,582.7410829589448,415.80585503539044,11422100,14169500,19169700
2024-10-07,164.016845703125,583.789306640625,407.1565246582031,169.51433291164238,601.9285063283199,414.68244492002515,163.7574413654542,583.0505091511867,406.6196589116371,168.7560635386529,597.2064783663409,413.5789195776064,14034700,12014200,20919800
2024-10-08,165.32386779785156,591.8855590820312,412.29644775390625,165.72296895610333,592.5544069282686,413.24093104669487,163.9370236242508,584.9772388569517,405.7945313192391,165.0544764190507,588.6909682347708,408.5086237522523,11723900,7857400,19229300
2024-10-09,162.6898651123047,589.5095825195312,415.0303955078125,165.8825983372775,593.383013995398,417.93341460570645,160.75426631287192,580.6246363035814,411.88878290651843,164.48078878674917,592.9836672926635,413.4397013585542,19666400,9529700,14974300
2024-10-10,162.80958557128906,582.8408813476562,413.41986083984375,163.93803021658485,589.2300017888213,414.92108254210694,161.27308796158508,581.5331032114448,410.74551386798254,161.7420223125794,586.5745352205768,412.81342552487126,12900500,7740400,13848400
2024-10-11,164.1465606689453,588.9505615234375,413.89703369140625,164.89485824555993,590.2084366715601,414.70231708134946,162.1311415998337,581.722836757389,410.84489374484957,162.95925941151893,583.8392403320302,413.7180885691892,10946000,8587100,14144900
2024-10-14,165.972412109375,589.419677734375,416.7006530761719,167.23951840464235,599.0832703101336,421.5721293976272,164.40596850811767,588.9604960748801,415.09005586184196,164.53567829588263,593.21322748736,415.3386008817118,9981800,8252000,16653100
2024-10-15,166.52114868164062,585.2767944335938,416.3029479980469,168.70618005069358,589.609407732317,420.02120204810905,165.67308722562564,579.1571746540536,412.84322081195853,166.7606093878907,589.1601579101996,419.7229298265709,14829300,9564200,18900200
2024-10-16,166.3615264892578,575.8128051757812,413.69818115234375,166.90029405802036,581.0938820809059,413.93677464609624,164.8409837085831,573.0575322321221,408.0910216693982,165.65313140202477,580.4150414195622,412.7537283462629,9968500,11268400,15508900
2024-10-17,164.13656616210938,575.95263671875,414.2947082519531,167.54880112943871,583.97899451397,420.0410676802283,163.99688456312464,574.225586946511,413.17127995027164,167.00006177752527,582.3418190860033,419.9018679111856,15113400,8701200,14820000
2024-10-18,164.67535400390625,575.4933471679688,415.7263488769531,165.99234980298428,582.9806410828543,417.2076674979936,164.3760319327944,574.2754432717226,413.8374127793913,164.49575467157797,580.1155081526317,414.7122961104646,13091300,7694300,17145300
2024-10-21,165.4236602783203,574.185546875,416.3427429199219,165.8427051102763,576.2620400351755,416.5216880571269,163.93204336640198,568.1458088687186,411.3420182082338,164.20642828942988,575.05412899297,413.6982202013397,11384000,8171900,14206100
2024-10-22,166.44134521484375,581.0240478515625,425.0219421386719,167.08986370041146,582.5414923732056,428.07405197206367,164.29621633151714,571.1507875159534,415.6070554250592,164.32614701705697,573.3170943372664,416.0544182638452,11958600,8544500,25482200
2024-10-23,164.1066436767578,562.7349853515625,422.1288757324219,167.2195719618869,584.008879002397,428.5711433507003,163.26156615464373,561.5469990407663,420.0709156477079,166.05221433986773,578.9873717015129,428.35242251551375,12754300,14248400,19654400
2024-10-24,164.1565399169922,566.818115234375,422.25811767578125,164.67536385635017,567.9162272782188,423.5008427798279,162.40054033844325,560.568710969321,419.94166109145596,164.21640128996543,566.1691920700792,422.85460145374896,12764400,7184700,13581600
2024-10-25,166.61094665527344,572.27880859375,425.658203125,167.0200044057247,580.3051654129531,430.0027653012564,164.85493202249762,570.7513714491723,424.0874119188817,164.98963532280627,572.9576492363118,424.2763085648032,14566400,11337900,16899100
2024-10-28,167.9578857421875,577.1804809570312,424.1072998046875,170.21874866254464,582.7610374446309,429.4261695906152,165.41367087628183,573.147347275715,423.81897907057987,170.20277852548895,581.0140022146043,429.1478003666399,20858300,10925100,14882400
2024-10-29,170.7515411376953,592.2749633789062,429.43609619140625,171.46990807993288,592.6642563781992,430.64899709836675,168.27717457229605,574.4252487176307,423.32186444879665,169.00051981297196,579.1672018209299,425.5090727531412,28916100,13019100,17644100
2024-10-30,175.7401885986328,590.79736328125,430.0127258300781,183.37281818194802,600.18146222204,435.9479823564893,175.34608092530422,588.3814802937598,429.5852356603292,181.9959609227769,599.961803260404,434.8941538571239,49698300,26864900,29749100
2024-10-31,172.2980194091797,566.6184692382812,403.985107421875,178.0150088186449,588.9006638234266,413.73801220344217,172.1683096199305,562.0562040483729,403.9353802107126,174.32341036482913,584.0089406317576,412.94264988457604,32801900,26838400,53971000
2024-11-01,172.2581024169922,566.1991577148438,407.981689453125,173.42546007693375,572.6981389909307,413.0818383039077,169.92341754541656,561.6069748641634,405.12839737386855,171.15062135368265,566.6484075643524,406.6296190582037,21752900,15303200,24230400
2024-11-04,170.29257202148438,559.7301025390625,406.0827941894531,171.52976286876077,567.7265419448195,408.03140902561756,169.1002924275085,556.9448512232912,403.2096294840388,170.85131368500362,563.1442913990002,407.414991879503,16194000,12064600,19672300
2024-11-05,171.02093505859375,571.460205078125,409.0653076171875,171.70637216526382,572.5084140245058,412.4852893556826,169.98328713827703,565.7099536866323,405.70497425343626,170.44224972306222,566.3388912408113,405.99329495800964,12518300,9775400,17626000
2024-11-06,177.92520141601562,571.0808715820312,417.73455810546875,178.23449529525598,572.0292743628759,418.00300613139274,174.64266103018528,554.229463302176,408.1307753660983,174.951970133578,561.7966390012363,410.01974169679755,27061500,18305400,26681800
2024-11-07,181.86624145507812,590.6976318359375,422.9540100097656,182.16556352998285,593.7923558507847,424.3657590257446,178.48393702420717,574.2355767751123,417.43632288625736,178.70343886419374,575.9127234281675,418.8281688837221,16730400,14653700,19901800
2024-11-08,179.4517364501953,588.3416137695312,420.0808410644531,181.93608988065503,592.0951926933623,424.0177855133015,179.16240141973364,583.5297721190619,419.32525452801985,181.58687825588632,590.5378379587844,422.8446603519728,15021500,9415700,16891400
2024-11-11,181.55694580078125,582.1820068359375,415.57720947265625,181.67169024189303,586.00553531121,422.3376216288976,179.58144448419563,575.5333166694651,413.5788978774876,179.6612647183404,585.366604942105,420.0609408352946,12503400,10209100,24503300
2024-11-12,182.9038848876953,583.8292236328125,420.5679931640625,183.60727119420463,598.6440480490492,421.969790701444,180.57917198310966,579.3967433041139,414.77193671429194,180.96828610388522,587.5428920783899,415.81581365023004,14065800,16287700,19401200
2024-11-13,180.08030700683594,579.0173950195312,422.7253723144531,182.20048341961808,584.6478546567904,426.8313104637277,179.7111365260688,574.1955606863224,415.7760330857976,181.73652736364141,581.6229586734983,419.1860937392156,13969700,10757600,21502200
2024-11-14,176.94744873046875,576.1821899414062,424.4055480957031,180.03542477204525,579.7761276375875,425.6780973820496,175.6304376208683,572.0392571340474,417.5556327945319,179.34199500809183,576.0224878119504,422.526533184943,17925800,11053700,30246900
2024-11-15,173.49530029296875,553.1412963867188,412.5847473144531,175.48078883073978,571.5999609350949,420.3393400677491,172.35289497475256,550.5656503540905,411.23267692258383,175.24132810697984,570.2522115419955,417.3767027455775,21708900,17712900,28247600
2024-11-18,176.39869689941406,553.4608154296875,413.34033203125,176.50844782695492,558.9514978806496,415.9649517435253,174.0240942257961,549.1581194372038,409.7016291897124,174.55788351993363,556.0962966980143,412.4554971706168,18725400,14346700,24742000
2024-11-19,179.17237854003906,560.1394653320312,415.3584899902344,179.7610356628362,560.4788552047905,415.5076109291685,174.7185067341715,549.6671856118743,409.154785870871,174.8372399080373,550.9250607524925,410.7057043157201,15392900,9522400,18133500
2024-11-20,176.92747497558594,564.5619506835938,413.0718688964844,178.7034332806034,565.390500678348,414.86141123218795,174.93201483744025,553.2611210117975,408.19044109637775,178.42407007919522,561.9763116905509,414.4438422518667,15729800,9797300,19191700
2024-11-21,168.85585021972656,562.1360473632812,411.2887268066406,175.18145549789298,569.0343137249589,418.1722655525636,164.93476294944196,548.1197947446825,408.7186214344056,175.05673923346154,568.555146432614,417.8933391524707,38839400,11154700,20780200
2024-11-22,166.19192504882812,558.1928100585938,415.40289306640625,167.88306980424588,562.8748674563213,415.80135498920845,165.33387647649843,553.6505301191291,409.48564079067086,166.780582207106,562.5953125397953,409.79445106089474,24497000,9164000,24814600
2024-11-25,169.04539489746094,564.1526489257812,417.1860656738281,170.07307085416926,571.6200187084586,419.46727321033643,167.0200041158874,555.4474504719568,413.2611532266888,167.60867641516356,561.1477383303449,416.7776323033626,21395700,13599800,27691100
2024-11-26,170.23269653320312,572.5682983398438,426.350830078125,171.10571032835793,576.5216113243557,427.396826920373,169.0453953359282,564.2424619188627,417.24585120009374,169.10527192731251,565.0410943888924,417.98300734363517,14937500,10356600,23458900
2024-11-27,170.43226623535156,568.2357177734375,421.3699645996094,170.75153195687213,574.0058940620332,425.59374633298364,169.2848674640083,563.1443212381122,420.4036784238945,170.29256940350413,573.9160806548232,423.48184026594765,12433400,7200200,18332400
2024-11-29,170.10301208496094,573.3470458984375,421.83819580078125,170.48213917467183,577.4800469055187,423.25277076525435,168.36695621133114,565.9396332575727,416.1998692026867,169.67398022072197,568.0360512532919,418.4811073183322,9250700,7130500,16271900
2024-12-02,172.58734130859375,591.82568359375,429.3293762207031,173.20594429747393,593.4928373290564,431.3416287639885,169.88350137476908,574.5949145977398,419.6963985253484,169.93339092253962,576.5216376072835,419.95541246483856,16593400,12522400,20207200
2024-12-03,172.62725830078125,612.6104125976562,429.5485534667969,173.92431041652506,613.1594686318281,430.8136785324232,172.11840622950385,590.2483370618503,426.10178307894205,172.72702217174466,593.9919840199593,428.19374634076934,15721500,14907200,18302000
2024-12-04,175.69029235839844,612.7401733398438,435.7447204589844,176.02951694382102,616.7333966061125,437.98610309109085,172.3578774269222,604.0748252320993,430.973057365549,172.38780811245044,611.9215552584485,431.3715193088951,18239800,14697000,26009400
2024-12-05,173.91432189941406,607.8983764648438,440.9248046875,177.30661319063742,618.8498233695451,442.9570002031869,173.6149998407543,606.0215565844734,434.4995257845279,176.91749908162544,616.0345935489895,436.2428234590915,16145500,8081200,21697800
2024-12-06,176.0894012451172,622.7132568359375,441.87115478515625,176.4376080962673,628.7230165931262,444.3914637865622,173.15607214175068,607.4990854973933,440.0780304611881,173.4853249211239,609.0663720551125,440.605999369761,13319500,16935500,18821000
2024-12-09,176.89846801757812,612.530517578125,444.311767578125,177.83738550391604,625.3387984829403,446.61291802797285,175.20039040791823,605.143030037455,438.8129196876974,175.51503437960727,622.8629585822455,440.904882933204,19887800,11426000,19144400
2024-12-10,186.31773376464844,618.2708129882812,441.6320495605469,187.8160268138949,624.5302104357933,447.89796761162455,182.46212570826387,611.7019431511976,439.9086948512907,184.32500888640666,616.5137848674528,442.6880177694449,34317400,10938900,18469500
2024-12-11,196.4861602783203,631.6080932617188,447.2704162597656,196.66594813117683,637.3184340049636,448.6252234428676,186.04803967773574,620.4770203793527,442.34933339299914,186.4875414177299,622.3138688918516,442.34933339299914,41664500,10837200,19200200
2024-12-12,193.40965270996094,629.7213134765625,447.83819580078125,196.48115029218562,635.581363832556,454.4129240722559,193.06004491560958,626.1474224708807,447.389907127457,196.0766124040666,630.4301325523135,447.389907127457,25197800,7474700,20834800
2024-12-13,191.16221618652344,619.2990112304688,445.5569763183594,194.11883919838084,630.0108744614691,449.7010474581427,191.0423423812578,615.8449119771144,443.8734464678006,192.490704487651,626.1573675626565,446.722508676707,18883200,8453300,20177800
2024-12-16,197.93450927734375,623.6851196289062,449.86041259765625,200.41168291616427,630.5890116598864,450.4481492573408,193.88911488994594,618.0301774865133,443.57458224663304,194.14382959225733,629.420007736044,445.55695084461104,32248600,10885600,23598800
2024-12-17,196.8956756591797,618.889404296875,452.7194519042969,202.64913062417182,631.8079039629248,453.5462901057899,196.46617230830898,615.9919576111723,447.84819595840975,198.30407475927043,625.613402725808,449.2826833242326,24129500,12897800,22733500
2024-12-18,189.93360900878906,596.6591796875,435.71484375,198.46389928471683,626.8023454819172,450.9163784238889,189.0646039194836,595.7899578806528,435.34623528561843,196.60601529827326,620.4480133143085,449.59148560028365,27638400,17075500,24444500
2024-12-19,189.484130859375,595.0405883789062,435.356201171875,194.37856412730645,610.9764221710803,441.4826409757379,189.30434300339118,594.4710877502442,434.64892893973837,193.06005888438943,609.8474217814187,439.92861811038824,26981200,14958100,22963700
2024-12-20,192.74041748046875,584.7297973632812,434.9278869628906,193.91406813278797,602.5739077699969,442.04052591747404,186.1579053424554,579.4844638542556,426.98840977197597,186.7971764103249,590.0550768385264,431.4512325197303,45319700,48989400,64263700
2024-12-23,195.7669677734375,599.3167724609375,433.5830383300781,196.26639877064787,600.5557214561685,435.97384050264867,191.411928868106,585.7288858135305,431.1722932989543,193.80919155814604,589.0758836258183,435.06732205874545,15235900,10205800,19152500
2024-12-24,197.34518432617188,607.2097778320312,437.64739990234375,197.44506138722352,607.4495547417749,437.91638528778583,194.97587425527323,598.7473359909974,432.52710135873434,195.94676829861982,602.18421967186,432.98533109593694,6809800,4726100,7164500
2024-12-26,196.87571716308594,602.8136596679688,436.43206787109375,197.93450850289778,605.7610496183185,439.2512462781778,195.6471058614473,598.4076065348586,434.9577555797017,196.5161262135814,604.9417711960614,437.3983540840164,7907900,6081400,8194200
2024-12-27,193.81918334960938,599.27685546875,428.881103515625,196.5760523318792,601.3150202583132,433.5531436249425,191.75354348102763,589.2757431165518,424.71711987555517,196.24642603002408,598.8771866170372,432.9355230391817,14693000,8084200,18117700
2024-12-30,192.47073364257812,590.7144165039062,423.2029113769531,193.55948963491522,596.4093617724204,425.91249514442245,190.14338320337714,585.059474705781,420.2841404099869,190.64781342319387,588.226639708199,424.42821148968693,12209500,7025900,13158700
2024-12-31,190.22328186035156,584.9895629882812,419.88568115234375,193.03008164381478,593.4420040553556,425.09566152109494,189.36425993005457,583.3310043759192,419.0489019483089,192.2260050490995,591.7435639321293,424.4680695178944,14355200,6019500,13246500
2025-01-02,190.41307067871094,598.7073364257812,416.97686767578125,192.9801381301293,604.3722793886026,424.43820240788705,188.49525744007033,587.2975045360681,413.2611726539346,191.26709343340778,589.1957790711948,423.90026204092493,17545200,12682300,16896500
2025-01-03,192.9102325439453,604.092529296875,421.7286071777344,194.27866867483587,608.9581953145173,422.40599553232005,191.13225931471843,595.8798046163633,417.93320162542307,192.5056946331138,604.2224186140523,419.4672816518615,12875000,11436800,16662900
2025-01-06,197.7347412109375,629.6398315429688,426.21136474609375,199.33291137103032,630.429107364017,432.6565862275622,194.83803207586362,605.0816634693568,423.85044657634234,194.92792600382484,611.2861653941472,426.3607841744266,19483300,14560800,20573600
2025-01-07,196.4861602783203,617.3407592773438,420.7523498535156,201.909973886113,631.5380886830453,429.00063686122985,195.7170322333306,607.6893121042956,419.18835553907815,198.04438263544472,631.1384808399608,427.356962317073,16966800,12071500,18139100
2025-01-08,195.1676483154297,610.1771240234375,422.9339599609375,197.41508784704052,615.8920714343907,425.3347334633813,193.52951522204586,602.2541800285583,419.9255373117582,193.72928457657076,612.8547955325016,421.8381668103431,14335300,10085800,15054600
2025-01-10,192.95018005371094,615.3125610351562,417.345458984375,197.39511312065048,629.3500601048015,423.0833778600729,191.38197456331892,596.8090645204555,413.4304875422897,195.19761966253236,609.4877870994305,423.0036976315441,20753800,19256600,20201100
2025-01-13,192.0711669921875,607.789306640625,415.5921936035156,192.27095158503425,608.4286914350151,416.8971739621178,188.4453083016719,597.9180835402799,410.71096634455273,191.13224951636064,606.5603584516555,413.6496498082875,13169100,10785000,17604800
2025-01-14,190.8325958251953,593.7218017578125,414.0780334472656,193.050070773715,604.9518013433293,418.13242259689986,189.42419669059564,588.0268559982835,409.1469793562449,192.28094273517524,604.5321917343676,416.2098216251219,13651200,13598000,16935900
2025-01-15,196.75584411621094,616.5714721679688,424.67724609375,197.57491832048342,621.9067525765506,426.51019531397225,193.11000369739423,605.9609165618788,416.6680304830878,194.12884726518368,609.6676409065044,417.5247525233758,12894900,15524300,19637800
2025-01-16,194.1887664794922,610.756591796875,422.953857421875,196.75583391247915,615.7022038454446,427.8450559110229,194.0788910490422,609.1680393269272,422.76461308505725,195.60214951346643,610.9564262093133,427.0581034768278,13449600,8355300,15300000
2025-01-17,197.3251953125,612.225341796875,427.3868408203125,198.58375597214695,624.4144487016482,432.81597982276594,195.0877388983694,603.1333939973155,426.53014915865293,197.82462632303964,623.4952835439785,432.4274589059452,22109100,17280600,26197500
2025-01-21,199.40283203125,615.9120483398438,426.85888671875,203.6080326445683,620.9475463117574,429.2496888722742,199.21304580682195,608.4686584766922,423.9699995165458,200.28182025394423,617.2808256632173,428.55238804454143,19005200,11674000,26085700
2025-01-22,199.8023681640625,622.94580078125,444.4910888671875,201.88998612293432,633.1367466870842,445.5569677171093,198.9733108604717,618.8794110911601,434.33014218783535,200.32178068082086,622.745966355468,435.8841650351672,15477400,12274000,27803800
2025-01-23,199.35289001464844,635.88427734375,444.9991149902344,201.71020506522237,636.0341074215171,445.03897030447143,196.59603624015026,620.597889576449,439.8090775364838,199.75242873857272,626.8023305338492,440.30716256200645,15170800,9910200,18389300
2025-01-24,201.6702423095703,646.9144287109375,442.3592834472656,202.33949329722083,651.4204294754496,444.9393603072831,199.5566528889042,633.6362643025149,439.70946738545626,199.6225872950207,635.8343208926308,443.4550766157881,12732400,19065300,15549500
2025-01-27,193.54949951171875,659.29345703125,432.8956604003906,198.44391735433535,663.2799006811211,433.5332238334213,192.48070982544095,624.5443426754407,421.8780219291722,193.96901973467803,626.0530102379722,422.3860783898249,24970200,28399200,35647800
2025-01-28,196.8457489013672,673.7305908203125,445.4872741699219,197.00555524376668,681.9732572201489,446.66274757404807,192.39081751116362,658.8837538443346,429.72785612913765,194.42848935993928,665.4079784595224,432.93552501884864,15939200,20950100,23491700
2025-01-29,196.9556121826172,675.888671875,440.6358947753906,198.2341696318412,680.4446161433896,445.16848684550723,194.96788645279017,665.0782822378817,438.7132938317083,197.14539841120728,674.4000060630054,444.97921209968376,12287800,21377800,23581400
2025-01-30,202.3994140625,686.3893432617188,413.4006042480469,203.00672387191645,710.1581749857351,421.24045777086803,199.24500307805343,675.4990076007216,411.57762641112805,199.53266972822976,696.200621832455,417.1661258658952,14571500,29322900,54586300
2025-01-31,205.3660430908203,688.5673828125,413.4703369140625,206.8443546537246,704.6730489182394,419.0787791378778,203.34833748699367,684.9706072332008,413.32091748728266,203.48317837651163,690.3857723381032,417.3753368711932,17087300,19331700,34223400
2025-02-03,202.40939331054688,696.840087890625,409.3462219238281,204.9864590771122,703.3742528890535,413.819015846871,201.43051282665638,674.649807192235,407.09486781879804,201.98487391595285,675.3091937227201,410.02361028085903,16719500,21415700,25679100
2025-02-04,207.4736328125,703.5640869140625,410.7906494140625,208.46249643839946,707.0809776947289,412.3347312724244,204.02754671792735,690.995251505304,408.1707172498281,204.2672790849399,701.8755866223114,411.1094311345796,28285400,13826300,20532100
2025-02-05,193.0800323486328,704.2434692382812,411.7071228027344,194.32860987902825,717.5016936715592,412.2450327338191,189.69389069585742,698.3886925528532,408.828176805576,192.88026299205453,702.9246352066622,410.77072053658367,43666400,17778200,16316700
2025-02-06,193.0900115966797,711.3571166992188,414.2274475097656,193.60942410647172,718.2610086889607,416.59833715024297,190.2732286703268,702.8746730458445,412.41441067873023,190.77265967243562,705.2525623903425,412.41441067873023,20816600,13080700,16309800
2025-02-07,186.92703247070312,713.8848876953125,408.1806945800781,192.79534667048466,724.3655534509123,417.0466023053385,184.88936071436743,711.1173304150035,406.5370200109021,192.52066571940506,716.162829309228,414.8849302333569,29565700,16427100,22886800
2025-02-10,187.98582458496094,716.7623291015625,410.6412048339844,189.77379609286592,720.558939093694,413.86878595463395,187.39649966530655,710.697717393577,409.3461959746536,188.84484651111416,717.9212711485029,412.12548842823685,16606000,12904300,20817900
2025-02-11,186.8571319580078,719.16015625,409.86419677734375,188.58515904568145,723.0167104534308,410.91016314142485,185.86825303657443,709.4088221751414,407.73237833536206,186.62239876540912,712.6859358478964,408.07110289586285,13028100,12998000,18140600
2025-02-12,185.21897888183594,724.7352294921875,407.473388671875,186.61739486850084,726.4536713486742,409.1768308737253,183.42103942122037,711.9665601009159,402.82126135721137,185.0192095241481,714.6641723225413,405.6503805324544,17632300,12016500,19121700
2025-02-13,187.66619873046875,727.9124145507812,408.9676513671875,187.77607416088287,728.3520258945355,409.4258810673793,184.66961270981918,717.4017457743258,404.8036375500993,185.7184056239068,720.8786940316196,405.4412009596675,12729300,12569100,23891700
2025-02-14,186.6573486328125,736.0151977539062,406.86572265625,187.93589085274974,740.2514192957425,407.3438952203064,185.89821895267022,724.9750316832167,404.3255012113121,186.6174008565631,725.4945889979003,406.22818963820515,12714200,16901200,22758500
2025-02-18,185.58856201171875,715.7332153320312,408.07110595703125,187.56630449733623,736.3448822468013,409.0274206742818,183.3710871600107,705.8120494058986,404.943117468385,187.226695076443,735.3457711447024,406.43737251439387,19796000,21938700,21423100
2025-02-19,186.91705322265625,703.1444702148438,413.1814270019531,187.1467872178663,706.37157970015,413.8986706302125,185.2889032654933,694.7719139390767,406.0887013451084,185.9731213052312,703.4741329865286,406.3178313932664,13120500,17535500,24114200
2025-02-20,186.4276123046875,694.222412109375,415.3674621582031,186.90706182083724,705.0027993686539,418.5416276159257,184.38994042998203,693.0234665438812,411.78404435480104,186.28777222741775,696.6602457328806,414.52900508229465,12063800,12587400,23508700
2025-02-21,181.3733673095703,682.9423828125,407.4619445800781,187.25666399411273,703.2443277596083,417.28390907488637,180.92388244913036,681.7534381597311,407.14255413255484,187.07686090508184,695.9608297659651,416.57521868274245,19520800,15660400,27524800
2025-02-24,180.9838104248047,667.5361328125,403.2596740722656,184.87936617572134,686.6591347238324,408.6198287275297,180.67416563965807,661.8611888382964,398.58825743588903,183.59084088624112,685.6700244492644,407.7614192904554,18734000,15677000,26443700
2025-02-25,177.16815185546875,656.9155883789062,397.17083740234375,180.55429349830055,667.406255569748,401.18349019975926,176.56884378749382,641.2894751849396,395.9730546936776,179.94998624296272,665.3780306420172,400.3649855487621,20832500,20579700,29387400
2025-02-26,174.50119018554688,673.1011962890625,398.99749755859375,177.87734865828276,682.4029186886339,402.860400830509,173.3924527442382,657.4151389833991,393.5275288045757,176.74364576328153,659.0636967789872,397.28064827533655,23637200,14488700,19619000
2025-02-27,170.0163116455078,657.6549072265625,391.8106994628906,176.38904098824568,688.0379111520425,404.9964840093174,169.55882503535227,656.9855198372225,391.45137377356565,175.73978676984865,681.8434098860729,400.53467393026557,25930500,12500000,21127400
2025-02-28,172.02401733398438,667.6060791015625,396.26251220703125,172.30369747869378,669.034800720811,396.9013540385077,168.19837398997922,642.0287972080544,385.86162375466716,170.1062040953664,657.4550757218477,391.94046026830176,30049800,17534200,32845700
2025-03-03,168.46807861328125,654.4677124023438,387.778076171875,174.80086041257175,680.6444353602695,398.0891633417286,167.4492350449917,650.2614937084818,385.4523593369203,173.5323013294071,673.0811570323929,398.0891633417286,24122000,10843800,23007700
2025-03-04,172.41357421875,639.4310913085938,387.8978576660156,174.9656593689528,649.1724243402481,391.86058386063223,167.34933645157065,623.0956495401799,380.30181761040467,167.74889040520628,644.9362031172728,382.6974135187692,30711400,21495200,29342900
2025-03-05,174.79087829589844,655.886474609375,400.2851257324219,175.55000797862252,658.9138106981253,400.9339589862258,170.73548550793336,637.09319610967,388.09750890861034,172.12391841048589,640.4302542191028,388.62653647287385,18848000,13770000,23433100
2025-03-06,174.0117645263672,627.371826171875,396.1627197265625,176.52888591983762,649.9817152601623,401.4130601425524,172.31169022063378,623.5552144493282,391.9604125552081,172.35364986457097,647.4239932814962,393.557486671848,19082400,13446500,23304600
2025-03-07,175.5500030517578,625.1038208007812,392.5892639160156,176.69868829805844,634.2257099756501,394.07652376953155,172.05398592128185,600.0761000698269,384.83351327034705,173.0448614517929,624.8141005363861,391.601087821307,16395300,21375700,22034100
2025-03-10,167.80999755859375,597.4584350585938,379.46337890625,170.4499969482422,609.5676566741505,385.69193466137494,165.56500244140625,586.3483245399041,376.5287638766263,170.16000366210938,607.5294919896663,385.1329632711281,28990700,21999900,32840100
2025-03-11,165.97999572753906,605.171630859375,379.7528381347656,168.65499877929688,614.3834063038594,385.29265558349334,163.24000549316406,592.8026300616355,376.2193166501511,166.67999267578125,594.5210719524441,378.30548307291184,23705900,17401500,30380200
2025-03-12,169.0,619.00927734375,382.5676574707031,169.52999877929688,632.7670568528157,384.5140963348653,165.47999572753906,608.8083309497569,378.2555969008229,168.47000122070312,629.3401130606143,382.2482670126177,19880100,15747000,24253600
2025-03-13,164.72999572753906,590.114990234375,378.0758972167969,168.1199951171875,619.9484328172048,384.6139126915579,164.07000732421875,585.988656544404,376.75833925298997,167.97999572753906,619.6986550441117,382.4578672121625,15206200,16480300,20473000
2025-03-14,167.6199951171875,607.5999755859375,387.84796142578125,168.25,608.8599853515625,389.51491455417886,164.50999450683594,594.780029296875,378.81455773398244,165.31500244140625,602.7999877929688,379.0840519928303,18611100,12364500,19952800
2025-03-17,166.57000732421875,604.9000244140625,387.98773193359375,168.4600067138672,613.0999755859375,391.99036302361236,165.80999755859375,598.0,384.8634626840814,167.3249969482422,607.4600219726562,385.9913968692823,17839100,15473900,22474300
2025-03-18,162.6699981689453,582.3599853515625,382.81719970703125,166.44000244140625,600.25,386.6601507855219,158.8000030517578,574.6599731445312,380.4016513456866,165.9600067138672,600.0499877929688,386.36071271152235,24616800,20297700,19486900
2025-03-19,166.27999877929688,584.0599975585938,387.1093444824219,168.13299560546875,592.3200073242188,388.9659214939022,163.0500030517578,574.77001953125,383.29633715100766,163.9149932861328,584.280029296875,384.8235322758774,24955700,20537500,19185500
2025-03-20,165.0500030517578,586.0,386.131103515625,167.02999877929688,610.2000122070312,391.07204471614995,163.13999938964844,579.510009765625,382.5776297310475,163.8249969482422,582.760009765625,385.0331131975468,19981500,24336500,18470500
2025-03-21,166.25,596.25,390.54302978515625,166.47000122070312,597.5399780273438,391.0221306945889,163.02999877929688,580.9500122070312,382.09851071654674,163.3800048828125,583.4199829101562,382.5177544739553,29882100,25015900,39675900
2025-03-24,169.92999267578125,618.8499755859375,392.35968017578125,170.5,622.5399780273438,394.67543616141086,167.44000244140625,612.2000122070312,389.09568331150246,169.26499938964844,614.969970703125,394.67543616141086,18742800,15741300,21004500
2025-03-25,172.7899932861328,626.3099975585938,394.4358825683594,172.91000366210938,633.8800048828125,395.63366532055824,170.5500030517578,621.1799926757812,391.9205113732519,171.17999267578125,626.760009765625,393.19816458592396,13841600,15312500,15775000
2025-03-26,167.13999938964844,610.97998046875,389.2554016113281,171.94000244140625,626.75,394.5856126855185,166.86099243164062,606.6099853515625,387.85797313035886,171.3000030517578,624.8900146484375,394.27618318122023,22498000,12609800,16108400
2025-03-27,164.0800018310547,602.5800170898438,389.8642578125,167.44000244140625,614.25,391.5212195564284,163.85000610351562,600.0999755859375,386.6900923994873,166.7100067138672,602.0,389.4151007040484,21571200,10436500,13766800
2025-03-28,156.05999755859375,576.739990234375,378.1058349609375,163.80999755859375,601.75,388.4169222438939,155.33900451660156,573.9199829101562,376.2392666189567,162.36000061035156,600.3099975585938,387.36882809704144,34866500,17602800,21632000
2025-03-31,156.22999572753906,576.3599853515625,374.7021179199219,157.1300048828125,578.7000122070312,376.3790320336197,152.2100067138672,553.2999877929688,366.5670283067677,154.80999755859375,563.5,371.8573344110368,33591600,21124700,35184700
2025-04-01,158.8800048828125,586.0,381.4896545410156,160.0800018310547,589.9099731445312,382.1484487727996,155.2550048828125,570.0,372.54608191207893,155.3000030517578,570.8400268554688,373.96346276032,20111400,12836600,19689500
2025-04-02,158.86000061035156,583.9299926757812,381.43975830078125,160.27499389648438,592.6599731445312,384.3743428432238,156.52999877929688,573.3599853515625,375.92985398533636,156.9600067138672,574.9099731445312,377.2773862564683,17113300,13470800,16092600
2025-04-03,152.6300048828125,531.6199951171875,372.42626953125,154.68699645996094,552.5599975585938,376.788287190408,152.17999267578125,530.2999877929688,368.67318036225987,152.8350067138672,546.219970703125,374.10321411915555,28416100,34777500,30198000
2025-04-04,147.74000549316406,504.7300109863281,359.18060302734375,153.08999633789062,518.0,373.9035742050073,147.5399932861328,494.20001220703125,358.8212773354498,149.89999389648438,506.6199951171875,363.4627502923482,39832200,38589800,49209900
2025-04-07,149.24000549316406,516.25,357.2042236328125,154.92999267578125,539.3699951171875,370.32015981776436,142.66000366210938,481.8999938964844,344.1581969485817,143.38999938964844,485.1000061035156,350.2370336524557,47823000,36606100,50425000
2025-04-08,146.5800018310547,510.45001220703125,353.9102783203125,154.44000244140625,547.4299926757812,372.9652928837084,145.2100067138672,502.8599853515625,349.6081786868937,153.5749969482422,543.25,367.585185716996,35304400,28034200,35868900
2025-04-09,161.05999755859375,585.77001953125,389.7744140625,161.8699951171875,587.8900146484375,392.50941370351666,145.80999755859375,502.1099853515625,352.45294739016697,146.3300018310547,509.2699890136719,352.8921435234206,46479500,39216600,50199700
2025-04-10,155.3699951171875,546.2899780273438,380.65118408203125,160.02999877929688,581.2999877929688,383.19649903483815,152.1999969482422,535.2999877929688,367.12599611378243,158.75999450683594,575.489990234375,381.3598744812396,35270500,28173500,38024400
2025-04-11,159.39999389648438,543.5700073242188,387.7381896972656,159.86000061035156,547.4000244140625,389.3352333779351,155.5850067138672,528.5900268554688,378.19571053548395,155.5850067138672,535.510009765625,379.9425037151649,22582000,17642300,23839200
2025-04-14,161.47000122070312,531.47998046875,387.0993347167969,164.02999877929688,557.77001953125,393.92679674338564,159.9199981689453,528.280029296875,383.5059256339463,162.30999755859375,556.1699829101562,392.4994245329486,18255900,14130900,19251200
2025-04-15,158.67999267578125,521.52001953125,385.0231628417969,162.0500030517578,537.9400024414062,391.17187833074144,157.64500427246094,517.5,383.4560325474498,161.57000732421875,532.1099853515625,387.79806728846995,15690800,15558700,17199900
2025-04-16,155.5,502.30999755859375,370.92901611328125,158.17999267578125,513.3699951171875,380.9106912763521,153.91000366210938,495.6300048828125,367.32564600100716,155.47000122070312,508.510009765625,379.97244183574617,16921500,18735100,21967800
2025-04-17,153.36000061035156,501.4800109863281,367.1060485839844,157.07000732421875,507.29998779296875,373.6340726815441,150.89999389648438,498.010009765625,366.2176953329466,156.61000061035156,505.25,373.0651098854367,19513400,14593500,20943700
2025-04-21,149.86000061035156,484.6600036621094,358.4619140625,151.05999755859375,493.5,363.8121077971333,148.39999389648438,479.79998779296875,355.01825440362086,150.96499633789062,491.3299865722656,362.1551460624454,16147800,16166000,20807300
2025-04-22,153.89999389648438,500.2799987792969,366.1478271484375,154.61000061035156,506.8800048828125,367.09606804173376,150.8699951171875,486.3599853515625,359.20055908423666,151.07000732421875,491.8699951171875,362.7141283475077,15910300,17399400,19485000
2025-04-23,157.72000122070312,520.27001953125,373.7039489746094,160.02000427246094,535.3400268554688,379.6929540391626,156.35000610351562,516.52001953125,372.33643389707953,157.91000366210938,528.530029296875,375.3708716590499,18575700,18173900,20545500
2025-04-24,161.47000122070312,533.1500244140625,386.59027099609375,161.7100067138672,533.9000244140625,387.7381880213899,158.08999633789062,517.5,374.5024768665421,158.52499389648438,518.72998046875,375.01155205300716,30787500,13910000,22232300
2025-04-25,163.85000610351562,547.27001953125,391.1319580078125,168.24000549316406,549.8599853515625,391.44138750936105,163.0,536.25,383.8952433175299,167.10000610351562,546.7999877929688,386.29083932956814,35148100,17098900,18973200
2025-04-28,162.4199981689453,549.739990234375,390.4432067871094,164.9499969482422,558.489990234375,392.0202980494585,160.3800048828125,540.5900268554688,385.9315006090283,164.25999450683594,555.6400146484375,391.241728610284,20871200,15179000,16579400
2025-04-29,162.05999755859375,554.4400024414062,393.31793212890625,162.67999267578125,556.5700073242188,394.3759872470841,159.38999938964844,544.1199951171875,389.66463540586307,162.0449981689453,546.0,390.5829324517716,15955200,11835000,14974000
2025-04-30,160.88999938964844,549.0,394.53570556640625,161.37399291992188,549.0999755859375,395.93313400867555,157.15499877929688,529.5,383.73552563819743,159.86000061035156,538.4000244140625,389.58477271143016,20639500,29244000,36461100
2025-05-01,162.7899932861328,572.2100219726562,424.6204528808594,163.94000244140625,592.9500122070312,436.1892106723326,160.92999267578125,570.5,424.12136912560175,162.52000427246094,592.0800170898438,430.3199808366381,21904300,31159000,58938100
2025-05-02,165.80999755859375,597.02001953125,434.48236083984375,166.6999969482422,604.3400268554688,438.63474141621873,163.66000366210938,578.3300170898438,429.20204608174254,164.9550018310547,583.4600219726562,430.948839257634,16844900,24739300,30757400
2025-05-05,166.0500030517578,599.27001953125,435.3707275390625,167.10000610351562,603.2100219726562,438.6946118778074,164.47000122070312,588.0499877929688,431.3181395047298,164.51499938964844,591.219970703125,432.07675654489867,15309300,13887700,20136100
2025-05-06,165.1999969482422,587.3099975585938,432.5159606933594,166.74000549316406,596.030029296875,436.92787448428356,163.1300048828125,586.5800170898438,430.3798980651205,163.9600067138672,592.530029296875,431.408009380462,10691900,10600700,15104200
2025-05-07,152.8000030517578,596.8099975585938,432.555908203125,166.99000549316406,603.0800170898438,437.3171563878889,149.49000549316406,586.6699829101562,430.319992206568,166.07000732421875,590.3599853515625,433.04500054847074,78729800,13139100,23295300
2025-05-08,155.75,598.010009765625,437.3670654296875,157.41000366210938,611.2999877929688,442.85698666150637,154.10000610351562,596.6199951171875,434.86165526525525,155.9199981689453,606.2899780273438,437.12748451655574,38387500,14622800,23491300
2025-05-09,154.3800048828125,592.489990234375,437.9260559082031,156.42999267578125,606.969970703125,439.93235195021686,153.8300018310547,591.7100219726562,435.08127232610667,155.5500030517578,603.719970703125,439.19371771814804,22871000,10427300,15324200
2025-05-12,159.5800018310547,639.4299926757812,448.4367370605469,160.44000244140625,640.3900146484375,448.5465208630377,157.88999938964844,621.030029296875,438.9740982732109,159.10000610351562,630.9199829101562,445.12281367736733,31884900,21965100,22821900
2025-05-13,160.88999938964844,656.030029296875,448.3169860839844,162.05999755859375,660.9199829101562,449.8441812103938,157.5800018310547,642.8300170898438,444.54388351816056,159.9199981689453,645.5399780273438,446.9594623818115,24944300,18570800,23618800
2025-05-14,166.80999755859375,659.3599853515625,452.1099853515625,168.33999633789062,662.6699829101562,453.0682176126866,160.92999267578125,654.3099975585938,447.3187935842875,161.30999755859375,661.2100219726562,447.3187935842875,31769200,12348200,19902800
2025-05-15,165.39999389648438,643.8800048828125,453.1300048828125,167.50999450683594,657.3099975585938,456.19000244140625,163.83999633789062,638.5800170898438,450.42999267578125,167.13999938964844,654.280029296875,450.7699890136719,22717600,14341800,21992300
2025-05-16,167.42999267578125,640.3400268554688,454.2699890136719,170.64999389648438,640.4400024414062,454.3599853515625,166.9499969482422,626.1500244140625,448.7300109863281,168.92999267578125,637.9600219726562,452.04998779296875,36271400,18519000,23849800
2025-05-19,167.8699951171875,640.4299926757812,458.8699951171875,167.9499969482422,643.0,459.5899963378906,165.4149932861328,627.7999877929688,450.79998779296875,165.71499633789062,628.25,450.8800048828125,21374700,9592400,21336500
2025-05-20,165.32000732421875,637.0999755859375,458.1700134277344,169.67999267578125,639.3499755859375,458.3399963378906,164.25999450683594,632.260009765625,454.32000732421875,167.75999450683594,636.010009765625,455.5899963378906,33563300,6743500,15441800
2025-05-21,170.05999755859375,635.5,452.57000732421875,174.52999877929688,646.6099853515625,457.7799987792969,164.88999938964844,630.1699829101562,451.80999755859375,164.9499969482422,631.7899780273438,454.57000732421875,45567600,11464600,19216900
2025-05-22,171.97999572753906,636.5700073242188,454.8599853515625,178.1300048828125,643.25,460.25,171.8800048828125,630.7100219726562,453.8999938964844,173.35000610351562,634.0499877929688,454.95001220703125,45024100,8228400,18025600
2025-05-23,169.58999633789062,627.0599975585938,450.17999267578125,171.2050018310547,632.4500122070312,453.69000244140625,169.25999450683594,622.6500244140625,448.9100036621094,170.27999877929688,624.0,449.9800109863281,24963600,8454100,16883500
2025-05-27,173.97999572753906,642.3200073242188,460.69000244140625,174.2899932861328,643.0800170898438,460.95001220703125,171.2100067138672,632.75,456.1199951171875,171.3000030517578,635.4099731445312,456.4800109863281,24341300,9508400,20974300
2025-05-28,173.3800048828125,643.5800170898438,457.3599853515625,176.47999572753906,650.8800048828125,462.5199890136719,173.01499938964844,642.5499877929688,456.92999267578125,173.97999572753906,642.5999755859375,461.2200012207031,25999200,9042900,17086300
2025-05-29,172.9600067138672,645.0499877929688,458.67999267578125,175.39999389648438,653.3200073242188,461.7200012207031,171.77999877929688,639.5,455.30999755859375,175.0,651.6500244140625,461.54998779296875,21233600,8883400,13982200
