[0m21:45:44.299937 [debug] [MainThread]: Sending event: {'category': 'dbt', 'action': 'invocation', 'label': 'start', 'context': [<snowplow_tracker.self_describing_json.SelfDescribingJson object at 0x7814f7690a60>, <snowplow_tracker.self_describing_json.SelfDescribingJson object at 0x7814f6841f30>, <snowplow_tracker.self_describing_json.SelfDescribingJson object at 0x7814f6841ed0>]}


============================== 21:45:44.302708 | 38cfa135-7166-4ed8-bb6a-a21bc1e1b3b9 ==============================
[0m21:45:44.302708 [info ] [MainThread]: Running with dbt=1.9.8
[0m21:45:44.303144 [debug] [MainThread]: running dbt with arguments {'printer_width': '80', 'indirect_selection': 'eager', 'write_json': 'True', 'log_cache_events': 'False', 'partial_parse': 'True', 'cache_selected_only': 'False', 'warn_error': 'None', 'debug': 'False', 'version_check': 'True', 'log_path': 'logs', 'fail_fast': 'False', 'profiles_dir': '/home/norman/.dbt', 'use_colors': 'True', 'use_experimental_parser': 'False', 'empty': 'False', 'quiet': 'False', 'no_print': 'None', 'warn_error_options': 'WarnErrorOptions(include=[], exclude=[])', 'static_parser': 'True', 'introspect': 'True', 'invocation_command': 'dbt run --models fact_security', 'target_path': 'None', 'log_format': 'default', 'send_anonymous_usage_stats': 'True'}
[0m21:45:44.303542 [error] [MainThread]: Encountered an error:
Runtime Error
  No dbt_project.yml found at expected path /home/norman/NTU-Project-Data-Science-AI_Norman/NTU-Project-Data-Science-AI/TA Undervalue stock /dbt_project.yml
  Verify that each entry within packages.yml (and their transitive dependencies) contains a file named dbt_project.yml
  
[0m21:45:44.305011 [debug] [MainThread]: Resource report: {"command_name": "run", "command_success": false, "command_wall_clock_time": 0.045266885, "process_in_blocks": "21504", "process_kernel_time": 0.083392, "process_mem_max_rss": "94128", "process_out_blocks": "8", "process_user_time": 0.77328}
[0m21:45:44.305384 [debug] [MainThread]: Command `dbt run` failed at 21:45:44.305301 after 0.05 seconds
[0m21:45:44.305672 [debug] [MainThread]: Sending event: {'category': 'dbt', 'action': 'invocation', 'label': 'end', 'context': [<snowplow_tracker.self_describing_json.SelfDescribingJson object at 0x7814f7690a60>, <snowplow_tracker.self_describing_json.SelfDescribingJson object at 0x7814f68425f0>, <snowplow_tracker.self_describing_json.SelfDescribingJson object at 0x7814f6841f30>]}
[0m21:45:44.305973 [debug] [MainThread]: Flushing usage events
[0m21:45:45.611083 [debug] [MainThread]: An error was encountered while trying to flush usage events
[0m21:47:17.081636 [debug] [MainThread]: Sending event: {'category': 'dbt', 'action': 'invocation', 'label': 'start', 'context': [<snowplow_tracker.self_describing_json.SelfDescribingJson object at 0x7699627d4a30>, <snowplow_tracker.self_describing_json.SelfDescribingJson object at 0x769961991ea0>, <snowplow_tracker.self_describing_json.SelfDescribingJson object at 0x769961991e40>]}


============================== 21:47:17.084479 | 38f1f0c9-dd05-4e7e-9d13-e0aa71f436d6 ==============================
[0m21:47:17.084479 [info ] [MainThread]: Running with dbt=1.9.8
[0m21:47:17.084941 [debug] [MainThread]: running dbt with arguments {'printer_width': '80', 'indirect_selection': 'eager', 'log_cache_events': 'False', 'write_json': 'True', 'partial_parse': 'True', 'cache_selected_only': 'False', 'warn_error': 'None', 'version_check': 'True', 'fail_fast': 'False', 'log_path': '/home/norman/NTU-Project-Data-Science-AI_Norman/NTU-Project-Data-Science-AI/TA Undervalue stock /logs', 'profiles_dir': '/home/norman/.dbt', 'debug': 'False', 'use_colors': 'True', 'use_experimental_parser': 'False', 'no_print': 'None', 'quiet': 'False', 'empty': 'False', 'log_format': 'default', 'introspect': 'True', 'static_parser': 'True', 'invocation_command': 'dbt run --models fact_security', 'target_path': 'None', 'warn_error_options': 'WarnErrorOptions(include=[], exclude=[])', 'send_anonymous_usage_stats': 'True'}
[0m21:47:17.087402 [error] [MainThread]: Encountered an error:
Runtime Error
  Could not find profile named 'stock_analysis'
[0m21:47:17.088715 [debug] [MainThread]: Resource report: {"command_name": "run", "command_success": false, "command_wall_clock_time": 0.04631271, "process_in_blocks": "58576", "process_kernel_time": 0.115626, "process_mem_max_rss": "93728", "process_out_blocks": "16", "process_user_time": 0.816613}
[0m21:47:17.089068 [debug] [MainThread]: Command `dbt run` failed at 21:47:17.088988 after 0.05 seconds
[0m21:47:17.089327 [debug] [MainThread]: Sending event: {'category': 'dbt', 'action': 'invocation', 'label': 'end', 'context': [<snowplow_tracker.self_describing_json.SelfDescribingJson object at 0x7699627d4a30>, <snowplow_tracker.self_describing_json.SelfDescribingJson object at 0x769961992ec0>, <snowplow_tracker.self_describing_json.SelfDescribingJson object at 0x7699619915d0>]}
[0m21:47:17.089592 [debug] [MainThread]: Flushing usage events
[0m21:47:18.184347 [debug] [MainThread]: An error was encountered while trying to flush usage events
[0m21:49:55.058094 [debug] [MainThread]: Sending event: {'category': 'dbt', 'action': 'invocation', 'label': 'start', 'context': [<snowplow_tracker.self_describing_json.SelfDescribingJson object at 0x7288e09cca60>, <snowplow_tracker.self_describing_json.SelfDescribingJson object at 0x7288dfb85f00>, <snowplow_tracker.self_describing_json.SelfDescribingJson object at 0x7288dfb85ea0>]}


============================== 21:49:55.060061 | f6a5980f-9e77-4d0d-aa4a-61c4ea66051c ==============================
[0m21:49:55.060061 [info ] [MainThread]: Running with dbt=1.9.8
[0m21:49:55.060699 [debug] [MainThread]: running dbt with arguments {'printer_width': '80', 'indirect_selection': 'eager', 'write_json': 'True', 'log_cache_events': 'False', 'partial_parse': 'True', 'cache_selected_only': 'False', 'warn_error': 'None', 'fail_fast': 'False', 'profiles_dir': '/home/norman/.dbt', 'log_path': '/home/norman/NTU-Project-Data-Science-AI_Norman/NTU-Project-Data-Science-AI/TA Undervalue stock /logs', 'version_check': 'True', 'debug': 'False', 'use_colors': 'True', 'use_experimental_parser': 'False', 'empty': 'False', 'quiet': 'False', 'no_print': 'None', 'warn_error_options': 'WarnErrorOptions(include=[], exclude=[])', 'invocation_command': 'dbt run --models fact_security', 'log_format': 'default', 'introspect': 'True', 'target_path': 'None', 'static_parser': 'True', 'send_anonymous_usage_stats': 'True'}
[0m21:49:55.063077 [error] [MainThread]: Encountered an error:
Runtime Error
  Could not find profile named 'stock_analysis'
[0m21:49:55.063974 [debug] [MainThread]: Resource report: {"command_name": "run", "command_success": false, "command_wall_clock_time": 0.045032945, "process_in_blocks": "0", "process_kernel_time": 0.096119, "process_mem_max_rss": "93740", "process_out_blocks": "8", "process_user_time": 0.746774}
[0m21:49:55.064349 [debug] [MainThread]: Command `dbt run` failed at 21:49:55.064273 after 0.05 seconds
[0m21:49:55.064656 [debug] [MainThread]: Sending event: {'category': 'dbt', 'action': 'invocation', 'label': 'end', 'context': [<snowplow_tracker.self_describing_json.SelfDescribingJson object at 0x7288e09cca60>, <snowplow_tracker.self_describing_json.SelfDescribingJson object at 0x7288dfb86f20>, <snowplow_tracker.self_describing_json.SelfDescribingJson object at 0x7288dfb855a0>]}
[0m21:49:55.064951 [debug] [MainThread]: Flushing usage events
[0m21:49:56.281254 [debug] [MainThread]: An error was encountered while trying to flush usage events
[0m21:50:53.846026 [debug] [MainThread]: Sending event: {'category': 'dbt', 'action': 'invocation', 'label': 'start', 'context': [<snowplow_tracker.self_describing_json.SelfDescribingJson object at 0x76f51a7d0a60>, <snowplow_tracker.self_describing_json.SelfDescribingJson object at 0x76f51998df00>, <snowplow_tracker.self_describing_json.SelfDescribingJson object at 0x76f51998dea0>]}


============================== 21:50:53.849051 | abce977e-0403-4891-9d78-d461ccda19ef ==============================
[0m21:50:53.849051 [info ] [MainThread]: Running with dbt=1.9.8
[0m21:50:53.849472 [debug] [MainThread]: running dbt with arguments {'printer_width': '80', 'indirect_selection': 'eager', 'write_json': 'True', 'log_cache_events': 'False', 'partial_parse': 'True', 'cache_selected_only': 'False', 'warn_error': 'None', 'fail_fast': 'False', 'version_check': 'True', 'log_path': '/home/norman/NTU-Project-Data-Science-AI_Norman/NTU-Project-Data-Science-AI/TA_undervalue_stock/logs', 'debug': 'False', 'profiles_dir': '/home/norman/.dbt', 'use_colors': 'True', 'use_experimental_parser': 'False', 'no_print': 'None', 'quiet': 'False', 'empty': 'False', 'log_format': 'default', 'static_parser': 'True', 'warn_error_options': 'WarnErrorOptions(include=[], exclude=[])', 'invocation_command': 'dbt run --models fact_security', 'target_path': 'None', 'introspect': 'True', 'send_anonymous_usage_stats': 'True'}
[0m21:50:53.851748 [error] [MainThread]: Encountered an error:
Runtime Error
  Could not find profile named 'stock_analysis'
[0m21:50:53.853356 [debug] [MainThread]: Resource report: {"command_name": "run", "command_success": false, "command_wall_clock_time": 0.0429613, "process_in_blocks": "58448", "process_kernel_time": 0.09944, "process_mem_max_rss": "93600", "process_out_blocks": "16", "process_user_time": 0.807457}
[0m21:50:53.853760 [debug] [MainThread]: Command `dbt run` failed at 21:50:53.853680 after 0.04 seconds
[0m21:50:53.854050 [debug] [MainThread]: Sending event: {'category': 'dbt', 'action': 'invocation', 'label': 'end', 'context': [<snowplow_tracker.self_describing_json.SelfDescribingJson object at 0x76f51a7d0a60>, <snowplow_tracker.self_describing_json.SelfDescribingJson object at 0x76f51998ef20>, <snowplow_tracker.self_describing_json.SelfDescribingJson object at 0x76f51998d5a0>]}
[0m21:50:53.854332 [debug] [MainThread]: Flushing usage events
[0m21:50:54.846529 [debug] [MainThread]: An error was encountered while trying to flush usage events
[0m21:51:21.765271 [debug] [MainThread]: Sending event: {'category': 'dbt', 'action': 'invocation', 'label': 'start', 'context': [<snowplow_tracker.self_describing_json.SelfDescribingJson object at 0x7600a4ac49d0>, <snowplow_tracker.self_describing_json.SelfDescribingJson object at 0x7600a3c81e10>, <snowplow_tracker.self_describing_json.SelfDescribingJson object at 0x7600a3c81db0>]}


============================== 21:51:21.767191 | f199d25c-bf1d-4ca8-afdc-ef694566f374 ==============================
[0m21:51:21.767191 [info ] [MainThread]: Running with dbt=1.9.8
[0m21:51:21.767992 [debug] [MainThread]: running dbt with arguments {'printer_width': '80', 'indirect_selection': 'eager', 'log_cache_events': 'False', 'write_json': 'True', 'partial_parse': 'True', 'cache_selected_only': 'False', 'warn_error': 'None', 'version_check': 'True', 'profiles_dir': '/home/norman/.dbt', 'log_path': '/home/norman/NTU-Project-Data-Science-AI_Norman/NTU-Project-Data-Science-AI/TA_undervalue_stock/logs', 'fail_fast': 'False', 'debug': 'False', 'use_colors': 'True', 'use_experimental_parser': 'False', 'empty': 'False', 'quiet': 'False', 'no_print': 'None', 'warn_error_options': 'WarnErrorOptions(include=[], exclude=[])', 'static_parser': 'True', 'invocation_command': 'dbt run --models fact_security', 'log_format': 'default', 'target_path': 'None', 'introspect': 'True', 'send_anonymous_usage_stats': 'True'}
[0m21:51:21.770553 [error] [MainThread]: Encountered an error:
Runtime Error
  Could not find profile named 'stock_analysis'
[0m21:51:21.771447 [debug] [MainThread]: Resource report: {"command_name": "run", "command_success": false, "command_wall_clock_time": 0.043965437, "process_in_blocks": "0", "process_kernel_time": 0.066443, "process_mem_max_rss": "93980", "process_out_blocks": "0", "process_user_time": 0.786249}
[0m21:51:21.771850 [debug] [MainThread]: Command `dbt run` failed at 21:51:21.771729 after 0.04 seconds
[0m21:51:21.772159 [debug] [MainThread]: Sending event: {'category': 'dbt', 'action': 'invocation', 'label': 'end', 'context': [<snowplow_tracker.self_describing_json.SelfDescribingJson object at 0x7600a4ac49d0>, <snowplow_tracker.self_describing_json.SelfDescribingJson object at 0x7600a3c82e30>, <snowplow_tracker.self_describing_json.SelfDescribingJson object at 0x7600a3c81600>]}
[0m21:51:21.772546 [debug] [MainThread]: Flushing usage events
[0m21:51:23.060370 [debug] [MainThread]: An error was encountered while trying to flush usage events
[0m21:54:29.014889 [debug] [MainThread]: Sending event: {'category': 'dbt', 'action': 'invocation', 'label': 'start', 'context': [<snowplow_tracker.self_describing_json.SelfDescribingJson object at 0x72b29778c9a0>, <snowplow_tracker.self_describing_json.SelfDescribingJson object at 0x72b29691dc90>, <snowplow_tracker.self_describing_json.SelfDescribingJson object at 0x72b29691dc30>]}


============================== 21:54:29.018293 | a987cd18-b0b0-43ba-8df3-5fd8d085a419 ==============================
[0m21:54:29.018293 [info ] [MainThread]: Running with dbt=1.9.8
[0m21:54:29.018783 [debug] [MainThread]: running dbt with arguments {'printer_width': '80', 'indirect_selection': 'eager', 'write_json': 'True', 'log_cache_events': 'False', 'partial_parse': 'True', 'cache_selected_only': 'False', 'warn_error': 'None', 'version_check': 'True', 'profiles_dir': '/home/norman/.dbt', 'log_path': '/home/norman/NTU-Project-Data-Science-AI_Norman/NTU-Project-Data-Science-AI/TA_undervalue_stock/logs', 'fail_fast': 'False', 'debug': 'False', 'use_colors': 'True', 'use_experimental_parser': 'False', 'empty': 'None', 'quiet': 'False', 'no_print': 'None', 'warn_error_options': 'WarnErrorOptions(include=[], exclude=[])', 'introspect': 'True', 'static_parser': 'True', 'invocation_command': 'dbt debug', 'target_path': 'None', 'log_format': 'default', 'send_anonymous_usage_stats': 'True'}
[0m21:54:29.030812 [info ] [MainThread]: dbt version: 1.9.8
[0m21:54:29.031242 [info ] [MainThread]: python version: 3.10.18
[0m21:54:29.031516 [info ] [MainThread]: python path: /home/norman/miniconda3/envs/meltano_env/bin/python3.10
[0m21:54:29.031751 [info ] [MainThread]: os info: Linux-6.6.87.1-microsoft-standard-WSL2-x86_64-with-glibc2.39
[0m21:54:29.034455 [info ] [MainThread]: Using profiles dir at /home/norman/.dbt
[0m21:54:29.034780 [info ] [MainThread]: Using profiles.yml file at /home/norman/.dbt/profiles.yml
[0m21:54:29.035123 [info ] [MainThread]: Using dbt_project.yml file at /home/norman/NTU-Project-Data-Science-AI_Norman/NTU-Project-Data-Science-AI/TA_undervalue_stock/dbt_project.yml
[0m21:54:29.112753 [info ] [MainThread]: Configuration:
[0m21:54:29.113218 [info ] [MainThread]:   profiles.yml file [[31mERROR invalid[0m]
[0m21:54:29.113467 [info ] [MainThread]:   dbt_project.yml file [[32mOK found and valid[0m]
[0m21:54:29.114002 [info ] [MainThread]: Required dependencies:
[0m21:54:29.114343 [debug] [MainThread]: Executing "git --help"
[0m21:54:29.123695 [debug] [MainThread]: STDOUT: "b"usage: git [-v | --version] [-h | --help] [-C <path>] [-c <name>=<value>]\n           [--exec-path[=<path>]] [--html-path] [--man-path] [--info-path]\n           [-p | --paginate | -P | --no-pager] [--no-replace-objects] [--no-lazy-fetch]\n           [--no-optional-locks] [--no-advice] [--bare] [--git-dir=<path>]\n           [--work-tree=<path>] [--namespace=<name>] [--config-env=<name>=<envvar>]\n           <command> [<args>]\n\nThese are common Git commands used in various situations:\n\nstart a working area (see also: git help tutorial)\n   clone      Clone a repository into a new directory\n   init       Create an empty Git repository or reinitialize an existing one\n\nwork on the current change (see also: git help everyday)\n   add        Add file contents to the index\n   mv         Move or rename a file, a directory, or a symlink\n   restore    Restore working tree files\n   rm         Remove files from the working tree and from the index\n\nexamine the history and state (see also: git help revisions)\n   bisect     Use binary search to find the commit that introduced a bug\n   diff       Show changes between commits, commit and working tree, etc\n   grep       Print lines matching a pattern\n   log        Show commit logs\n   show       Show various types of objects\n   status     Show the working tree status\n\ngrow, mark and tweak your common history\n   backfill   Download missing objects in a partial clone\n   branch     List, create, or delete branches\n   commit     Record changes to the repository\n   merge      Join two or more development histories together\n   rebase     Reapply commits on top of another base tip\n   reset      Reset current HEAD to the specified state\n   switch     Switch branches\n   tag        Create, list, delete or verify a tag object signed with GPG\n\ncollaborate (see also: git help workflows)\n   fetch      Download objects and refs from another repository\n   pull       Fetch from and integrate with another repository or a local branch\n   push       Update remote refs along with associated objects\n\n'git help -a' and 'git help -g' list available subcommands and some\nconcept guides. See 'git help <command>' or 'git help <concept>'\nto read about a specific subcommand or concept.\nSee 'git help git' for an overview of the system.\n""
[0m21:54:29.124180 [debug] [MainThread]: STDERR: "b''"
[0m21:54:29.124420 [info ] [MainThread]:  - git [[32mOK found[0m]

[0m21:54:29.124662 [info ] [MainThread]: Connection test skipped since no profile was found
[0m21:54:29.124907 [info ] [MainThread]: [31m1 check failed:[0m
[0m21:54:29.125123 [info ] [MainThread]: Profile loading failed for the following reason:
Runtime Error
  Could not find profile named 'stock_analysis'


[0m21:54:29.126371 [debug] [MainThread]: Resource report: {"command_name": "debug", "command_success": false, "command_wall_clock_time": 0.1503747, "process_in_blocks": "82344", "process_kernel_time": 0.135232, "process_mem_max_rss": "96812", "process_out_blocks": "16", "process_user_time": 0.966512}
[0m21:54:29.126764 [debug] [MainThread]: Command `dbt debug` failed at 21:54:29.126675 after 0.15 seconds
[0m21:54:29.127061 [debug] [MainThread]: Sending event: {'category': 'dbt', 'action': 'invocation', 'label': 'end', 'context': [<snowplow_tracker.self_describing_json.SelfDescribingJson object at 0x72b29778c9a0>, <snowplow_tracker.self_describing_json.SelfDescribingJson object at 0x72b296f92560>, <snowplow_tracker.self_describing_json.SelfDescribingJson object at 0x72b2990c5ae0>]}
[0m21:54:29.127352 [debug] [MainThread]: Flushing usage events
[0m21:54:30.346088 [debug] [MainThread]: An error was encountered while trying to flush usage events
[0m21:57:20.954280 [debug] [MainThread]: Sending event: {'category': 'dbt', 'action': 'invocation', 'label': 'start', 'context': [<snowplow_tracker.self_describing_json.SelfDescribingJson object at 0x71470a7c8a00>, <snowplow_tracker.self_describing_json.SelfDescribingJson object at 0x714709941d50>, <snowplow_tracker.self_describing_json.SelfDescribingJson object at 0x714709941d20>]}


============================== 21:57:20.956337 | 2de1d2fe-f8b6-4e76-9e0a-495e36fb4f02 ==============================
[0m21:57:20.956337 [info ] [MainThread]: Running with dbt=1.9.8
[0m21:57:20.956829 [debug] [MainThread]: running dbt with arguments {'printer_width': '80', 'indirect_selection': 'eager', 'log_cache_events': 'False', 'write_json': 'True', 'partial_parse': 'True', 'cache_selected_only': 'False', 'warn_error': 'None', 'debug': 'False', 'fail_fast': 'False', 'log_path': '/home/norman/NTU-Project-Data-Science-AI_Norman/NTU-Project-Data-Science-AI/TA_undervalue_stock/logs', 'profiles_dir': '/home/norman/NTU-Project-Data-Science-AI_Norman/NTU-Project-Data-Science-AI/TA_undervalue_stock', 'version_check': 'True', 'use_colors': 'True', 'use_experimental_parser': 'False', 'no_print': 'None', 'quiet': 'False', 'empty': 'None', 'warn_error_options': 'WarnErrorOptions(include=[], exclude=[])', 'invocation_command': 'dbt debug', 'log_format': 'default', 'introspect': 'True', 'target_path': 'None', 'static_parser': 'True', 'send_anonymous_usage_stats': 'True'}
[0m21:57:20.961925 [info ] [MainThread]: dbt version: 1.9.8
[0m21:57:20.962282 [info ] [MainThread]: python version: 3.10.18
[0m21:57:20.962553 [info ] [MainThread]: python path: /home/norman/miniconda3/envs/meltano_env/bin/python3.10
[0m21:57:20.962776 [info ] [MainThread]: os info: Linux-6.6.87.1-microsoft-standard-WSL2-x86_64-with-glibc2.39
[0m21:57:23.893752 [info ] [MainThread]: Using profiles dir at /home/norman/NTU-Project-Data-Science-AI_Norman/NTU-Project-Data-Science-AI/TA_undervalue_stock
[0m21:57:23.894254 [info ] [MainThread]: Using profiles.yml file at /home/norman/NTU-Project-Data-Science-AI_Norman/NTU-Project-Data-Science-AI/TA_undervalue_stock/profiles.yml
[0m21:57:23.894522 [info ] [MainThread]: Using dbt_project.yml file at /home/norman/NTU-Project-Data-Science-AI_Norman/NTU-Project-Data-Science-AI/TA_undervalue_stock/dbt_project.yml
[0m21:57:23.894898 [info ] [MainThread]: adapter type: bigquery
[0m21:57:23.895232 [info ] [MainThread]: adapter version: 1.9.2
[0m21:57:23.973961 [info ] [MainThread]: Configuration:
[0m21:57:23.975232 [info ] [MainThread]:   profiles.yml file [[32mOK found and valid[0m]
[0m21:57:23.975979 [info ] [MainThread]:   dbt_project.yml file [[32mOK found and valid[0m]
[0m21:57:23.976543 [info ] [MainThread]: Required dependencies:
[0m21:57:23.977151 [debug] [MainThread]: Executing "git --help"
[0m21:57:23.979203 [debug] [MainThread]: STDOUT: "b"usage: git [-v | --version] [-h | --help] [-C <path>] [-c <name>=<value>]\n           [--exec-path[=<path>]] [--html-path] [--man-path] [--info-path]\n           [-p | --paginate | -P | --no-pager] [--no-replace-objects] [--no-lazy-fetch]\n           [--no-optional-locks] [--no-advice] [--bare] [--git-dir=<path>]\n           [--work-tree=<path>] [--namespace=<name>] [--config-env=<name>=<envvar>]\n           <command> [<args>]\n\nThese are common Git commands used in various situations:\n\nstart a working area (see also: git help tutorial)\n   clone      Clone a repository into a new directory\n   init       Create an empty Git repository or reinitialize an existing one\n\nwork on the current change (see also: git help everyday)\n   add        Add file contents to the index\n   mv         Move or rename a file, a directory, or a symlink\n   restore    Restore working tree files\n   rm         Remove files from the working tree and from the index\n\nexamine the history and state (see also: git help revisions)\n   bisect     Use binary search to find the commit that introduced a bug\n   diff       Show changes between commits, commit and working tree, etc\n   grep       Print lines matching a pattern\n   log        Show commit logs\n   show       Show various types of objects\n   status     Show the working tree status\n\ngrow, mark and tweak your common history\n   backfill   Download missing objects in a partial clone\n   branch     List, create, or delete branches\n   commit     Record changes to the repository\n   merge      Join two or more development histories together\n   rebase     Reapply commits on top of another base tip\n   reset      Reset current HEAD to the specified state\n   switch     Switch branches\n   tag        Create, list, delete or verify a tag object signed with GPG\n\ncollaborate (see also: git help workflows)\n   fetch      Download objects and refs from another repository\n   pull       Fetch from and integrate with another repository or a local branch\n   push       Update remote refs along with associated objects\n\n'git help -a' and 'git help -g' list available subcommands and some\nconcept guides. See 'git help <command>' or 'git help <concept>'\nto read about a specific subcommand or concept.\nSee 'git help git' for an overview of the system.\n""
[0m21:57:23.979618 [debug] [MainThread]: STDERR: "b''"
[0m21:57:23.980029 [info ] [MainThread]:  - git [[32mOK found[0m]

[0m21:57:23.980561 [info ] [MainThread]: Connection:
[0m21:57:23.980860 [info ] [MainThread]:   method: oauth
[0m21:57:23.981093 [info ] [MainThread]:   database: deft-beacon-354008
[0m21:57:23.981307 [info ] [MainThread]:   execution_project: deft-beacon-354008
[0m21:57:23.981605 [info ] [MainThread]:   schema: stock_analysis
[0m21:57:23.981893 [info ] [MainThread]:   location: None
[0m21:57:23.982205 [info ] [MainThread]:   priority: None
[0m21:57:23.982434 [info ] [MainThread]:   maximum_bytes_billed: None
[0m21:57:23.982654 [info ] [MainThread]:   impersonate_service_account: None
[0m21:57:23.982915 [info ] [MainThread]:   job_retry_deadline_seconds: None
[0m21:57:23.983130 [info ] [MainThread]:   job_retries: 2
[0m21:57:23.983355 [info ] [MainThread]:   job_creation_timeout_seconds: None
[0m21:57:23.983677 [info ] [MainThread]:   job_execution_timeout_seconds: None
[0m21:57:23.983980 [info ] [MainThread]:   timeout_seconds: None
[0m21:57:23.984263 [info ] [MainThread]:   client_id: None
[0m21:57:23.984479 [info ] [MainThread]:   token_uri: None
[0m21:57:23.984674 [info ] [MainThread]:   compute_region: None
[0m21:57:23.984871 [info ] [MainThread]:   dataproc_cluster_name: None
[0m21:57:23.985079 [info ] [MainThread]:   gcs_bucket: None
[0m21:57:23.985288 [info ] [MainThread]:   dataproc_batch: None
[0m21:57:23.985653 [info ] [MainThread]: Registered adapter: bigquery=1.9.2
[0m21:57:24.117150 [debug] [MainThread]: Acquiring new bigquery connection 'debug'
[0m21:57:24.117581 [debug] [MainThread]: On debug: select 1 as id
[0m21:57:24.117871 [debug] [MainThread]: Opening a new connection, currently in state init
[0m21:57:27.740062 [debug] [MainThread]: BigQuery adapter: https://console.cloud.google.com/bigquery?project=deft-beacon-354008&j=bq:US:51a3d672-93f3-4d31-b22d-0d49ec1de351&page=queryresults
[0m21:57:28.511335 [info ] [MainThread]:   Connection test: [[32mOK connection ok[0m]

[0m21:57:28.512293 [info ] [MainThread]: [32mAll checks passed![0m
[0m21:57:28.514155 [debug] [MainThread]: Resource report: {"command_name": "debug", "command_success": true, "command_wall_clock_time": 7.595693, "process_in_blocks": "298056", "process_kernel_time": 0.464979, "process_mem_max_rss": "348704", "process_out_blocks": "32", "process_user_time": 3.811243}
[0m21:57:28.515584 [debug] [MainThread]: Command `dbt debug` succeeded at 21:57:28.515327 after 7.60 seconds
[0m21:57:28.516345 [debug] [MainThread]: Connection 'debug' was properly closed.
[0m21:57:28.517308 [debug] [MainThread]: Sending event: {'category': 'dbt', 'action': 'invocation', 'label': 'end', 'context': [<snowplow_tracker.self_describing_json.SelfDescribingJson object at 0x71470a7c8a00>, <snowplow_tracker.self_describing_json.SelfDescribingJson object at 0x7146d63b0dc0>, <snowplow_tracker.self_describing_json.SelfDescribingJson object at 0x7146d62e46a0>]}
[0m21:57:28.518407 [debug] [MainThread]: Flushing usage events
[0m21:57:29.576058 [debug] [MainThread]: An error was encountered while trying to flush usage events
[0m22:00:52.087349 [debug] [MainThread]: Sending event: {'category': 'dbt', 'action': 'invocation', 'label': 'start', 'context': [<snowplow_tracker.self_describing_json.SelfDescribingJson object at 0x785dbc5c09d0>, <snowplow_tracker.self_describing_json.SelfDescribingJson object at 0x785dbb779e10>, <snowplow_tracker.self_describing_json.SelfDescribingJson object at 0x785dbb779db0>]}


============================== 22:00:52.092105 | 958f1cc3-578c-4e10-a782-7e42367f6c63 ==============================
[0m22:00:52.092105 [info ] [MainThread]: Running with dbt=1.9.8
[0m22:00:52.093445 [debug] [MainThread]: running dbt with arguments {'printer_width': '80', 'indirect_selection': 'eager', 'write_json': 'True', 'log_cache_events': 'False', 'partial_parse': 'True', 'cache_selected_only': 'False', 'profiles_dir': '/home/norman/NTU-Project-Data-Science-AI_Norman/NTU-Project-Data-Science-AI/TA_undervalue_stock', 'version_check': 'True', 'warn_error': 'None', 'log_path': '/home/norman/NTU-Project-Data-Science-AI_Norman/NTU-Project-Data-Science-AI/TA_undervalue_stock/logs', 'debug': 'False', 'fail_fast': 'False', 'use_colors': 'True', 'use_experimental_parser': 'False', 'empty': 'False', 'quiet': 'False', 'no_print': 'None', 'log_format': 'default', 'static_parser': 'True', 'introspect': 'True', 'invocation_command': 'dbt run --models fact_security', 'target_path': 'None', 'warn_error_options': 'WarnErrorOptions(include=[], exclude=[])', 'send_anonymous_usage_stats': 'True'}
[0m22:00:56.471639 [debug] [MainThread]: Sending event: {'category': 'dbt', 'action': 'project_id', 'label': '958f1cc3-578c-4e10-a782-7e42367f6c63', 'context': [<snowplow_tracker.self_describing_json.SelfDescribingJson object at 0x785d88113e80>]}
[0m22:00:56.535118 [debug] [MainThread]: Sending event: {'category': 'dbt', 'action': 'adapter_info', 'label': '958f1cc3-578c-4e10-a782-7e42367f6c63', 'context': [<snowplow_tracker.self_describing_json.SelfDescribingJson object at 0x785dbc3438b0>]}
[0m22:00:56.535909 [info ] [MainThread]: Registered adapter: bigquery=1.9.2
[0m22:00:56.753198 [debug] [MainThread]: checksum: 2898e47e730fa32147e5ae95c02f42c1d51b8fd2b81922b9b731f0208caf4dff, vars: {}, profile: , target: , version: 1.9.8
[0m22:00:56.754260 [info ] [MainThread]: Unable to do partial parsing because saved manifest not found. Starting full parse.
[0m22:00:56.754973 [debug] [MainThread]: Sending event: {'category': 'dbt', 'action': 'partial_parser', 'label': '958f1cc3-578c-4e10-a782-7e42367f6c63', 'context': [<snowplow_tracker.self_describing_json.SelfDescribingJson object at 0x785d88110be0>]}
[0m22:00:58.706212 [debug] [MainThread]: Sending event: {'category': 'dbt', 'action': 'load_project', 'label': '958f1cc3-578c-4e10-a782-7e42367f6c63', 'context': [<snowplow_tracker.self_describing_json.SelfDescribingJson object at 0x785d87b007f0>]}
[0m22:00:58.821311 [debug] [MainThread]: Wrote artifact WritableManifest to /home/norman/NTU-Project-Data-Science-AI_Norman/NTU-Project-Data-Science-AI/TA_undervalue_stock/target/manifest.json
[0m22:00:58.824797 [debug] [MainThread]: Wrote artifact SemanticManifest to /home/norman/NTU-Project-Data-Science-AI_Norman/NTU-Project-Data-Science-AI/TA_undervalue_stock/target/semantic_manifest.json
[0m22:00:58.857442 [debug] [MainThread]: Sending event: {'category': 'dbt', 'action': 'resource_counts', 'label': '958f1cc3-578c-4e10-a782-7e42367f6c63', 'context': [<snowplow_tracker.self_describing_json.SelfDescribingJson object at 0x785d8d9395a0>]}
[0m22:00:58.858156 [info ] [MainThread]: Found 3 models, 32 data tests, 4 sources, 493 macros
[0m22:00:58.858633 [debug] [MainThread]: Sending event: {'category': 'dbt', 'action': 'runnable_timing', 'label': '958f1cc3-578c-4e10-a782-7e42367f6c63', 'context': [<snowplow_tracker.self_describing_json.SelfDescribingJson object at 0x785dbf865360>]}
[0m22:00:58.860355 [info ] [MainThread]: 
[0m22:00:58.860877 [info ] [MainThread]: Concurrency: 1 threads (target='dev')
[0m22:00:58.861246 [info ] [MainThread]: 
[0m22:00:58.861840 [debug] [MainThread]: Acquiring new bigquery connection 'master'
[0m22:00:58.863231 [debug] [ThreadPool]: Acquiring new bigquery connection 'list_deft-beacon-354008'
[0m22:00:58.864025 [debug] [ThreadPool]: Opening a new connection, currently in state init
[0m22:01:03.257363 [debug] [ThreadPool]: Re-using an available connection from the pool (formerly list_deft-beacon-354008, now list_deft-beacon-354008_stock_analysis)
[0m22:01:03.258149 [debug] [ThreadPool]: Opening a new connection, currently in state closed
[0m22:01:03.668496 [debug] [MainThread]: Sending event: {'category': 'dbt', 'action': 'runnable_timing', 'label': '958f1cc3-578c-4e10-a782-7e42367f6c63', 'context': [<snowplow_tracker.self_describing_json.SelfDescribingJson object at 0x785dbe011540>]}
[0m22:01:03.669083 [debug] [MainThread]: Opening a new connection, currently in state init
[0m22:01:03.675789 [debug] [Thread-1 (]: Began running node model.stock_analysis.fact_security
[0m22:01:03.676640 [info ] [Thread-1 (]: 1 of 1 START sql table model stock_analysis.fact_security ...................... [RUN]
[0m22:01:03.677167 [debug] [Thread-1 (]: Re-using an available connection from the pool (formerly list_deft-beacon-354008_stock_analysis, now model.stock_analysis.fact_security)
[0m22:01:03.677540 [debug] [Thread-1 (]: Began compiling node model.stock_analysis.fact_security
[0m22:01:03.685541 [debug] [Thread-1 (]: Writing injected SQL for node "model.stock_analysis.fact_security"
[0m22:01:03.686947 [debug] [Thread-1 (]: Began executing node model.stock_analysis.fact_security
[0m22:01:03.730078 [debug] [Thread-1 (]: Writing runtime sql for node "model.stock_analysis.fact_security"
[0m22:01:03.733415 [debug] [Thread-1 (]: On model.stock_analysis.fact_security: /* {"app": "dbt", "dbt_version": "1.9.8", "profile_name": "stock_analysis", "target_name": "dev", "node_id": "model.stock_analysis.fact_security"} */

  
    

    create or replace table `deft-beacon-354008`.`stock_analysis`.`fact_security`
      
    
    

    OPTIONS()
    as (
      

WITH dup_data AS (
SELECT
  t.ticker_symbol,
  DATE(t.date) AS date,
  t.close_price,
  t.high_price,
  t.low_price,
  t.open_price,
  t.stock_splits,
  t.dividend,
  t.volume_traded,
  f.GDP_growth_rate,
  f.UMCSENT,
  f.inflation_rate,
  f.interest_rate,
  f.unemployment_rate,
  i.forward_eps,
  i.forward_pe,
  i.market_cap,
  i.trailing_eps,
  i.trailing_pe,
  ta.ema_50,
  ta.rsi_14,
  ta.sma_50
FROM `ntuproj-462609`.`stock_analysis`.`combined_tickers` t
LEFT JOIN `ntuproj-462609`.`stock_analysis`.`fred` f
  ON DATE(t.date) = DATE(f.date)
LEFT JOIN `ntuproj-462609`.`stock_analysis`.`stock_info` i
  ON t.ticker_symbol = i.ticker_symbol AND DATE(t.date) BETWEEN '2025-04-01' AND '2025-06-30'
LEFT JOIN `ntuproj-462609`.`stock_analysis`.`techincal_indicator` ta
  ON DATE(t.date) = DATE(ta.date) and t.ticker_symbol = ta.ticker_symbol
)
SELECT 
  ticker_symbol,
  date,
  ANY_VALUE(close_price) AS close_price,
  ANY_VALUE(high_price) AS high_price,
  ANY_VALUE(low_price) AS low_price,
  ANY_VALUE(open_price) AS open_price,
  ANY_VALUE(stock_splits) AS stock_splits,
  ANY_VALUE(dividend) AS dividend,
  ANY_VALUE(volume_traded) AS volume_traded,
  ANY_VALUE(GDP_growth_rate) AS GDP_growth_rate,
  ANY_VALUE(UMCSENT) AS UMCSENT,
  ANY_VALUE(inflation_rate) AS inflation_rate,
  ANY_VALUE(interest_rate) AS interest_rate,
  ANY_VALUE(unemployment_rate) AS unemployment_rate,
  ANY_VALUE(forward_eps) AS forward_eps,
  ANY_VALUE(forward_pe) AS forward_pe,
  ANY_VALUE(market_cap) AS market_cap,
  ANY_VALUE(trailing_eps) AS trailing_eps,
  ANY_VALUE(trailing_pe) AS trailing_pe,
  ANY_VALUE(ema_50) AS ema_50,
  ANY_VALUE(rsi_14) AS rsi_14,
  ANY_VALUE(sma_50) AS sma_50
FROM dup_data 
GROUP BY ticker_symbol, date
    );
  
[0m22:01:03.734652 [debug] [Thread-1 (]: Opening a new connection, currently in state closed
[0m22:01:04.373072 [debug] [Thread-1 (]: BigQuery adapter: https://console.cloud.google.com/bigquery?project=deft-beacon-354008&j=bq:US:32799909-dbcd-453b-b02b-53dd4b70a423&page=queryresults
[0m22:01:04.374013 [error] [Thread-1 (]: BigQuery adapter: https://console.cloud.google.com/bigquery?project=deft-beacon-354008&j=bq:US:32799909-dbcd-453b-b02b-53dd4b70a423&page=queryresults
[0m22:01:04.387932 [debug] [Thread-1 (]: Database Error in model fact_security (models/fact_security.sql)
  Access Denied: Table ntuproj-462609:stock_analysis.combined_tickers: User does not have permission to query table ntuproj-462609:stock_analysis.combined_tickers, or perhaps it does not exist.
  compiled code at target/run/stock_analysis/models/fact_security.sql
[0m22:01:04.390245 [debug] [Thread-1 (]: Sending event: {'category': 'dbt', 'action': 'run_model', 'label': '958f1cc3-578c-4e10-a782-7e42367f6c63', 'context': [<snowplow_tracker.self_describing_json.SelfDescribingJson object at 0x785d87fd7730>]}
[0m22:01:04.390992 [error] [Thread-1 (]: 1 of 1 ERROR creating sql table model stock_analysis.fact_security ............. [[31mERROR[0m in 0.71s]
[0m22:01:04.391557 [debug] [Thread-1 (]: Finished running node model.stock_analysis.fact_security
[0m22:01:04.392446 [debug] [Thread-4 (]: Marking all children of 'model.stock_analysis.fact_security' to be skipped because of status 'error'.  Reason: Database Error in model fact_security (models/fact_security.sql)
  Access Denied: Table ntuproj-462609:stock_analysis.combined_tickers: User does not have permission to query table ntuproj-462609:stock_analysis.combined_tickers, or perhaps it does not exist.
  compiled code at target/run/stock_analysis/models/fact_security.sql.
[0m22:01:04.395072 [debug] [MainThread]: Opening a new connection, currently in state closed
[0m22:01:04.395785 [debug] [MainThread]: Connection 'master' was properly closed.
[0m22:01:04.396098 [debug] [MainThread]: Connection 'model.stock_analysis.fact_security' was properly closed.
[0m22:01:04.396391 [info ] [MainThread]: 
[0m22:01:04.396728 [info ] [MainThread]: Finished running 1 table model in 0 hours 0 minutes and 5.53 seconds (5.53s).
[0m22:01:04.397321 [debug] [MainThread]: Command end result
[0m22:01:04.432748 [debug] [MainThread]: Wrote artifact WritableManifest to /home/norman/NTU-Project-Data-Science-AI_Norman/NTU-Project-Data-Science-AI/TA_undervalue_stock/target/manifest.json
[0m22:01:04.434467 [debug] [MainThread]: Wrote artifact SemanticManifest to /home/norman/NTU-Project-Data-Science-AI_Norman/NTU-Project-Data-Science-AI/TA_undervalue_stock/target/semantic_manifest.json
[0m22:01:04.439590 [debug] [MainThread]: Wrote artifact RunExecutionResult to /home/norman/NTU-Project-Data-Science-AI_Norman/NTU-Project-Data-Science-AI/TA_undervalue_stock/target/run_results.json
[0m22:01:04.440044 [info ] [MainThread]: 
[0m22:01:04.440433 [info ] [MainThread]: [31mCompleted with 1 error, 0 partial successes, and 0 warnings:[0m
[0m22:01:04.440741 [info ] [MainThread]: 
[0m22:01:04.441079 [error] [MainThread]:   Database Error in model fact_security (models/fact_security.sql)
  Access Denied: Table ntuproj-462609:stock_analysis.combined_tickers: User does not have permission to query table ntuproj-462609:stock_analysis.combined_tickers, or perhaps it does not exist.
  compiled code at target/run/stock_analysis/models/fact_security.sql
[0m22:01:04.441343 [info ] [MainThread]: 
[0m22:01:04.441671 [info ] [MainThread]: Done. PASS=0 WARN=0 ERROR=1 SKIP=0 TOTAL=1
[0m22:01:04.443908 [debug] [MainThread]: Resource report: {"command_name": "run", "command_success": false, "command_wall_clock_time": 12.417832, "process_in_blocks": "374440", "process_kernel_time": 0.894734, "process_mem_max_rss": "357668", "process_out_blocks": "3584", "process_user_time": 7.506266}
[0m22:01:04.444392 [debug] [MainThread]: Command `dbt run` failed at 22:01:04.444291 after 12.42 seconds
[0m22:01:04.444739 [debug] [MainThread]: Sending event: {'category': 'dbt', 'action': 'invocation', 'label': 'end', 'context': [<snowplow_tracker.self_describing_json.SelfDescribingJson object at 0x785dbc5c09d0>, <snowplow_tracker.self_describing_json.SelfDescribingJson object at 0x785d88113e80>, <snowplow_tracker.self_describing_json.SelfDescribingJson object at 0x785dbc491db0>]}
[0m22:01:04.445400 [debug] [MainThread]: Flushing usage events
[0m22:01:05.410081 [debug] [MainThread]: An error was encountered while trying to flush usage events
[0m22:04:10.287616 [debug] [MainThread]: Sending event: {'category': 'dbt', 'action': 'invocation', 'label': 'start', 'context': [<snowplow_tracker.self_describing_json.SelfDescribingJson object at 0x75f48f290a00>, <snowplow_tracker.self_describing_json.SelfDescribingJson object at 0x75f48e421e70>, <snowplow_tracker.self_describing_json.SelfDescribingJson object at 0x75f48e421e10>]}


============================== 22:04:10.291945 | 05777482-8e15-4407-ae1e-0b8a89bbf86a ==============================
[0m22:04:10.291945 [info ] [MainThread]: Running with dbt=1.9.8
[0m22:04:10.292419 [debug] [MainThread]: running dbt with arguments {'printer_width': '80', 'indirect_selection': 'eager', 'write_json': 'True', 'log_cache_events': 'False', 'partial_parse': 'True', 'cache_selected_only': 'False', 'warn_error': 'None', 'fail_fast': 'False', 'profiles_dir': '/home/norman/NTU-Project-Data-Science-AI_Norman/NTU-Project-Data-Science-AI/TA_undervalue_stock', 'log_path': '/home/norman/NTU-Project-Data-Science-AI_Norman/NTU-Project-Data-Science-AI/TA_undervalue_stock/logs', 'debug': 'False', 'version_check': 'True', 'use_colors': 'True', 'use_experimental_parser': 'False', 'empty': 'False', 'quiet': 'False', 'no_print': 'None', 'warn_error_options': 'WarnErrorOptions(include=[], exclude=[])', 'static_parser': 'True', 'invocation_command': 'dbt run --models fact_security', 'introspect': 'True', 'target_path': 'None', 'log_format': 'default', 'send_anonymous_usage_stats': 'True'}
[0m22:04:13.140431 [debug] [MainThread]: Sending event: {'category': 'dbt', 'action': 'project_id', 'label': '05777482-8e15-4407-ae1e-0b8a89bbf86a', 'context': [<snowplow_tracker.self_describing_json.SelfDescribingJson object at 0x75f45ad8ad70>]}
[0m22:04:13.183164 [debug] [MainThread]: Sending event: {'category': 'dbt', 'action': 'adapter_info', 'label': '05777482-8e15-4407-ae1e-0b8a89bbf86a', 'context': [<snowplow_tracker.self_describing_json.SelfDescribingJson object at 0x75f48f00b8b0>]}
[0m22:04:13.183768 [info ] [MainThread]: Registered adapter: bigquery=1.9.2
[0m22:04:13.312348 [debug] [MainThread]: checksum: 2898e47e730fa32147e5ae95c02f42c1d51b8fd2b81922b9b731f0208caf4dff, vars: {}, profile: , target: , version: 1.9.8
[0m22:04:13.434213 [debug] [MainThread]: Partial parsing enabled: 0 files deleted, 0 files added, 1 files changed.
[0m22:04:13.435094 [debug] [MainThread]: Partial parsing: updated file: stock_analysis://models/sources.yml
[0m22:04:13.997892 [debug] [MainThread]: Sending event: {'category': 'dbt', 'action': 'load_project', 'label': '05777482-8e15-4407-ae1e-0b8a89bbf86a', 'context': [<snowplow_tracker.self_describing_json.SelfDescribingJson object at 0x75f45ac49c60>]}
[0m22:04:14.060271 [debug] [MainThread]: Wrote artifact WritableManifest to /home/norman/NTU-Project-Data-Science-AI_Norman/NTU-Project-Data-Science-AI/TA_undervalue_stock/target/manifest.json
[0m22:04:14.062369 [debug] [MainThread]: Wrote artifact SemanticManifest to /home/norman/NTU-Project-Data-Science-AI_Norman/NTU-Project-Data-Science-AI/TA_undervalue_stock/target/semantic_manifest.json
[0m22:04:14.084387 [debug] [MainThread]: Sending event: {'category': 'dbt', 'action': 'resource_counts', 'label': '05777482-8e15-4407-ae1e-0b8a89bbf86a', 'context': [<snowplow_tracker.self_describing_json.SelfDescribingJson object at 0x75f48e3be470>]}
[0m22:04:14.084873 [info ] [MainThread]: Found 3 models, 32 data tests, 4 sources, 493 macros
[0m22:04:14.085202 [debug] [MainThread]: Sending event: {'category': 'dbt', 'action': 'runnable_timing', 'label': '05777482-8e15-4407-ae1e-0b8a89bbf86a', 'context': [<snowplow_tracker.self_describing_json.SelfDescribingJson object at 0x75f45aa55b10>]}
[0m22:04:14.086455 [info ] [MainThread]: 
[0m22:04:14.086768 [info ] [MainThread]: Concurrency: 1 threads (target='dev')
[0m22:04:14.087081 [info ] [MainThread]: 
[0m22:04:14.087649 [debug] [MainThread]: Acquiring new bigquery connection 'master'
[0m22:04:14.088696 [debug] [ThreadPool]: Acquiring new bigquery connection 'list_deft-beacon-354008'
[0m22:04:14.089323 [debug] [ThreadPool]: Opening a new connection, currently in state init
[0m22:04:16.978770 [debug] [ThreadPool]: Re-using an available connection from the pool (formerly list_deft-beacon-354008, now list_deft-beacon-354008_stock_analysis)
[0m22:04:16.980535 [debug] [ThreadPool]: Opening a new connection, currently in state closed
[0m22:04:17.431494 [debug] [MainThread]: Sending event: {'category': 'dbt', 'action': 'runnable_timing', 'label': '05777482-8e15-4407-ae1e-0b8a89bbf86a', 'context': [<snowplow_tracker.self_describing_json.SelfDescribingJson object at 0x75f48fe1d870>]}
[0m22:04:17.432045 [debug] [MainThread]: Opening a new connection, currently in state init
[0m22:04:17.442156 [debug] [Thread-1 (]: Began running node model.stock_analysis.fact_security
[0m22:04:17.442784 [info ] [Thread-1 (]: 1 of 1 START sql table model stock_analysis.fact_security ...................... [RUN]
[0m22:04:17.443321 [debug] [Thread-1 (]: Re-using an available connection from the pool (formerly list_deft-beacon-354008_stock_analysis, now model.stock_analysis.fact_security)
[0m22:04:17.443624 [debug] [Thread-1 (]: Began compiling node model.stock_analysis.fact_security
[0m22:04:17.450803 [debug] [Thread-1 (]: Writing injected SQL for node "model.stock_analysis.fact_security"
[0m22:04:17.451764 [debug] [Thread-1 (]: Began executing node model.stock_analysis.fact_security
[0m22:04:17.483841 [debug] [Thread-1 (]: Writing runtime sql for node "model.stock_analysis.fact_security"
[0m22:04:17.484634 [debug] [Thread-1 (]: On model.stock_analysis.fact_security: /* {"app": "dbt", "dbt_version": "1.9.8", "profile_name": "stock_analysis", "target_name": "dev", "node_id": "model.stock_analysis.fact_security"} */

  
    

    create or replace table `deft-beacon-354008`.`stock_analysis`.`fact_security`
      
    
    

    OPTIONS()
    as (
      

WITH dup_data AS (
SELECT
  t.ticker_symbol,
  DATE(t.date) AS date,
  t.close_price,
  t.high_price,
  t.low_price,
  t.open_price,
  t.stock_splits,
  t.dividend,
  t.volume_traded,
  f.GDP_growth_rate,
  f.UMCSENT,
  f.inflation_rate,
  f.interest_rate,
  f.unemployment_rate,
  i.forward_eps,
  i.forward_pe,
  i.market_cap,
  i.trailing_eps,
  i.trailing_pe,
  ta.ema_50,
  ta.rsi_14,
  ta.sma_50
FROM `stock_analysis`.`stock_analysis`.`combined_tickers` t
LEFT JOIN `stock_analysis`.`stock_analysis`.`fred` f
  ON DATE(t.date) = DATE(f.date)
LEFT JOIN `stock_analysis`.`stock_analysis`.`stock_info` i
  ON t.ticker_symbol = i.ticker_symbol AND DATE(t.date) BETWEEN '2025-04-01' AND '2025-06-30'
LEFT JOIN `stock_analysis`.`stock_analysis`.`techincal_indicator` ta
  ON DATE(t.date) = DATE(ta.date) and t.ticker_symbol = ta.ticker_symbol
)
SELECT 
  ticker_symbol,
  date,
  ANY_VALUE(close_price) AS close_price,
  ANY_VALUE(high_price) AS high_price,
  ANY_VALUE(low_price) AS low_price,
  ANY_VALUE(open_price) AS open_price,
  ANY_VALUE(stock_splits) AS stock_splits,
  ANY_VALUE(dividend) AS dividend,
  ANY_VALUE(volume_traded) AS volume_traded,
  ANY_VALUE(GDP_growth_rate) AS GDP_growth_rate,
  ANY_VALUE(UMCSENT) AS UMCSENT,
  ANY_VALUE(inflation_rate) AS inflation_rate,
  ANY_VALUE(interest_rate) AS interest_rate,
  ANY_VALUE(unemployment_rate) AS unemployment_rate,
  ANY_VALUE(forward_eps) AS forward_eps,
  ANY_VALUE(forward_pe) AS forward_pe,
  ANY_VALUE(market_cap) AS market_cap,
  ANY_VALUE(trailing_eps) AS trailing_eps,
  ANY_VALUE(trailing_pe) AS trailing_pe,
  ANY_VALUE(ema_50) AS ema_50,
  ANY_VALUE(rsi_14) AS rsi_14,
  ANY_VALUE(sma_50) AS sma_50
FROM dup_data 
GROUP BY ticker_symbol, date
    );
  
[0m22:04:17.485067 [debug] [Thread-1 (]: Opening a new connection, currently in state closed
[0m22:04:17.968262 [debug] [Thread-1 (]: BigQuery adapter: https://console.cloud.google.com/bigquery?project=deft-beacon-354008&j=bq:US:2ece9a48-59fd-4e65-8572-042a917ccb0a&page=queryresults
[0m22:04:17.969071 [error] [Thread-1 (]: BigQuery adapter: https://console.cloud.google.com/bigquery?project=deft-beacon-354008&j=bq:US:2ece9a48-59fd-4e65-8572-042a917ccb0a&page=queryresults
[0m22:04:17.986148 [debug] [Thread-1 (]: Database Error in model fact_security (models/fact_security.sql)
  Invalid project ID 'stock_analysis'. Project IDs must contain 6-63 lowercase letters, digits, or dashes. Some project IDs also include domain name separated by a colon. IDs must start with a letter and may not end with a dash.
  compiled code at target/run/stock_analysis/models/fact_security.sql
[0m22:04:17.988665 [debug] [Thread-1 (]: Sending event: {'category': 'dbt', 'action': 'run_model', 'label': '05777482-8e15-4407-ae1e-0b8a89bbf86a', 'context': [<snowplow_tracker.self_describing_json.SelfDescribingJson object at 0x75f48f131510>]}
[0m22:04:17.989520 [error] [Thread-1 (]: 1 of 1 ERROR creating sql table model stock_analysis.fact_security ............. [[31mERROR[0m in 0.54s]
[0m22:04:17.990170 [debug] [Thread-1 (]: Finished running node model.stock_analysis.fact_security
[0m22:04:17.990759 [debug] [Thread-4 (]: Marking all children of 'model.stock_analysis.fact_security' to be skipped because of status 'error'.  Reason: Database Error in model fact_security (models/fact_security.sql)
  Invalid project ID 'stock_analysis'. Project IDs must contain 6-63 lowercase letters, digits, or dashes. Some project IDs also include domain name separated by a colon. IDs must start with a letter and may not end with a dash.
  compiled code at target/run/stock_analysis/models/fact_security.sql.
[0m22:04:17.993291 [debug] [MainThread]: Opening a new connection, currently in state closed
[0m22:04:17.994281 [debug] [MainThread]: Connection 'master' was properly closed.
[0m22:04:17.994585 [debug] [MainThread]: Connection 'model.stock_analysis.fact_security' was properly closed.
[0m22:04:17.994859 [info ] [MainThread]: 
[0m22:04:17.995147 [info ] [MainThread]: Finished running 1 table model in 0 hours 0 minutes and 3.91 seconds (3.91s).
[0m22:04:17.995666 [debug] [MainThread]: Command end result
[0m22:04:18.017443 [debug] [MainThread]: Wrote artifact WritableManifest to /home/norman/NTU-Project-Data-Science-AI_Norman/NTU-Project-Data-Science-AI/TA_undervalue_stock/target/manifest.json
[0m22:04:18.018963 [debug] [MainThread]: Wrote artifact SemanticManifest to /home/norman/NTU-Project-Data-Science-AI_Norman/NTU-Project-Data-Science-AI/TA_undervalue_stock/target/semantic_manifest.json
[0m22:04:18.023758 [debug] [MainThread]: Wrote artifact RunExecutionResult to /home/norman/NTU-Project-Data-Science-AI_Norman/NTU-Project-Data-Science-AI/TA_undervalue_stock/target/run_results.json
[0m22:04:18.024201 [info ] [MainThread]: 
[0m22:04:18.024602 [info ] [MainThread]: [31mCompleted with 1 error, 0 partial successes, and 0 warnings:[0m
[0m22:04:18.025143 [info ] [MainThread]: 
[0m22:04:18.025515 [error] [MainThread]:   Database Error in model fact_security (models/fact_security.sql)
  Invalid project ID 'stock_analysis'. Project IDs must contain 6-63 lowercase letters, digits, or dashes. Some project IDs also include domain name separated by a colon. IDs must start with a letter and may not end with a dash.
  compiled code at target/run/stock_analysis/models/fact_security.sql
[0m22:04:18.025836 [info ] [MainThread]: 
[0m22:04:18.026228 [info ] [MainThread]: Done. PASS=0 WARN=0 ERROR=1 SKIP=0 TOTAL=1
[0m22:04:18.028499 [debug] [MainThread]: Resource report: {"command_name": "run", "command_success": false, "command_wall_clock_time": 7.786201, "process_in_blocks": "370176", "process_kernel_time": 0.57361, "process_mem_max_rss": "361252", "process_out_blocks": "3584", "process_user_time": 4.596529}
[0m22:04:18.028964 [debug] [MainThread]: Command `dbt run` failed at 22:04:18.028870 after 7.79 seconds
[0m22:04:18.029269 [debug] [MainThread]: Sending event: {'category': 'dbt', 'action': 'invocation', 'label': 'end', 'context': [<snowplow_tracker.self_describing_json.SelfDescribingJson object at 0x75f48f290a00>, <snowplow_tracker.self_describing_json.SelfDescribingJson object at 0x75f45ad8ad70>, <snowplow_tracker.self_describing_json.SelfDescribingJson object at 0x75f48f2cbbe0>]}
[0m22:04:18.029583 [debug] [MainThread]: Flushing usage events
[0m22:04:19.089156 [debug] [MainThread]: An error was encountered while trying to flush usage events
[0m22:04:57.010938 [debug] [MainThread]: Sending event: {'category': 'dbt', 'action': 'invocation', 'label': 'start', 'context': [<snowplow_tracker.self_describing_json.SelfDescribingJson object at 0x7d2e5e894a00>, <snowplow_tracker.self_describing_json.SelfDescribingJson object at 0x7d2e5da25e70>, <snowplow_tracker.self_describing_json.SelfDescribingJson object at 0x7d2e5da25e10>]}


============================== 22:04:57.013248 | a90cfb21-8928-4387-99e0-45df7bac995c ==============================
[0m22:04:57.013248 [info ] [MainThread]: Running with dbt=1.9.8
[0m22:04:57.013807 [debug] [MainThread]: running dbt with arguments {'printer_width': '80', 'indirect_selection': 'eager', 'write_json': 'True', 'log_cache_events': 'False', 'partial_parse': 'True', 'cache_selected_only': 'False', 'profiles_dir': '/home/norman/NTU-Project-Data-Science-AI_Norman/NTU-Project-Data-Science-AI/TA_undervalue_stock', 'version_check': 'True', 'debug': 'False', 'log_path': '/home/norman/NTU-Project-Data-Science-AI_Norman/NTU-Project-Data-Science-AI/TA_undervalue_stock/logs', 'fail_fast': 'False', 'warn_error': 'None', 'use_colors': 'True', 'use_experimental_parser': 'False', 'no_print': 'None', 'quiet': 'False', 'empty': 'False', 'warn_error_options': 'WarnErrorOptions(include=[], exclude=[])', 'introspect': 'True', 'static_parser': 'True', 'invocation_command': 'dbt run --models fact_security', 'target_path': 'None', 'log_format': 'default', 'send_anonymous_usage_stats': 'True'}
[0m22:04:57.454813 [debug] [MainThread]: Sending event: {'category': 'dbt', 'action': 'project_id', 'label': 'a90cfb21-8928-4387-99e0-45df7bac995c', 'context': [<snowplow_tracker.self_describing_json.SelfDescribingJson object at 0x7d2e601cd9c0>]}
[0m22:04:57.503788 [debug] [MainThread]: Sending event: {'category': 'dbt', 'action': 'adapter_info', 'label': 'a90cfb21-8928-4387-99e0-45df7bac995c', 'context': [<snowplow_tracker.self_describing_json.SelfDescribingJson object at 0x7d2e5d9edba0>]}
[0m22:04:57.504475 [info ] [MainThread]: Registered adapter: bigquery=1.9.2
[0m22:04:57.644356 [debug] [MainThread]: checksum: 2898e47e730fa32147e5ae95c02f42c1d51b8fd2b81922b9b731f0208caf4dff, vars: {}, profile: , target: , version: 1.9.8
[0m22:04:57.739576 [debug] [MainThread]: Partial parsing enabled: 0 files deleted, 0 files added, 1 files changed.
[0m22:04:57.740578 [debug] [MainThread]: Partial parsing: updated file: stock_analysis://models/sources.yml
[0m22:04:58.339213 [debug] [MainThread]: Sending event: {'category': 'dbt', 'action': 'load_project', 'label': 'a90cfb21-8928-4387-99e0-45df7bac995c', 'context': [<snowplow_tracker.self_describing_json.SelfDescribingJson object at 0x7d2e29d2d9f0>]}
[0m22:04:58.405796 [debug] [MainThread]: Wrote artifact WritableManifest to /home/norman/NTU-Project-Data-Science-AI_Norman/NTU-Project-Data-Science-AI/TA_undervalue_stock/target/manifest.json
[0m22:04:58.407539 [debug] [MainThread]: Wrote artifact SemanticManifest to /home/norman/NTU-Project-Data-Science-AI_Norman/NTU-Project-Data-Science-AI/TA_undervalue_stock/target/semantic_manifest.json
[0m22:04:58.419609 [debug] [MainThread]: Sending event: {'category': 'dbt', 'action': 'resource_counts', 'label': 'a90cfb21-8928-4387-99e0-45df7bac995c', 'context': [<snowplow_tracker.self_describing_json.SelfDescribingJson object at 0x7d2e2856d600>]}
[0m22:04:58.420152 [info ] [MainThread]: Found 3 models, 32 data tests, 4 sources, 493 macros
[0m22:04:58.420534 [debug] [MainThread]: Sending event: {'category': 'dbt', 'action': 'runnable_timing', 'label': 'a90cfb21-8928-4387-99e0-45df7bac995c', 'context': [<snowplow_tracker.self_describing_json.SelfDescribingJson object at 0x7d2e2856d690>]}
[0m22:04:58.421791 [info ] [MainThread]: 
[0m22:04:58.422179 [info ] [MainThread]: Concurrency: 1 threads (target='dev')
[0m22:04:58.422463 [info ] [MainThread]: 
[0m22:04:58.422870 [debug] [MainThread]: Acquiring new bigquery connection 'master'
[0m22:04:58.424015 [debug] [ThreadPool]: Acquiring new bigquery connection 'list_deft-beacon-354008'
[0m22:04:58.424634 [debug] [ThreadPool]: Opening a new connection, currently in state init
[0m22:04:59.653710 [debug] [ThreadPool]: Re-using an available connection from the pool (formerly list_deft-beacon-354008, now list_deft-beacon-354008_stock_analysis)
[0m22:04:59.654579 [debug] [ThreadPool]: Opening a new connection, currently in state closed
[0m22:05:00.097147 [debug] [MainThread]: Sending event: {'category': 'dbt', 'action': 'runnable_timing', 'label': 'a90cfb21-8928-4387-99e0-45df7bac995c', 'context': [<snowplow_tracker.self_describing_json.SelfDescribingJson object at 0x7d2e60256890>]}
[0m22:05:00.097643 [debug] [MainThread]: Opening a new connection, currently in state init
[0m22:05:00.101530 [debug] [Thread-1 (]: Began running node model.stock_analysis.fact_security
[0m22:05:00.102036 [info ] [Thread-1 (]: 1 of 1 START sql table model stock_analysis.fact_security ...................... [RUN]
[0m22:05:00.102729 [debug] [Thread-1 (]: Re-using an available connection from the pool (formerly list_deft-beacon-354008_stock_analysis, now model.stock_analysis.fact_security)
[0m22:05:00.103099 [debug] [Thread-1 (]: Began compiling node model.stock_analysis.fact_security
[0m22:05:00.110110 [debug] [Thread-1 (]: Writing injected SQL for node "model.stock_analysis.fact_security"
[0m22:05:00.110955 [debug] [Thread-1 (]: Began executing node model.stock_analysis.fact_security
[0m22:05:00.144664 [debug] [Thread-1 (]: Writing runtime sql for node "model.stock_analysis.fact_security"
[0m22:05:00.145545 [debug] [Thread-1 (]: On model.stock_analysis.fact_security: /* {"app": "dbt", "dbt_version": "1.9.8", "profile_name": "stock_analysis", "target_name": "dev", "node_id": "model.stock_analysis.fact_security"} */

  
    

    create or replace table `deft-beacon-354008`.`stock_analysis`.`fact_security`
      
    
    

    OPTIONS()
    as (
      

WITH dup_data AS (
SELECT
  t.ticker_symbol,
  DATE(t.date) AS date,
  t.close_price,
  t.high_price,
  t.low_price,
  t.open_price,
  t.stock_splits,
  t.dividend,
  t.volume_traded,
  f.GDP_growth_rate,
  f.UMCSENT,
  f.inflation_rate,
  f.interest_rate,
  f.unemployment_rate,
  i.forward_eps,
  i.forward_pe,
  i.market_cap,
  i.trailing_eps,
  i.trailing_pe,
  ta.ema_50,
  ta.rsi_14,
  ta.sma_50
FROM `deft-beacon-354008`.`stock_analysis`.`combined_tickers` t
LEFT JOIN `deft-beacon-354008`.`stock_analysis`.`fred` f
  ON DATE(t.date) = DATE(f.date)
LEFT JOIN `deft-beacon-354008`.`stock_analysis`.`stock_info` i
  ON t.ticker_symbol = i.ticker_symbol AND DATE(t.date) BETWEEN '2025-04-01' AND '2025-06-30'
LEFT JOIN `deft-beacon-354008`.`stock_analysis`.`techincal_indicator` ta
  ON DATE(t.date) = DATE(ta.date) and t.ticker_symbol = ta.ticker_symbol
)
SELECT 
  ticker_symbol,
  date,
  ANY_VALUE(close_price) AS close_price,
  ANY_VALUE(high_price) AS high_price,
  ANY_VALUE(low_price) AS low_price,
  ANY_VALUE(open_price) AS open_price,
  ANY_VALUE(stock_splits) AS stock_splits,
  ANY_VALUE(dividend) AS dividend,
  ANY_VALUE(volume_traded) AS volume_traded,
  ANY_VALUE(GDP_growth_rate) AS GDP_growth_rate,
  ANY_VALUE(UMCSENT) AS UMCSENT,
  ANY_VALUE(inflation_rate) AS inflation_rate,
  ANY_VALUE(interest_rate) AS interest_rate,
  ANY_VALUE(unemployment_rate) AS unemployment_rate,
  ANY_VALUE(forward_eps) AS forward_eps,
  ANY_VALUE(forward_pe) AS forward_pe,
  ANY_VALUE(market_cap) AS market_cap,
  ANY_VALUE(trailing_eps) AS trailing_eps,
  ANY_VALUE(trailing_pe) AS trailing_pe,
  ANY_VALUE(ema_50) AS ema_50,
  ANY_VALUE(rsi_14) AS rsi_14,
  ANY_VALUE(sma_50) AS sma_50
FROM dup_data 
GROUP BY ticker_symbol, date
    );
  
[0m22:05:00.146168 [debug] [Thread-1 (]: Opening a new connection, currently in state closed
[0m22:05:00.872989 [debug] [Thread-1 (]: BigQuery adapter: https://console.cloud.google.com/bigquery?project=deft-beacon-354008&j=bq:US:ed4d50b9-7b38-4cdc-afbc-298a6acac25d&page=queryresults
[0m22:05:03.822648 [debug] [Thread-1 (]: Sending event: {'category': 'dbt', 'action': 'run_model', 'label': 'a90cfb21-8928-4387-99e0-45df7bac995c', 'context': [<snowplow_tracker.self_describing_json.SelfDescribingJson object at 0x7d2e2f2a5cf0>]}
[0m22:05:03.823319 [info ] [Thread-1 (]: 1 of 1 OK created sql table model stock_analysis.fact_security ................. [[32mCREATE TABLE (5.0k rows, 694.2 KiB processed)[0m in 3.72s]
[0m22:05:03.823840 [debug] [Thread-1 (]: Finished running node model.stock_analysis.fact_security
[0m22:05:03.825660 [debug] [MainThread]: Opening a new connection, currently in state closed
[0m22:05:03.826671 [debug] [MainThread]: Connection 'master' was properly closed.
[0m22:05:03.826964 [debug] [MainThread]: Connection 'model.stock_analysis.fact_security' was properly closed.
[0m22:05:03.827223 [info ] [MainThread]: 
[0m22:05:03.827492 [info ] [MainThread]: Finished running 1 table model in 0 hours 0 minutes and 5.40 seconds (5.40s).
[0m22:05:03.827986 [debug] [MainThread]: Command end result
[0m22:05:03.849586 [debug] [MainThread]: Wrote artifact WritableManifest to /home/norman/NTU-Project-Data-Science-AI_Norman/NTU-Project-Data-Science-AI/TA_undervalue_stock/target/manifest.json
[0m22:05:03.851575 [debug] [MainThread]: Wrote artifact SemanticManifest to /home/norman/NTU-Project-Data-Science-AI_Norman/NTU-Project-Data-Science-AI/TA_undervalue_stock/target/semantic_manifest.json
[0m22:05:03.856333 [debug] [MainThread]: Wrote artifact RunExecutionResult to /home/norman/NTU-Project-Data-Science-AI_Norman/NTU-Project-Data-Science-AI/TA_undervalue_stock/target/run_results.json
[0m22:05:03.856659 [info ] [MainThread]: 
[0m22:05:03.856969 [info ] [MainThread]: [32mCompleted successfully[0m
[0m22:05:03.857182 [info ] [MainThread]: 
[0m22:05:03.857569 [info ] [MainThread]: Done. PASS=1 WARN=0 ERROR=0 SKIP=0 TOTAL=1
[0m22:05:03.858622 [debug] [MainThread]: Resource report: {"command_name": "run", "command_success": true, "command_wall_clock_time": 8.375276, "process_in_blocks": "1648", "process_kernel_time": 0.375522, "process_mem_max_rss": "365800", "process_out_blocks": "3584", "process_user_time": 4.650411}
[0m22:05:03.859154 [debug] [MainThread]: Command `dbt run` succeeded at 22:05:03.859003 after 8.38 seconds
[0m22:05:03.859467 [debug] [MainThread]: Sending event: {'category': 'dbt', 'action': 'invocation', 'label': 'end', 'context': [<snowplow_tracker.self_describing_json.SelfDescribingJson object at 0x7d2e5e894a00>, <snowplow_tracker.self_describing_json.SelfDescribingJson object at 0x7d2e5e75de10>, <snowplow_tracker.self_describing_json.SelfDescribingJson object at 0x7d2e601cd9c0>]}
[0m22:05:03.859780 [debug] [MainThread]: Flushing usage events
[0m22:05:05.091237 [debug] [MainThread]: An error was encountered while trying to flush usage events
[0m22:05:37.169148 [debug] [MainThread]: Sending event: {'category': 'dbt', 'action': 'invocation', 'label': 'start', 'context': [<snowplow_tracker.self_describing_json.SelfDescribingJson object at 0x7e5cebf849a0>, <snowplow_tracker.self_describing_json.SelfDescribingJson object at 0x7e5ceb119de0>, <snowplow_tracker.self_describing_json.SelfDescribingJson object at 0x7e5ceb119d80>]}


============================== 22:05:37.171133 | afa0e145-14f2-452e-9737-5a6eac57f822 ==============================
[0m22:05:37.171133 [info ] [MainThread]: Running with dbt=1.9.8
[0m22:05:37.171594 [debug] [MainThread]: running dbt with arguments {'printer_width': '80', 'indirect_selection': 'eager', 'log_cache_events': 'False', 'write_json': 'True', 'partial_parse': 'True', 'cache_selected_only': 'False', 'warn_error': 'None', 'debug': 'False', 'version_check': 'True', 'log_path': '/home/norman/NTU-Project-Data-Science-AI_Norman/NTU-Project-Data-Science-AI/TA_undervalue_stock/logs', 'fail_fast': 'False', 'profiles_dir': '/home/norman/NTU-Project-Data-Science-AI_Norman/NTU-Project-Data-Science-AI/TA_undervalue_stock', 'use_colors': 'True', 'use_experimental_parser': 'False', 'no_print': 'None', 'quiet': 'False', 'empty': 'False', 'warn_error_options': 'WarnErrorOptions(include=[], exclude=[])', 'invocation_command': 'dbt run --models dim_dates', 'log_format': 'default', 'static_parser': 'True', 'target_path': 'None', 'introspect': 'True', 'send_anonymous_usage_stats': 'True'}
[0m22:05:39.047618 [debug] [MainThread]: Sending event: {'category': 'dbt', 'action': 'project_id', 'label': 'afa0e145-14f2-452e-9737-5a6eac57f822', 'context': [<snowplow_tracker.self_describing_json.SelfDescribingJson object at 0x7e5ced8b1ae0>]}
[0m22:05:39.093319 [debug] [MainThread]: Sending event: {'category': 'dbt', 'action': 'adapter_info', 'label': 'afa0e145-14f2-452e-9737-5a6eac57f822', 'context': [<snowplow_tracker.self_describing_json.SelfDescribingJson object at 0x7e5ceb11b4c0>]}
[0m22:05:39.094021 [info ] [MainThread]: Registered adapter: bigquery=1.9.2
[0m22:05:39.225990 [debug] [MainThread]: checksum: 2898e47e730fa32147e5ae95c02f42c1d51b8fd2b81922b9b731f0208caf4dff, vars: {}, profile: , target: , version: 1.9.8
[0m22:05:39.320261 [debug] [MainThread]: Partial parsing enabled: 0 files deleted, 0 files added, 0 files changed.
[0m22:05:39.320696 [debug] [MainThread]: Partial parsing enabled, no changes found, skipping parsing
[0m22:05:39.360841 [debug] [MainThread]: Sending event: {'category': 'dbt', 'action': 'load_project', 'label': 'afa0e145-14f2-452e-9737-5a6eac57f822', 'context': [<snowplow_tracker.self_describing_json.SelfDescribingJson object at 0x7e5cb7400b20>]}
[0m22:05:39.436637 [debug] [MainThread]: Wrote artifact WritableManifest to /home/norman/NTU-Project-Data-Science-AI_Norman/NTU-Project-Data-Science-AI/TA_undervalue_stock/target/manifest.json
[0m22:05:39.438313 [debug] [MainThread]: Wrote artifact SemanticManifest to /home/norman/NTU-Project-Data-Science-AI_Norman/NTU-Project-Data-Science-AI/TA_undervalue_stock/target/semantic_manifest.json
[0m22:05:39.448565 [debug] [MainThread]: Sending event: {'category': 'dbt', 'action': 'resource_counts', 'label': 'afa0e145-14f2-452e-9737-5a6eac57f822', 'context': [<snowplow_tracker.self_describing_json.SelfDescribingJson object at 0x7e5cb7572950>]}
[0m22:05:39.449126 [info ] [MainThread]: Found 3 models, 32 data tests, 4 sources, 493 macros
[0m22:05:39.449496 [debug] [MainThread]: Sending event: {'category': 'dbt', 'action': 'runnable_timing', 'label': 'afa0e145-14f2-452e-9737-5a6eac57f822', 'context': [<snowplow_tracker.self_describing_json.SelfDescribingJson object at 0x7e5cb7572aa0>]}
[0m22:05:39.450136 [warn ] [MainThread]: The selection criterion 'dim_dates' does not match any enabled nodes
[0m22:05:39.451101 [warn ] [MainThread]: Nothing to do. Try checking your model configs and model specification args
[0m22:05:39.453220 [debug] [MainThread]: Command end result
[0m22:05:39.476942 [debug] [MainThread]: Wrote artifact WritableManifest to /home/norman/NTU-Project-Data-Science-AI_Norman/NTU-Project-Data-Science-AI/TA_undervalue_stock/target/manifest.json
[0m22:05:39.479458 [debug] [MainThread]: Wrote artifact SemanticManifest to /home/norman/NTU-Project-Data-Science-AI_Norman/NTU-Project-Data-Science-AI/TA_undervalue_stock/target/semantic_manifest.json
[0m22:05:39.483282 [debug] [MainThread]: Wrote artifact RunExecutionResult to /home/norman/NTU-Project-Data-Science-AI_Norman/NTU-Project-Data-Science-AI/TA_undervalue_stock/target/run_results.json
[0m22:05:39.484197 [debug] [MainThread]: Resource report: {"command_name": "run", "command_success": true, "command_wall_clock_time": 2.3509574, "process_in_blocks": "0", "process_kernel_time": 0.236958, "process_mem_max_rss": "350392", "process_out_blocks": "2424", "process_user_time": 3.958365}
[0m22:05:39.484749 [debug] [MainThread]: Command `dbt run` succeeded at 22:05:39.484658 after 2.35 seconds
[0m22:05:39.485096 [debug] [MainThread]: Sending event: {'category': 'dbt', 'action': 'invocation', 'label': 'end', 'context': [<snowplow_tracker.self_describing_json.SelfDescribingJson object at 0x7e5cebf849a0>, <snowplow_tracker.self_describing_json.SelfDescribingJson object at 0x7e5cb7401c60>, <snowplow_tracker.self_describing_json.SelfDescribingJson object at 0x7e5cb7aa3dc0>]}
[0m22:05:39.485428 [debug] [MainThread]: Flushing usage events
[0m22:05:40.738612 [debug] [MainThread]: An error was encountered while trying to flush usage events
[0m22:06:00.178056 [debug] [MainThread]: Sending event: {'category': 'dbt', 'action': 'invocation', 'label': 'start', 'context': [<snowplow_tracker.self_describing_json.SelfDescribingJson object at 0x7569b0e94a60>, <snowplow_tracker.self_describing_json.SelfDescribingJson object at 0x7569b004df00>, <snowplow_tracker.self_describing_json.SelfDescribingJson object at 0x7569b004dea0>]}


============================== 22:06:00.180253 | 31d710b8-8ef4-45cd-b56b-e893d7df8b09 ==============================
[0m22:06:00.180253 [info ] [MainThread]: Running with dbt=1.9.8
[0m22:06:00.180684 [debug] [MainThread]: running dbt with arguments {'printer_width': '80', 'indirect_selection': 'eager', 'log_cache_events': 'False', 'write_json': 'True', 'partial_parse': 'True', 'cache_selected_only': 'False', 'profiles_dir': '/home/norman/NTU-Project-Data-Science-AI_Norman/NTU-Project-Data-Science-AI/TA_undervalue_stock', 'fail_fast': 'False', 'version_check': 'True', 'log_path': '/home/norman/NTU-Project-Data-Science-AI_Norman/NTU-Project-Data-Science-AI/TA_undervalue_stock/logs', 'debug': 'False', 'warn_error': 'None', 'use_colors': 'True', 'use_experimental_parser': 'False', 'no_print': 'None', 'quiet': 'False', 'empty': 'False', 'warn_error_options': 'WarnErrorOptions(include=[], exclude=[])', 'static_parser': 'True', 'introspect': 'True', 'invocation_command': 'dbt run --models info.sql', 'target_path': 'None', 'log_format': 'default', 'send_anonymous_usage_stats': 'True'}
[0m22:06:01.945370 [debug] [MainThread]: Sending event: {'category': 'dbt', 'action': 'project_id', 'label': '31d710b8-8ef4-45cd-b56b-e893d7df8b09', 'context': [<snowplow_tracker.self_describing_json.SelfDescribingJson object at 0x75697c9ef580>]}
[0m22:06:01.991290 [debug] [MainThread]: Sending event: {'category': 'dbt', 'action': 'adapter_info', 'label': '31d710b8-8ef4-45cd-b56b-e893d7df8b09', 'context': [<snowplow_tracker.self_describing_json.SelfDescribingJson object at 0x7569b02ac160>]}
[0m22:06:01.992039 [info ] [MainThread]: Registered adapter: bigquery=1.9.2
[0m22:06:02.120637 [debug] [MainThread]: checksum: 2898e47e730fa32147e5ae95c02f42c1d51b8fd2b81922b9b731f0208caf4dff, vars: {}, profile: , target: , version: 1.9.8
[0m22:06:02.218072 [debug] [MainThread]: Partial parsing enabled: 0 files deleted, 0 files added, 0 files changed.
[0m22:06:02.218491 [debug] [MainThread]: Partial parsing enabled, no changes found, skipping parsing
[0m22:06:02.255605 [debug] [MainThread]: Sending event: {'category': 'dbt', 'action': 'load_project', 'label': '31d710b8-8ef4-45cd-b56b-e893d7df8b09', 'context': [<snowplow_tracker.self_describing_json.SelfDescribingJson object at 0x75697c370a60>]}
[0m22:06:02.329190 [debug] [MainThread]: Wrote artifact WritableManifest to /home/norman/NTU-Project-Data-Science-AI_Norman/NTU-Project-Data-Science-AI/TA_undervalue_stock/target/manifest.json
[0m22:06:02.330711 [debug] [MainThread]: Wrote artifact SemanticManifest to /home/norman/NTU-Project-Data-Science-AI_Norman/NTU-Project-Data-Science-AI/TA_undervalue_stock/target/semantic_manifest.json
[0m22:06:02.340246 [debug] [MainThread]: Sending event: {'category': 'dbt', 'action': 'resource_counts', 'label': '31d710b8-8ef4-45cd-b56b-e893d7df8b09', 'context': [<snowplow_tracker.self_describing_json.SelfDescribingJson object at 0x75697c3731f0>]}
[0m22:06:02.340784 [info ] [MainThread]: Found 3 models, 32 data tests, 4 sources, 493 macros
[0m22:06:02.341168 [debug] [MainThread]: Sending event: {'category': 'dbt', 'action': 'runnable_timing', 'label': '31d710b8-8ef4-45cd-b56b-e893d7df8b09', 'context': [<snowplow_tracker.self_describing_json.SelfDescribingJson object at 0x75697c34fac0>]}
[0m22:06:02.342025 [warn ] [MainThread]: The selection criterion 'info.sql' does not match any enabled nodes
[0m22:06:02.343123 [warn ] [MainThread]: Nothing to do. Try checking your model configs and model specification args
[0m22:06:02.344965 [debug] [MainThread]: Command end result
[0m22:06:02.367483 [debug] [MainThread]: Wrote artifact WritableManifest to /home/norman/NTU-Project-Data-Science-AI_Norman/NTU-Project-Data-Science-AI/TA_undervalue_stock/target/manifest.json
[0m22:06:02.369341 [debug] [MainThread]: Wrote artifact SemanticManifest to /home/norman/NTU-Project-Data-Science-AI_Norman/NTU-Project-Data-Science-AI/TA_undervalue_stock/target/semantic_manifest.json
[0m22:06:02.372466 [debug] [MainThread]: Wrote artifact RunExecutionResult to /home/norman/NTU-Project-Data-Science-AI_Norman/NTU-Project-Data-Science-AI/TA_undervalue_stock/target/run_results.json
[0m22:06:02.373356 [debug] [MainThread]: Resource report: {"command_name": "run", "command_success": true, "command_wall_clock_time": 2.23141, "process_in_blocks": "0", "process_kernel_time": 0.308762, "process_mem_max_rss": "350532", "process_out_blocks": "2416", "process_user_time": 3.901633}
[0m22:06:02.373914 [debug] [MainThread]: Command `dbt run` succeeded at 22:06:02.373800 after 2.23 seconds
[0m22:06:02.374257 [debug] [MainThread]: Sending event: {'category': 'dbt', 'action': 'invocation', 'label': 'end', 'context': [<snowplow_tracker.self_describing_json.SelfDescribingJson object at 0x7569b0e94a60>, <snowplow_tracker.self_describing_json.SelfDescribingJson object at 0x7569b02ac160>, <snowplow_tracker.self_describing_json.SelfDescribingJson object at 0x75697c4e1b70>]}
[0m22:06:02.374582 [debug] [MainThread]: Flushing usage events
[0m22:06:03.561884 [debug] [MainThread]: An error was encountered while trying to flush usage events
[0m22:06:25.199055 [debug] [MainThread]: Sending event: {'category': 'dbt', 'action': 'invocation', 'label': 'start', 'context': [<snowplow_tracker.self_describing_json.SelfDescribingJson object at 0x719c682bc9d0>, <snowplow_tracker.self_describing_json.SelfDescribingJson object at 0x719c67475e10>, <snowplow_tracker.self_describing_json.SelfDescribingJson object at 0x719c67475db0>]}


============================== 22:06:25.201897 | 65a04e75-9703-4a19-8b69-e9beb80f532a ==============================
[0m22:06:25.201897 [info ] [MainThread]: Running with dbt=1.9.8
[0m22:06:25.202392 [debug] [MainThread]: running dbt with arguments {'printer_width': '80', 'indirect_selection': 'eager', 'write_json': 'True', 'log_cache_events': 'False', 'partial_parse': 'True', 'cache_selected_only': 'False', 'profiles_dir': '/home/norman/NTU-Project-Data-Science-AI_Norman/NTU-Project-Data-Science-AI/TA_undervalue_stock', 'fail_fast': 'False', 'version_check': 'True', 'log_path': '/home/norman/NTU-Project-Data-Science-AI_Norman/NTU-Project-Data-Science-AI/TA_undervalue_stock/logs', 'debug': 'False', 'warn_error': 'None', 'use_colors': 'True', 'use_experimental_parser': 'False', 'no_print': 'None', 'quiet': 'False', 'empty': 'False', 'warn_error_options': 'WarnErrorOptions(include=[], exclude=[])', 'invocation_command': 'dbt run --models dim_date', 'introspect': 'True', 'static_parser': 'True', 'target_path': 'None', 'log_format': 'default', 'send_anonymous_usage_stats': 'True'}
[0m22:06:26.992033 [debug] [MainThread]: Sending event: {'category': 'dbt', 'action': 'project_id', 'label': '65a04e75-9703-4a19-8b69-e9beb80f532a', 'context': [<snowplow_tracker.self_describing_json.SelfDescribingJson object at 0x719c67ab1210>]}
[0m22:06:27.037846 [debug] [MainThread]: Sending event: {'category': 'dbt', 'action': 'adapter_info', 'label': '65a04e75-9703-4a19-8b69-e9beb80f532a', 'context': [<snowplow_tracker.self_describing_json.SelfDescribingJson object at 0x719c33fefd30>]}
[0m22:06:27.038679 [info ] [MainThread]: Registered adapter: bigquery=1.9.2
[0m22:06:27.185386 [debug] [MainThread]: checksum: 2898e47e730fa32147e5ae95c02f42c1d51b8fd2b81922b9b731f0208caf4dff, vars: {}, profile: , target: , version: 1.9.8
[0m22:06:27.284898 [debug] [MainThread]: Partial parsing enabled: 0 files deleted, 0 files added, 0 files changed.
[0m22:06:27.285322 [debug] [MainThread]: Partial parsing enabled, no changes found, skipping parsing
[0m22:06:27.324509 [debug] [MainThread]: Sending event: {'category': 'dbt', 'action': 'load_project', 'label': '65a04e75-9703-4a19-8b69-e9beb80f532a', 'context': [<snowplow_tracker.self_describing_json.SelfDescribingJson object at 0x719c33850ca0>]}
[0m22:06:27.401036 [debug] [MainThread]: Wrote artifact WritableManifest to /home/norman/NTU-Project-Data-Science-AI_Norman/NTU-Project-Data-Science-AI/TA_undervalue_stock/target/manifest.json
[0m22:06:27.405109 [debug] [MainThread]: Wrote artifact SemanticManifest to /home/norman/NTU-Project-Data-Science-AI_Norman/NTU-Project-Data-Science-AI/TA_undervalue_stock/target/semantic_manifest.json
[0m22:06:27.415155 [debug] [MainThread]: Sending event: {'category': 'dbt', 'action': 'resource_counts', 'label': '65a04e75-9703-4a19-8b69-e9beb80f532a', 'context': [<snowplow_tracker.self_describing_json.SelfDescribingJson object at 0x719c33853ca0>]}
[0m22:06:27.415717 [info ] [MainThread]: Found 3 models, 32 data tests, 4 sources, 493 macros
[0m22:06:27.416092 [debug] [MainThread]: Sending event: {'category': 'dbt', 'action': 'runnable_timing', 'label': '65a04e75-9703-4a19-8b69-e9beb80f532a', 'context': [<snowplow_tracker.self_describing_json.SelfDescribingJson object at 0x719c33853c40>]}
[0m22:06:27.417432 [info ] [MainThread]: 
[0m22:06:27.417868 [info ] [MainThread]: Concurrency: 1 threads (target='dev')
[0m22:06:27.418182 [info ] [MainThread]: 
[0m22:06:27.418631 [debug] [MainThread]: Acquiring new bigquery connection 'master'
[0m22:06:27.419871 [debug] [ThreadPool]: Acquiring new bigquery connection 'list_deft-beacon-354008'
[0m22:06:27.420527 [debug] [ThreadPool]: Opening a new connection, currently in state init
[0m22:06:28.704730 [debug] [ThreadPool]: Re-using an available connection from the pool (formerly list_deft-beacon-354008, now list_deft-beacon-354008_stock_analysis)
[0m22:06:28.705701 [debug] [ThreadPool]: Opening a new connection, currently in state closed
[0m22:06:29.187289 [debug] [MainThread]: Sending event: {'category': 'dbt', 'action': 'runnable_timing', 'label': '65a04e75-9703-4a19-8b69-e9beb80f532a', 'context': [<snowplow_tracker.self_describing_json.SelfDescribingJson object at 0x719c6743d6c0>]}
[0m22:06:29.189023 [debug] [MainThread]: Opening a new connection, currently in state init
[0m22:06:29.198894 [debug] [Thread-1 (]: Began running node model.stock_analysis.dim_date
[0m22:06:29.199986 [info ] [Thread-1 (]: 1 of 1 START sql table model stock_analysis.dim_date ........................... [RUN]
[0m22:06:29.201080 [debug] [Thread-1 (]: Re-using an available connection from the pool (formerly list_deft-beacon-354008_stock_analysis, now model.stock_analysis.dim_date)
[0m22:06:29.202056 [debug] [Thread-1 (]: Began compiling node model.stock_analysis.dim_date
[0m22:06:29.214453 [debug] [Thread-1 (]: Writing injected SQL for node "model.stock_analysis.dim_date"
[0m22:06:29.215625 [debug] [Thread-1 (]: Began executing node model.stock_analysis.dim_date
[0m22:06:29.257051 [debug] [Thread-1 (]: Writing runtime sql for node "model.stock_analysis.dim_date"
[0m22:06:29.257782 [debug] [Thread-1 (]: On model.stock_analysis.dim_date: /* {"app": "dbt", "dbt_version": "1.9.8", "profile_name": "stock_analysis", "target_name": "dev", "node_id": "model.stock_analysis.dim_date"} */

  
    

    create or replace table `deft-beacon-354008`.`stock_analysis`.`dim_date`
      
    
    

    OPTIONS()
    as (
      

WITH deduplicated_dates AS (
    SELECT DISTINCT date
    FROM `deft-beacon-354008`.`stock_analysis`.`combined_tickers`
)
SELECT
    DATE(date) AS date,
    EXTRACT(YEAR FROM date) AS year,
    EXTRACT(MONTH FROM date) AS month,
    EXTRACT(DAY FROM date) AS day,
    EXTRACT(QUARTER FROM date) AS quarter,
    FORMAT_TIMESTAMP('%A', date) AS day_of_week
FROM 
    deduplicated_dates
    );
  
[0m22:06:29.258708 [debug] [Thread-1 (]: Opening a new connection, currently in state closed
[0m22:06:29.969184 [debug] [Thread-1 (]: BigQuery adapter: https://console.cloud.google.com/bigquery?project=deft-beacon-354008&j=bq:US:b3f614f5-99c9-4545-9ca2-aa3ebff47da8&page=queryresults
[0m22:06:32.593744 [debug] [Thread-1 (]: Sending event: {'category': 'dbt', 'action': 'run_model', 'label': '65a04e75-9703-4a19-8b69-e9beb80f532a', 'context': [<snowplow_tracker.self_describing_json.SelfDescribingJson object at 0x719c3ce19cc0>]}
[0m22:06:32.594332 [info ] [Thread-1 (]: 1 of 1 OK created sql table model stock_analysis.dim_date ...................... [[32mCREATE TABLE (1.3k rows, 39.3 KiB processed)[0m in 3.39s]
[0m22:06:32.594788 [debug] [Thread-1 (]: Finished running node model.stock_analysis.dim_date
[0m22:06:32.596749 [debug] [MainThread]: Opening a new connection, currently in state closed
[0m22:06:32.597405 [debug] [MainThread]: Connection 'master' was properly closed.
[0m22:06:32.597682 [debug] [MainThread]: Connection 'model.stock_analysis.dim_date' was properly closed.
[0m22:06:32.597926 [info ] [MainThread]: 
[0m22:06:32.598179 [info ] [MainThread]: Finished running 1 table model in 0 hours 0 minutes and 5.18 seconds (5.18s).
[0m22:06:32.598645 [debug] [MainThread]: Command end result
[0m22:06:32.757463 [debug] [MainThread]: Wrote artifact WritableManifest to /home/norman/NTU-Project-Data-Science-AI_Norman/NTU-Project-Data-Science-AI/TA_undervalue_stock/target/manifest.json
[0m22:06:32.759255 [debug] [MainThread]: Wrote artifact SemanticManifest to /home/norman/NTU-Project-Data-Science-AI_Norman/NTU-Project-Data-Science-AI/TA_undervalue_stock/target/semantic_manifest.json
[0m22:06:32.764742 [debug] [MainThread]: Wrote artifact RunExecutionResult to /home/norman/NTU-Project-Data-Science-AI_Norman/NTU-Project-Data-Science-AI/TA_undervalue_stock/target/run_results.json
[0m22:06:32.765359 [info ] [MainThread]: 
[0m22:06:32.766129 [info ] [MainThread]: [32mCompleted successfully[0m
[0m22:06:32.766602 [info ] [MainThread]: 
[0m22:06:32.766926 [info ] [MainThread]: Done. PASS=1 WARN=0 ERROR=0 SKIP=0 TOTAL=1
[0m22:06:32.768428 [debug] [MainThread]: Resource report: {"command_name": "run", "command_success": true, "command_wall_clock_time": 9.0564375, "process_in_blocks": "8", "process_kernel_time": 0.304582, "process_mem_max_rss": "356756", "process_out_blocks": "2456", "process_user_time": 4.240416}
[0m22:06:32.769374 [debug] [MainThread]: Command `dbt run` succeeded at 22:06:32.769098 after 9.06 seconds
[0m22:06:32.769715 [debug] [MainThread]: Sending event: {'category': 'dbt', 'action': 'invocation', 'label': 'end', 'context': [<snowplow_tracker.self_describing_json.SelfDescribingJson object at 0x719c682bc9d0>, <snowplow_tracker.self_describing_json.SelfDescribingJson object at 0x719c339eda20>, <snowplow_tracker.self_describing_json.SelfDescribingJson object at 0x719c33d5f100>]}
[0m22:06:32.770335 [debug] [MainThread]: Flushing usage events
[0m22:06:33.963214 [debug] [MainThread]: An error was encountered while trying to flush usage events
[0m22:06:42.350636 [debug] [MainThread]: Sending event: {'category': 'dbt', 'action': 'invocation', 'label': 'start', 'context': [<snowplow_tracker.self_describing_json.SelfDescribingJson object at 0x70ec0d3c4a00>, <snowplow_tracker.self_describing_json.SelfDescribingJson object at 0x70ec0c57de70>, <snowplow_tracker.self_describing_json.SelfDescribingJson object at 0x70ec0c57de10>]}


============================== 22:06:42.352780 | d02005a0-b58f-4da1-b166-d1c5b7bae649 ==============================
[0m22:06:42.352780 [info ] [MainThread]: Running with dbt=1.9.8
[0m22:06:42.353197 [debug] [MainThread]: running dbt with arguments {'printer_width': '80', 'indirect_selection': 'eager', 'write_json': 'True', 'log_cache_events': 'False', 'partial_parse': 'True', 'cache_selected_only': 'False', 'warn_error': 'None', 'debug': 'False', 'version_check': 'True', 'log_path': '/home/norman/NTU-Project-Data-Science-AI_Norman/NTU-Project-Data-Science-AI/TA_undervalue_stock/logs', 'profiles_dir': '/home/norman/NTU-Project-Data-Science-AI_Norman/NTU-Project-Data-Science-AI/TA_undervalue_stock', 'fail_fast': 'False', 'use_colors': 'True', 'use_experimental_parser': 'False', 'no_print': 'None', 'quiet': 'False', 'empty': 'False', 'warn_error_options': 'WarnErrorOptions(include=[], exclude=[])', 'static_parser': 'True', 'introspect': 'True', 'invocation_command': 'dbt run --models dim_info', 'target_path': 'None', 'log_format': 'default', 'send_anonymous_usage_stats': 'True'}
[0m22:06:44.143194 [debug] [MainThread]: Sending event: {'category': 'dbt', 'action': 'project_id', 'label': 'd02005a0-b58f-4da1-b166-d1c5b7bae649', 'context': [<snowplow_tracker.self_describing_json.SelfDescribingJson object at 0x70ec0d26f820>]}
[0m22:06:44.189654 [debug] [MainThread]: Sending event: {'category': 'dbt', 'action': 'adapter_info', 'label': 'd02005a0-b58f-4da1-b166-d1c5b7bae649', 'context': [<snowplow_tracker.self_describing_json.SelfDescribingJson object at 0x70ebd8fd2bc0>]}
[0m22:06:44.190350 [info ] [MainThread]: Registered adapter: bigquery=1.9.2
[0m22:06:44.323477 [debug] [MainThread]: checksum: 2898e47e730fa32147e5ae95c02f42c1d51b8fd2b81922b9b731f0208caf4dff, vars: {}, profile: , target: , version: 1.9.8
[0m22:06:44.419223 [debug] [MainThread]: Partial parsing enabled: 0 files deleted, 0 files added, 0 files changed.
[0m22:06:44.419630 [debug] [MainThread]: Partial parsing enabled, no changes found, skipping parsing
[0m22:06:44.457382 [debug] [MainThread]: Sending event: {'category': 'dbt', 'action': 'load_project', 'label': 'd02005a0-b58f-4da1-b166-d1c5b7bae649', 'context': [<snowplow_tracker.self_describing_json.SelfDescribingJson object at 0x70ebd8857e50>]}
[0m22:06:44.531071 [debug] [MainThread]: Wrote artifact WritableManifest to /home/norman/NTU-Project-Data-Science-AI_Norman/NTU-Project-Data-Science-AI/TA_undervalue_stock/target/manifest.json
[0m22:06:44.532599 [debug] [MainThread]: Wrote artifact SemanticManifest to /home/norman/NTU-Project-Data-Science-AI_Norman/NTU-Project-Data-Science-AI/TA_undervalue_stock/target/semantic_manifest.json
[0m22:06:44.542419 [debug] [MainThread]: Sending event: {'category': 'dbt', 'action': 'resource_counts', 'label': 'd02005a0-b58f-4da1-b166-d1c5b7bae649', 'context': [<snowplow_tracker.self_describing_json.SelfDescribingJson object at 0x70ebd8862b30>]}
[0m22:06:44.542963 [info ] [MainThread]: Found 3 models, 32 data tests, 4 sources, 493 macros
[0m22:06:44.543310 [debug] [MainThread]: Sending event: {'category': 'dbt', 'action': 'runnable_timing', 'label': 'd02005a0-b58f-4da1-b166-d1c5b7bae649', 'context': [<snowplow_tracker.self_describing_json.SelfDescribingJson object at 0x70ebd8861ab0>]}
[0m22:06:44.544683 [info ] [MainThread]: 
[0m22:06:44.545060 [info ] [MainThread]: Concurrency: 1 threads (target='dev')
[0m22:06:44.545437 [info ] [MainThread]: 
[0m22:06:44.545886 [debug] [MainThread]: Acquiring new bigquery connection 'master'
[0m22:06:44.547071 [debug] [ThreadPool]: Acquiring new bigquery connection 'list_deft-beacon-354008'
[0m22:06:44.547718 [debug] [ThreadPool]: Opening a new connection, currently in state init
[0m22:06:47.921765 [debug] [ThreadPool]: Re-using an available connection from the pool (formerly list_deft-beacon-354008, now list_deft-beacon-354008_stock_analysis)
[0m22:06:47.922431 [debug] [ThreadPool]: Opening a new connection, currently in state closed
[0m22:06:48.371086 [debug] [MainThread]: Sending event: {'category': 'dbt', 'action': 'runnable_timing', 'label': 'd02005a0-b58f-4da1-b166-d1c5b7bae649', 'context': [<snowplow_tracker.self_describing_json.SelfDescribingJson object at 0x70ec0edd2890>]}
[0m22:06:48.372147 [debug] [MainThread]: Opening a new connection, currently in state init
[0m22:06:48.378717 [debug] [Thread-1 (]: Began running node model.stock_analysis.dim_info
[0m22:06:48.379776 [info ] [Thread-1 (]: 1 of 1 START sql table model stock_analysis.dim_info ........................... [RUN]
[0m22:06:48.380305 [debug] [Thread-1 (]: Re-using an available connection from the pool (formerly list_deft-beacon-354008_stock_analysis, now model.stock_analysis.dim_info)
[0m22:06:48.380619 [debug] [Thread-1 (]: Began compiling node model.stock_analysis.dim_info
[0m22:06:48.393588 [debug] [Thread-1 (]: Writing injected SQL for node "model.stock_analysis.dim_info"
[0m22:06:48.394464 [debug] [Thread-1 (]: Began executing node model.stock_analysis.dim_info
[0m22:06:48.436272 [debug] [Thread-1 (]: Writing runtime sql for node "model.stock_analysis.dim_info"
[0m22:06:48.436955 [debug] [Thread-1 (]: On model.stock_analysis.dim_info: /* {"app": "dbt", "dbt_version": "1.9.8", "profile_name": "stock_analysis", "target_name": "dev", "node_id": "model.stock_analysis.dim_info"} */

  
    

    create or replace table `deft-beacon-354008`.`stock_analysis`.`dim_info`
      
    
    

    OPTIONS()
    as (
      

SELECT
  ticker_symbol,
  company_description,
  company_name,
  country,
  industry,
  sector
FROM `deft-beacon-354008`.`stock_analysis`.`stock_info`
    );
  
[0m22:06:48.437341 [debug] [Thread-1 (]: Opening a new connection, currently in state closed
[0m22:06:49.056041 [debug] [Thread-1 (]: BigQuery adapter: https://console.cloud.google.com/bigquery?project=deft-beacon-354008&j=bq:US:1ab301ef-d475-41a4-9590-64326e18f1df&page=queryresults
[0m22:06:56.178312 [debug] [Thread-1 (]: Sending event: {'category': 'dbt', 'action': 'run_model', 'label': 'd02005a0-b58f-4da1-b166-d1c5b7bae649', 'context': [<snowplow_tracker.self_describing_json.SelfDescribingJson object at 0x70ebddea8c70>]}
[0m22:06:56.179133 [info ] [Thread-1 (]: 1 of 1 OK created sql table model stock_analysis.dim_info ...................... [[32mCREATE TABLE (4.0 rows, 7.0 KiB processed)[0m in 7.80s]
[0m22:06:56.179886 [debug] [Thread-1 (]: Finished running node model.stock_analysis.dim_info
[0m22:06:56.181736 [debug] [MainThread]: Opening a new connection, currently in state closed
[0m22:06:56.182719 [debug] [MainThread]: Connection 'master' was properly closed.
[0m22:06:56.183035 [debug] [MainThread]: Connection 'model.stock_analysis.dim_info' was properly closed.
[0m22:06:56.183263 [info ] [MainThread]: 
[0m22:06:56.183565 [info ] [MainThread]: Finished running 1 table model in 0 hours 0 minutes and 11.64 seconds (11.64s).
[0m22:06:56.184173 [debug] [MainThread]: Command end result
[0m22:06:56.372015 [debug] [MainThread]: Wrote artifact WritableManifest to /home/norman/NTU-Project-Data-Science-AI_Norman/NTU-Project-Data-Science-AI/TA_undervalue_stock/target/manifest.json
[0m22:06:56.373498 [debug] [MainThread]: Wrote artifact SemanticManifest to /home/norman/NTU-Project-Data-Science-AI_Norman/NTU-Project-Data-Science-AI/TA_undervalue_stock/target/semantic_manifest.json
[0m22:06:56.378062 [debug] [MainThread]: Wrote artifact RunExecutionResult to /home/norman/NTU-Project-Data-Science-AI_Norman/NTU-Project-Data-Science-AI/TA_undervalue_stock/target/run_results.json
[0m22:06:56.378432 [info ] [MainThread]: 
[0m22:06:56.378778 [info ] [MainThread]: [32mCompleted successfully[0m
[0m22:06:56.379069 [info ] [MainThread]: 
[0m22:06:56.379483 [info ] [MainThread]: Done. PASS=1 WARN=0 ERROR=0 SKIP=0 TOTAL=1
[0m22:06:56.380494 [debug] [MainThread]: Resource report: {"command_name": "run", "command_success": true, "command_wall_clock_time": 14.0661335, "process_in_blocks": "0", "process_kernel_time": 0.349956, "process_mem_max_rss": "356648", "process_out_blocks": "2448", "process_user_time": 4.133372}
[0m22:06:56.380863 [debug] [MainThread]: Command `dbt run` succeeded at 22:06:56.380787 after 14.07 seconds
[0m22:06:56.381146 [debug] [MainThread]: Sending event: {'category': 'dbt', 'action': 'invocation', 'label': 'end', 'context': [<snowplow_tracker.self_describing_json.SelfDescribingJson object at 0x70ec0d3c4a00>, <snowplow_tracker.self_describing_json.SelfDescribingJson object at 0x70ec0dfbdea0>, <snowplow_tracker.self_describing_json.SelfDescribingJson object at 0x70ebd89c2ef0>]}
[0m22:06:56.381452 [debug] [MainThread]: Flushing usage events
[0m22:06:57.390632 [debug] [MainThread]: An error was encountered while trying to flush usage events
[0m22:08:07.610911 [debug] [MainThread]: Sending event: {'category': 'dbt', 'action': 'invocation', 'label': 'start', 'context': [<snowplow_tracker.self_describing_json.SelfDescribingJson object at 0x7980a9e8ca00>, <snowplow_tracker.self_describing_json.SelfDescribingJson object at 0x7980a9009ff0>, <snowplow_tracker.self_describing_json.SelfDescribingJson object at 0x7980a9009f90>]}


============================== 22:08:07.613163 | fc4291b1-e22b-4676-8456-a6aad30cde43 ==============================
[0m22:08:07.613163 [info ] [MainThread]: Running with dbt=1.9.8
[0m22:08:07.613588 [debug] [MainThread]: running dbt with arguments {'printer_width': '80', 'indirect_selection': 'eager', 'log_cache_events': 'False', 'write_json': 'True', 'partial_parse': 'True', 'cache_selected_only': 'False', 'warn_error': 'None', 'fail_fast': 'False', 'version_check': 'True', 'log_path': '/home/norman/NTU-Project-Data-Science-AI_Norman/NTU-Project-Data-Science-AI/TA_undervalue_stock/logs', 'debug': 'False', 'profiles_dir': '/home/norman/NTU-Project-Data-Science-AI_Norman/NTU-Project-Data-Science-AI/TA_undervalue_stock', 'use_colors': 'True', 'use_experimental_parser': 'False', 'empty': 'None', 'quiet': 'False', 'no_print': 'None', 'log_format': 'default', 'introspect': 'True', 'invocation_command': 'dbt test', 'warn_error_options': 'WarnErrorOptions(include=[], exclude=[])', 'target_path': 'None', 'static_parser': 'True', 'send_anonymous_usage_stats': 'True'}
[0m22:08:09.672377 [debug] [MainThread]: Sending event: {'category': 'dbt', 'action': 'project_id', 'label': 'fc4291b1-e22b-4676-8456-a6aad30cde43', 'context': [<snowplow_tracker.self_describing_json.SelfDescribingJson object at 0x7980a919f8e0>]}
[0m22:08:09.721748 [debug] [MainThread]: Sending event: {'category': 'dbt', 'action': 'adapter_info', 'label': 'fc4291b1-e22b-4676-8456-a6aad30cde43', 'context': [<snowplow_tracker.self_describing_json.SelfDescribingJson object at 0x7980a900b460>]}
[0m22:08:09.722410 [info ] [MainThread]: Registered adapter: bigquery=1.9.2
[0m22:08:09.867179 [debug] [MainThread]: checksum: 2898e47e730fa32147e5ae95c02f42c1d51b8fd2b81922b9b731f0208caf4dff, vars: {}, profile: , target: , version: 1.9.8
[0m22:08:09.965370 [debug] [MainThread]: Partial parsing enabled: 0 files deleted, 0 files added, 0 files changed.
[0m22:08:09.965808 [debug] [MainThread]: Partial parsing enabled, no changes found, skipping parsing
[0m22:08:10.007936 [debug] [MainThread]: Sending event: {'category': 'dbt', 'action': 'load_project', 'label': 'fc4291b1-e22b-4676-8456-a6aad30cde43', 'context': [<snowplow_tracker.self_describing_json.SelfDescribingJson object at 0x7980755a05b0>]}
[0m22:08:10.085117 [debug] [MainThread]: Wrote artifact WritableManifest to /home/norman/NTU-Project-Data-Science-AI_Norman/NTU-Project-Data-Science-AI/TA_undervalue_stock/target/manifest.json
[0m22:08:10.086672 [debug] [MainThread]: Wrote artifact SemanticManifest to /home/norman/NTU-Project-Data-Science-AI_Norman/NTU-Project-Data-Science-AI/TA_undervalue_stock/target/semantic_manifest.json
[0m22:08:10.109462 [debug] [MainThread]: Sending event: {'category': 'dbt', 'action': 'resource_counts', 'label': 'fc4291b1-e22b-4676-8456-a6aad30cde43', 'context': [<snowplow_tracker.self_describing_json.SelfDescribingJson object at 0x79807551a680>]}
[0m22:08:10.109974 [info ] [MainThread]: Found 3 models, 32 data tests, 4 sources, 493 macros
[0m22:08:10.110337 [debug] [MainThread]: Sending event: {'category': 'dbt', 'action': 'runnable_timing', 'label': 'fc4291b1-e22b-4676-8456-a6aad30cde43', 'context': [<snowplow_tracker.self_describing_json.SelfDescribingJson object at 0x79807551a560>]}
[0m22:08:10.113245 [info ] [MainThread]: 
[0m22:08:10.113768 [info ] [MainThread]: Concurrency: 1 threads (target='dev')
[0m22:08:10.114085 [info ] [MainThread]: 
[0m22:08:10.114641 [debug] [MainThread]: Acquiring new bigquery connection 'master'
[0m22:08:10.119292 [debug] [ThreadPool]: Acquiring new bigquery connection 'list_deft-beacon-354008_stock_analysis'
[0m22:08:10.119883 [debug] [ThreadPool]: Opening a new connection, currently in state init
[0m22:08:11.199356 [debug] [MainThread]: Sending event: {'category': 'dbt', 'action': 'runnable_timing', 'label': 'fc4291b1-e22b-4676-8456-a6aad30cde43', 'context': [<snowplow_tracker.self_describing_json.SelfDescribingJson object at 0x7980a9010310>]}
[0m22:08:11.199805 [debug] [MainThread]: Opening a new connection, currently in state init
[0m22:08:11.202291 [debug] [Thread-1 (]: Began running node test.stock_analysis.dbt_expectations_expect_column_values_to_be_of_type_dim_date_date__date.3e342b7762
[0m22:08:11.202651 [info ] [Thread-1 (]: 1 of 32 START test dbt_expectations_expect_column_values_to_be_of_type_dim_date_date__date  [RUN]
[0m22:08:11.203065 [debug] [Thread-1 (]: Re-using an available connection from the pool (formerly list_deft-beacon-354008_stock_analysis, now test.stock_analysis.dbt_expectations_expect_column_values_to_be_of_type_dim_date_date__date.3e342b7762)
[0m22:08:11.203353 [debug] [Thread-1 (]: Began compiling node test.stock_analysis.dbt_expectations_expect_column_values_to_be_of_type_dim_date_date__date.3e342b7762
[0m22:08:11.219026 [debug] [Thread-1 (]: Opening a new connection, currently in state closed
[0m22:08:11.222422 [debug] [Thread-1 (]: Compilation Error in test dbt_expectations_expect_column_values_to_be_of_type_dim_date_date__date (models/schema.yml)
  'dbt_expectations' is undefined. This can happen when calling a macro that does not exist. Check for typos and/or install package dependencies with "dbt deps".
[0m22:08:11.223038 [error] [Thread-1 (]: 1 of 32 ERROR dbt_expectations_expect_column_values_to_be_of_type_dim_date_date__date  [[31mERROR[0m in 0.02s]
[0m22:08:11.223625 [debug] [Thread-1 (]: Finished running node test.stock_analysis.dbt_expectations_expect_column_values_to_be_of_type_dim_date_date__date.3e342b7762
[0m22:08:11.224053 [debug] [Thread-1 (]: Began running node test.stock_analysis.dbt_expectations_expect_column_values_to_be_of_type_dim_info_company_description__string.2e904d13e7
[0m22:08:11.224419 [debug] [Thread-4 (]: Marking all children of 'test.stock_analysis.dbt_expectations_expect_column_values_to_be_of_type_dim_date_date__date.3e342b7762' to be skipped because of status 'error'.  Reason: Compilation Error in test dbt_expectations_expect_column_values_to_be_of_type_dim_date_date__date (models/schema.yml)
  'dbt_expectations' is undefined. This can happen when calling a macro that does not exist. Check for typos and/or install package dependencies with "dbt deps"..
[0m22:08:11.224722 [info ] [Thread-1 (]: 2 of 32 START test dbt_expectations_expect_column_values_to_be_of_type_dim_info_company_description__string  [RUN]
[0m22:08:11.225586 [debug] [Thread-1 (]: Re-using an available connection from the pool (formerly test.stock_analysis.dbt_expectations_expect_column_values_to_be_of_type_dim_date_date__date.3e342b7762, now test.stock_analysis.dbt_expectations_expect_column_values_to_be_of_type_dim_info_company_description__string.2e904d13e7)
[0m22:08:11.225855 [debug] [Thread-1 (]: Began compiling node test.stock_analysis.dbt_expectations_expect_column_values_to_be_of_type_dim_info_company_description__string.2e904d13e7
[0m22:08:11.229885 [debug] [Thread-1 (]: Opening a new connection, currently in state closed
[0m22:08:11.230694 [debug] [Thread-1 (]: Compilation Error in test dbt_expectations_expect_column_values_to_be_of_type_dim_info_company_description__string (models/schema.yml)
  'dbt_expectations' is undefined. This can happen when calling a macro that does not exist. Check for typos and/or install package dependencies with "dbt deps".
[0m22:08:11.231063 [error] [Thread-1 (]: 2 of 32 ERROR dbt_expectations_expect_column_values_to_be_of_type_dim_info_company_description__string  [[31mERROR[0m in 0.01s]
[0m22:08:11.231455 [debug] [Thread-1 (]: Finished running node test.stock_analysis.dbt_expectations_expect_column_values_to_be_of_type_dim_info_company_description__string.2e904d13e7
[0m22:08:11.231719 [debug] [Thread-1 (]: Began running node test.stock_analysis.dbt_expectations_expect_column_values_to_be_of_type_dim_info_company_name__string.2df5a03834
[0m22:08:11.232063 [debug] [Thread-4 (]: Marking all children of 'test.stock_analysis.dbt_expectations_expect_column_values_to_be_of_type_dim_info_company_description__string.2e904d13e7' to be skipped because of status 'error'.  Reason: Compilation Error in test dbt_expectations_expect_column_values_to_be_of_type_dim_info_company_description__string (models/schema.yml)
  'dbt_expectations' is undefined. This can happen when calling a macro that does not exist. Check for typos and/or install package dependencies with "dbt deps"..
[0m22:08:11.232427 [info ] [Thread-1 (]: 3 of 32 START test dbt_expectations_expect_column_values_to_be_of_type_dim_info_company_name__string  [RUN]
[0m22:08:11.232987 [debug] [Thread-1 (]: Re-using an available connection from the pool (formerly test.stock_analysis.dbt_expectations_expect_column_values_to_be_of_type_dim_info_company_description__string.2e904d13e7, now test.stock_analysis.dbt_expectations_expect_column_values_to_be_of_type_dim_info_company_name__string.2df5a03834)
[0m22:08:11.233260 [debug] [Thread-1 (]: Began compiling node test.stock_analysis.dbt_expectations_expect_column_values_to_be_of_type_dim_info_company_name__string.2df5a03834
[0m22:08:11.363159 [debug] [Thread-1 (]: Opening a new connection, currently in state closed
[0m22:08:11.364754 [debug] [Thread-1 (]: Compilation Error in test dbt_expectations_expect_column_values_to_be_of_type_dim_info_company_name__string (models/schema.yml)
  'dbt_expectations' is undefined. This can happen when calling a macro that does not exist. Check for typos and/or install package dependencies with "dbt deps".
[0m22:08:11.365397 [error] [Thread-1 (]: 3 of 32 ERROR dbt_expectations_expect_column_values_to_be_of_type_dim_info_company_name__string  [[31mERROR[0m in 0.13s]
[0m22:08:11.366009 [debug] [Thread-1 (]: Finished running node test.stock_analysis.dbt_expectations_expect_column_values_to_be_of_type_dim_info_company_name__string.2df5a03834
[0m22:08:11.366402 [debug] [Thread-1 (]: Began running node test.stock_analysis.dbt_expectations_expect_column_values_to_be_of_type_dim_info_country__string.d3a9d9bc0e
[0m22:08:11.366785 [debug] [Thread-4 (]: Marking all children of 'test.stock_analysis.dbt_expectations_expect_column_values_to_be_of_type_dim_info_company_name__string.2df5a03834' to be skipped because of status 'error'.  Reason: Compilation Error in test dbt_expectations_expect_column_values_to_be_of_type_dim_info_company_name__string (models/schema.yml)
  'dbt_expectations' is undefined. This can happen when calling a macro that does not exist. Check for typos and/or install package dependencies with "dbt deps"..
[0m22:08:11.367182 [info ] [Thread-1 (]: 4 of 32 START test dbt_expectations_expect_column_values_to_be_of_type_dim_info_country__string  [RUN]
[0m22:08:11.367818 [debug] [Thread-1 (]: Re-using an available connection from the pool (formerly test.stock_analysis.dbt_expectations_expect_column_values_to_be_of_type_dim_info_company_name__string.2df5a03834, now test.stock_analysis.dbt_expectations_expect_column_values_to_be_of_type_dim_info_country__string.d3a9d9bc0e)
[0m22:08:11.368226 [debug] [Thread-1 (]: Began compiling node test.stock_analysis.dbt_expectations_expect_column_values_to_be_of_type_dim_info_country__string.d3a9d9bc0e
[0m22:08:11.372038 [debug] [Thread-1 (]: Opening a new connection, currently in state closed
[0m22:08:11.372976 [debug] [Thread-1 (]: Compilation Error in test dbt_expectations_expect_column_values_to_be_of_type_dim_info_country__string (models/schema.yml)
  'dbt_expectations' is undefined. This can happen when calling a macro that does not exist. Check for typos and/or install package dependencies with "dbt deps".
[0m22:08:11.373398 [error] [Thread-1 (]: 4 of 32 ERROR dbt_expectations_expect_column_values_to_be_of_type_dim_info_country__string  [[31mERROR[0m in 0.01s]
[0m22:08:11.373807 [debug] [Thread-1 (]: Finished running node test.stock_analysis.dbt_expectations_expect_column_values_to_be_of_type_dim_info_country__string.d3a9d9bc0e
[0m22:08:11.374090 [debug] [Thread-1 (]: Began running node test.stock_analysis.dbt_expectations_expect_column_values_to_be_of_type_dim_info_industry__string.09eb0f8323
[0m22:08:11.374417 [debug] [Thread-4 (]: Marking all children of 'test.stock_analysis.dbt_expectations_expect_column_values_to_be_of_type_dim_info_country__string.d3a9d9bc0e' to be skipped because of status 'error'.  Reason: Compilation Error in test dbt_expectations_expect_column_values_to_be_of_type_dim_info_country__string (models/schema.yml)
  'dbt_expectations' is undefined. This can happen when calling a macro that does not exist. Check for typos and/or install package dependencies with "dbt deps"..
[0m22:08:11.374704 [info ] [Thread-1 (]: 5 of 32 START test dbt_expectations_expect_column_values_to_be_of_type_dim_info_industry__string  [RUN]
[0m22:08:11.375289 [debug] [Thread-1 (]: Re-using an available connection from the pool (formerly test.stock_analysis.dbt_expectations_expect_column_values_to_be_of_type_dim_info_country__string.d3a9d9bc0e, now test.stock_analysis.dbt_expectations_expect_column_values_to_be_of_type_dim_info_industry__string.09eb0f8323)
[0m22:08:11.375581 [debug] [Thread-1 (]: Began compiling node test.stock_analysis.dbt_expectations_expect_column_values_to_be_of_type_dim_info_industry__string.09eb0f8323
[0m22:08:11.378687 [debug] [Thread-1 (]: Opening a new connection, currently in state closed
[0m22:08:11.379555 [debug] [Thread-1 (]: Compilation Error in test dbt_expectations_expect_column_values_to_be_of_type_dim_info_industry__string (models/schema.yml)
  'dbt_expectations' is undefined. This can happen when calling a macro that does not exist. Check for typos and/or install package dependencies with "dbt deps".
[0m22:08:11.379956 [error] [Thread-1 (]: 5 of 32 ERROR dbt_expectations_expect_column_values_to_be_of_type_dim_info_industry__string  [[31mERROR[0m in 0.00s]
[0m22:08:11.380331 [debug] [Thread-1 (]: Finished running node test.stock_analysis.dbt_expectations_expect_column_values_to_be_of_type_dim_info_industry__string.09eb0f8323
[0m22:08:11.380600 [debug] [Thread-1 (]: Began running node test.stock_analysis.dbt_expectations_expect_column_values_to_be_of_type_dim_info_sector__string.a5b417cd50
[0m22:08:11.380896 [debug] [Thread-4 (]: Marking all children of 'test.stock_analysis.dbt_expectations_expect_column_values_to_be_of_type_dim_info_industry__string.09eb0f8323' to be skipped because of status 'error'.  Reason: Compilation Error in test dbt_expectations_expect_column_values_to_be_of_type_dim_info_industry__string (models/schema.yml)
  'dbt_expectations' is undefined. This can happen when calling a macro that does not exist. Check for typos and/or install package dependencies with "dbt deps"..
[0m22:08:11.381235 [info ] [Thread-1 (]: 6 of 32 START test dbt_expectations_expect_column_values_to_be_of_type_dim_info_sector__string  [RUN]
[0m22:08:11.381707 [debug] [Thread-1 (]: Re-using an available connection from the pool (formerly test.stock_analysis.dbt_expectations_expect_column_values_to_be_of_type_dim_info_industry__string.09eb0f8323, now test.stock_analysis.dbt_expectations_expect_column_values_to_be_of_type_dim_info_sector__string.a5b417cd50)
[0m22:08:11.381965 [debug] [Thread-1 (]: Began compiling node test.stock_analysis.dbt_expectations_expect_column_values_to_be_of_type_dim_info_sector__string.a5b417cd50
[0m22:08:11.385130 [debug] [Thread-1 (]: Opening a new connection, currently in state closed
[0m22:08:11.385948 [debug] [Thread-1 (]: Compilation Error in test dbt_expectations_expect_column_values_to_be_of_type_dim_info_sector__string (models/schema.yml)
  'dbt_expectations' is undefined. This can happen when calling a macro that does not exist. Check for typos and/or install package dependencies with "dbt deps".
[0m22:08:11.386333 [error] [Thread-1 (]: 6 of 32 ERROR dbt_expectations_expect_column_values_to_be_of_type_dim_info_sector__string  [[31mERROR[0m in 0.00s]
[0m22:08:11.386757 [debug] [Thread-1 (]: Finished running node test.stock_analysis.dbt_expectations_expect_column_values_to_be_of_type_dim_info_sector__string.a5b417cd50
[0m22:08:11.387152 [debug] [Thread-1 (]: Began running node test.stock_analysis.dbt_expectations_expect_column_values_to_be_of_type_dim_info_ticker_symbol__string.181d649e38
[0m22:08:11.387448 [debug] [Thread-4 (]: Marking all children of 'test.stock_analysis.dbt_expectations_expect_column_values_to_be_of_type_dim_info_sector__string.a5b417cd50' to be skipped because of status 'error'.  Reason: Compilation Error in test dbt_expectations_expect_column_values_to_be_of_type_dim_info_sector__string (models/schema.yml)
  'dbt_expectations' is undefined. This can happen when calling a macro that does not exist. Check for typos and/or install package dependencies with "dbt deps"..
[0m22:08:11.387900 [info ] [Thread-1 (]: 7 of 32 START test dbt_expectations_expect_column_values_to_be_of_type_dim_info_ticker_symbol__string  [RUN]
[0m22:08:11.388736 [debug] [Thread-1 (]: Re-using an available connection from the pool (formerly test.stock_analysis.dbt_expectations_expect_column_values_to_be_of_type_dim_info_sector__string.a5b417cd50, now test.stock_analysis.dbt_expectations_expect_column_values_to_be_of_type_dim_info_ticker_symbol__string.181d649e38)
[0m22:08:11.389030 [debug] [Thread-1 (]: Began compiling node test.stock_analysis.dbt_expectations_expect_column_values_to_be_of_type_dim_info_ticker_symbol__string.181d649e38
[0m22:08:11.392267 [debug] [Thread-1 (]: Opening a new connection, currently in state closed
[0m22:08:11.393114 [debug] [Thread-1 (]: Compilation Error in test dbt_expectations_expect_column_values_to_be_of_type_dim_info_ticker_symbol__string (models/schema.yml)
  'dbt_expectations' is undefined. This can happen when calling a macro that does not exist. Check for typos and/or install package dependencies with "dbt deps".
[0m22:08:11.393526 [error] [Thread-1 (]: 7 of 32 ERROR dbt_expectations_expect_column_values_to_be_of_type_dim_info_ticker_symbol__string  [[31mERROR[0m in 0.00s]
[0m22:08:11.393912 [debug] [Thread-1 (]: Finished running node test.stock_analysis.dbt_expectations_expect_column_values_to_be_of_type_dim_info_ticker_symbol__string.181d649e38
[0m22:08:11.394209 [debug] [Thread-1 (]: Began running node test.stock_analysis.dbt_expectations_expect_column_values_to_be_of_type_fact_security_date__date.b3a187ffd7
[0m22:08:11.394520 [debug] [Thread-4 (]: Marking all children of 'test.stock_analysis.dbt_expectations_expect_column_values_to_be_of_type_dim_info_ticker_symbol__string.181d649e38' to be skipped because of status 'error'.  Reason: Compilation Error in test dbt_expectations_expect_column_values_to_be_of_type_dim_info_ticker_symbol__string (models/schema.yml)
  'dbt_expectations' is undefined. This can happen when calling a macro that does not exist. Check for typos and/or install package dependencies with "dbt deps"..
[0m22:08:11.394858 [info ] [Thread-1 (]: 8 of 32 START test dbt_expectations_expect_column_values_to_be_of_type_fact_security_date__date  [RUN]
[0m22:08:11.395464 [debug] [Thread-1 (]: Re-using an available connection from the pool (formerly test.stock_analysis.dbt_expectations_expect_column_values_to_be_of_type_dim_info_ticker_symbol__string.181d649e38, now test.stock_analysis.dbt_expectations_expect_column_values_to_be_of_type_fact_security_date__date.b3a187ffd7)
[0m22:08:11.395745 [debug] [Thread-1 (]: Began compiling node test.stock_analysis.dbt_expectations_expect_column_values_to_be_of_type_fact_security_date__date.b3a187ffd7
[0m22:08:11.399840 [debug] [Thread-1 (]: Opening a new connection, currently in state closed
[0m22:08:11.400675 [debug] [Thread-1 (]: Compilation Error in test dbt_expectations_expect_column_values_to_be_of_type_fact_security_date__date (models/schema.yml)
  'dbt_expectations' is undefined. This can happen when calling a macro that does not exist. Check for typos and/or install package dependencies with "dbt deps".
[0m22:08:11.401153 [error] [Thread-1 (]: 8 of 32 ERROR dbt_expectations_expect_column_values_to_be_of_type_fact_security_date__date  [[31mERROR[0m in 0.01s]
[0m22:08:11.401575 [debug] [Thread-1 (]: Finished running node test.stock_analysis.dbt_expectations_expect_column_values_to_be_of_type_fact_security_date__date.b3a187ffd7
[0m22:08:11.401900 [debug] [Thread-1 (]: Began running node test.stock_analysis.dbt_expectations_expect_column_values_to_be_of_type_fact_security_ticker_symbol__string.10e14d8854
[0m22:08:11.402263 [debug] [Thread-4 (]: Marking all children of 'test.stock_analysis.dbt_expectations_expect_column_values_to_be_of_type_fact_security_date__date.b3a187ffd7' to be skipped because of status 'error'.  Reason: Compilation Error in test dbt_expectations_expect_column_values_to_be_of_type_fact_security_date__date (models/schema.yml)
  'dbt_expectations' is undefined. This can happen when calling a macro that does not exist. Check for typos and/or install package dependencies with "dbt deps"..
[0m22:08:11.402596 [info ] [Thread-1 (]: 9 of 32 START test dbt_expectations_expect_column_values_to_be_of_type_fact_security_ticker_symbol__string  [RUN]
[0m22:08:11.403306 [debug] [Thread-1 (]: Re-using an available connection from the pool (formerly test.stock_analysis.dbt_expectations_expect_column_values_to_be_of_type_fact_security_date__date.b3a187ffd7, now test.stock_analysis.dbt_expectations_expect_column_values_to_be_of_type_fact_security_ticker_symbol__string.10e14d8854)
[0m22:08:11.403588 [debug] [Thread-1 (]: Began compiling node test.stock_analysis.dbt_expectations_expect_column_values_to_be_of_type_fact_security_ticker_symbol__string.10e14d8854
[0m22:08:11.406878 [debug] [Thread-1 (]: Opening a new connection, currently in state closed
[0m22:08:11.407874 [debug] [Thread-1 (]: Compilation Error in test dbt_expectations_expect_column_values_to_be_of_type_fact_security_ticker_symbol__string (models/schema.yml)
  'dbt_expectations' is undefined. This can happen when calling a macro that does not exist. Check for typos and/or install package dependencies with "dbt deps".
[0m22:08:11.408292 [error] [Thread-1 (]: 9 of 32 ERROR dbt_expectations_expect_column_values_to_be_of_type_fact_security_ticker_symbol__string  [[31mERROR[0m in 0.01s]
[0m22:08:11.408701 [debug] [Thread-1 (]: Finished running node test.stock_analysis.dbt_expectations_expect_column_values_to_be_of_type_fact_security_ticker_symbol__string.10e14d8854
[0m22:08:11.408993 [debug] [Thread-1 (]: Began running node test.stock_analysis.dbt_expectations_expect_compound_columns_to_be_unique_fact_security_ticker_symbol__date.3d581a7b20
[0m22:08:11.409370 [debug] [Thread-4 (]: Marking all children of 'test.stock_analysis.dbt_expectations_expect_column_values_to_be_of_type_fact_security_ticker_symbol__string.10e14d8854' to be skipped because of status 'error'.  Reason: Compilation Error in test dbt_expectations_expect_column_values_to_be_of_type_fact_security_ticker_symbol__string (models/schema.yml)
  'dbt_expectations' is undefined. This can happen when calling a macro that does not exist. Check for typos and/or install package dependencies with "dbt deps"..
[0m22:08:11.409649 [info ] [Thread-1 (]: 10 of 32 START test dbt_expectations_expect_compound_columns_to_be_unique_fact_security_ticker_symbol__date  [RUN]
[0m22:08:11.410152 [debug] [Thread-1 (]: Re-using an available connection from the pool (formerly test.stock_analysis.dbt_expectations_expect_column_values_to_be_of_type_fact_security_ticker_symbol__string.10e14d8854, now test.stock_analysis.dbt_expectations_expect_compound_columns_to_be_unique_fact_security_ticker_symbol__date.3d581a7b20)
[0m22:08:11.410417 [debug] [Thread-1 (]: Began compiling node test.stock_analysis.dbt_expectations_expect_compound_columns_to_be_unique_fact_security_ticker_symbol__date.3d581a7b20
[0m22:08:11.413973 [debug] [Thread-1 (]: Opening a new connection, currently in state closed
[0m22:08:11.414807 [debug] [Thread-1 (]: Compilation Error in test dbt_expectations_expect_compound_columns_to_be_unique_fact_security_ticker_symbol__date (models/schema.yml)
  'dbt_expectations' is undefined. This can happen when calling a macro that does not exist. Check for typos and/or install package dependencies with "dbt deps".
[0m22:08:11.415265 [error] [Thread-1 (]: 10 of 32 ERROR dbt_expectations_expect_compound_columns_to_be_unique_fact_security_ticker_symbol__date  [[31mERROR[0m in 0.01s]
[0m22:08:11.415659 [debug] [Thread-1 (]: Finished running node test.stock_analysis.dbt_expectations_expect_compound_columns_to_be_unique_fact_security_ticker_symbol__date.3d581a7b20
[0m22:08:11.415942 [debug] [Thread-1 (]: Began running node test.stock_analysis.dbt_utils_accepted_range_dim_date_date__CURRENT_DATE_.4c0002697f
[0m22:08:11.416257 [debug] [Thread-4 (]: Marking all children of 'test.stock_analysis.dbt_expectations_expect_compound_columns_to_be_unique_fact_security_ticker_symbol__date.3d581a7b20' to be skipped because of status 'error'.  Reason: Compilation Error in test dbt_expectations_expect_compound_columns_to_be_unique_fact_security_ticker_symbol__date (models/schema.yml)
  'dbt_expectations' is undefined. This can happen when calling a macro that does not exist. Check for typos and/or install package dependencies with "dbt deps"..
[0m22:08:11.416536 [info ] [Thread-1 (]: 11 of 32 START test dbt_utils_accepted_range_dim_date_date__CURRENT_DATE_ ...... [RUN]
[0m22:08:11.417161 [debug] [Thread-1 (]: Re-using an available connection from the pool (formerly test.stock_analysis.dbt_expectations_expect_compound_columns_to_be_unique_fact_security_ticker_symbol__date.3d581a7b20, now test.stock_analysis.dbt_utils_accepted_range_dim_date_date__CURRENT_DATE_.4c0002697f)
[0m22:08:11.417406 [debug] [Thread-1 (]: Began compiling node test.stock_analysis.dbt_utils_accepted_range_dim_date_date__CURRENT_DATE_.4c0002697f
[0m22:08:11.420819 [debug] [Thread-1 (]: Opening a new connection, currently in state closed
[0m22:08:11.421640 [debug] [Thread-1 (]: Compilation Error in test dbt_utils_accepted_range_dim_date_date__CURRENT_DATE_ (models/schema.yml)
  'dbt_utils' is undefined. This can happen when calling a macro that does not exist. Check for typos and/or install package dependencies with "dbt deps".
[0m22:08:11.422037 [error] [Thread-1 (]: 11 of 32 ERROR dbt_utils_accepted_range_dim_date_date__CURRENT_DATE_ ........... [[31mERROR[0m in 0.00s]
[0m22:08:11.422437 [debug] [Thread-1 (]: Finished running node test.stock_analysis.dbt_utils_accepted_range_dim_date_date__CURRENT_DATE_.4c0002697f
[0m22:08:11.422785 [debug] [Thread-1 (]: Began running node test.stock_analysis.dbt_utils_accepted_range_fact_security_date__CURRENT_DATE_.5160189aae
[0m22:08:11.424077 [debug] [Thread-4 (]: Marking all children of 'test.stock_analysis.dbt_utils_accepted_range_dim_date_date__CURRENT_DATE_.4c0002697f' to be skipped because of status 'error'.  Reason: Compilation Error in test dbt_utils_accepted_range_dim_date_date__CURRENT_DATE_ (models/schema.yml)
  'dbt_utils' is undefined. This can happen when calling a macro that does not exist. Check for typos and/or install package dependencies with "dbt deps"..
[0m22:08:11.423743 [info ] [Thread-1 (]: 12 of 32 START test dbt_utils_accepted_range_fact_security_date__CURRENT_DATE_ . [RUN]
[0m22:08:11.424911 [debug] [Thread-1 (]: Re-using an available connection from the pool (formerly test.stock_analysis.dbt_utils_accepted_range_dim_date_date__CURRENT_DATE_.4c0002697f, now test.stock_analysis.dbt_utils_accepted_range_fact_security_date__CURRENT_DATE_.5160189aae)
[0m22:08:11.425611 [debug] [Thread-1 (]: Began compiling node test.stock_analysis.dbt_utils_accepted_range_fact_security_date__CURRENT_DATE_.5160189aae
[0m22:08:11.429349 [debug] [Thread-1 (]: Opening a new connection, currently in state closed
[0m22:08:11.430242 [debug] [Thread-1 (]: Compilation Error in test dbt_utils_accepted_range_fact_security_date__CURRENT_DATE_ (models/schema.yml)
  'dbt_utils' is undefined. This can happen when calling a macro that does not exist. Check for typos and/or install package dependencies with "dbt deps".
[0m22:08:11.430647 [error] [Thread-1 (]: 12 of 32 ERROR dbt_utils_accepted_range_fact_security_date__CURRENT_DATE_ ...... [[31mERROR[0m in 0.01s]
[0m22:08:11.431075 [debug] [Thread-1 (]: Finished running node test.stock_analysis.dbt_utils_accepted_range_fact_security_date__CURRENT_DATE_.5160189aae
[0m22:08:11.431358 [debug] [Thread-1 (]: Began running node test.stock_analysis.not_null_dim_date_date.78f11e7735
[0m22:08:11.431696 [debug] [Thread-4 (]: Marking all children of 'test.stock_analysis.dbt_utils_accepted_range_fact_security_date__CURRENT_DATE_.5160189aae' to be skipped because of status 'error'.  Reason: Compilation Error in test dbt_utils_accepted_range_fact_security_date__CURRENT_DATE_ (models/schema.yml)
  'dbt_utils' is undefined. This can happen when calling a macro that does not exist. Check for typos and/or install package dependencies with "dbt deps"..
[0m22:08:11.432077 [info ] [Thread-1 (]: 13 of 32 START test not_null_dim_date_date ..................................... [RUN]
[0m22:08:11.432787 [debug] [Thread-1 (]: Re-using an available connection from the pool (formerly test.stock_analysis.dbt_utils_accepted_range_fact_security_date__CURRENT_DATE_.5160189aae, now test.stock_analysis.not_null_dim_date_date.78f11e7735)
[0m22:08:11.433038 [debug] [Thread-1 (]: Began compiling node test.stock_analysis.not_null_dim_date_date.78f11e7735
[0m22:08:11.438970 [debug] [Thread-1 (]: Writing injected SQL for node "test.stock_analysis.not_null_dim_date_date.78f11e7735"
[0m22:08:11.439823 [debug] [Thread-1 (]: Began executing node test.stock_analysis.not_null_dim_date_date.78f11e7735
[0m22:08:11.455749 [debug] [Thread-1 (]: Writing runtime sql for node "test.stock_analysis.not_null_dim_date_date.78f11e7735"
[0m22:08:11.461628 [debug] [Thread-1 (]: On test.stock_analysis.not_null_dim_date_date.78f11e7735: /* {"app": "dbt", "dbt_version": "1.9.8", "profile_name": "stock_analysis", "target_name": "dev", "node_id": "test.stock_analysis.not_null_dim_date_date.78f11e7735"} */

    select
      count(*) as failures,
      count(*) != 0 as should_warn,
      count(*) != 0 as should_error
    from (
      
    
  
    
    



select date
from `deft-beacon-354008`.`stock_analysis`.`dim_date`
where date is null



  
  
      
    ) dbt_internal_test
[0m22:08:11.462120 [debug] [Thread-1 (]: Opening a new connection, currently in state closed
[0m22:08:12.319607 [debug] [Thread-1 (]: BigQuery adapter: https://console.cloud.google.com/bigquery?project=deft-beacon-354008&j=bq:US:677cfe52-cf05-4c3f-9dab-1f99834f45fa&page=queryresults
[0m22:08:13.343428 [info ] [Thread-1 (]: 13 of 32 PASS not_null_dim_date_date ........................................... [[32mPASS[0m in 1.91s]
[0m22:08:13.345009 [debug] [Thread-1 (]: Finished running node test.stock_analysis.not_null_dim_date_date.78f11e7735
[0m22:08:13.345703 [debug] [Thread-1 (]: Began running node test.stock_analysis.not_null_dim_info_company_description.31c8e4c81f
[0m22:08:13.346058 [info ] [Thread-1 (]: 14 of 32 START test not_null_dim_info_company_description ...................... [RUN]
[0m22:08:13.346729 [debug] [Thread-1 (]: Re-using an available connection from the pool (formerly test.stock_analysis.not_null_dim_date_date.78f11e7735, now test.stock_analysis.not_null_dim_info_company_description.31c8e4c81f)
[0m22:08:13.347052 [debug] [Thread-1 (]: Began compiling node test.stock_analysis.not_null_dim_info_company_description.31c8e4c81f
[0m22:08:13.350479 [debug] [Thread-1 (]: Writing injected SQL for node "test.stock_analysis.not_null_dim_info_company_description.31c8e4c81f"
[0m22:08:13.351279 [debug] [Thread-1 (]: Began executing node test.stock_analysis.not_null_dim_info_company_description.31c8e4c81f
[0m22:08:13.353453 [debug] [Thread-1 (]: Writing runtime sql for node "test.stock_analysis.not_null_dim_info_company_description.31c8e4c81f"
[0m22:08:13.354112 [debug] [Thread-1 (]: On test.stock_analysis.not_null_dim_info_company_description.31c8e4c81f: /* {"app": "dbt", "dbt_version": "1.9.8", "profile_name": "stock_analysis", "target_name": "dev", "node_id": "test.stock_analysis.not_null_dim_info_company_description.31c8e4c81f"} */

    select
      count(*) as failures,
      count(*) != 0 as should_warn,
      count(*) != 0 as should_error
    from (
      
    
  
    
    



select company_description
from `deft-beacon-354008`.`stock_analysis`.`dim_info`
where company_description is null



  
  
      
    ) dbt_internal_test
[0m22:08:13.354532 [debug] [Thread-1 (]: Opening a new connection, currently in state closed
[0m22:08:14.203033 [debug] [Thread-1 (]: BigQuery adapter: https://console.cloud.google.com/bigquery?project=deft-beacon-354008&j=bq:US:2422e278-878c-4b1f-892b-52074529f3e5&page=queryresults
[0m22:08:15.260314 [info ] [Thread-1 (]: 14 of 32 PASS not_null_dim_info_company_description ............................ [[32mPASS[0m in 1.91s]
[0m22:08:15.260935 [debug] [Thread-1 (]: Finished running node test.stock_analysis.not_null_dim_info_company_description.31c8e4c81f
[0m22:08:15.261292 [debug] [Thread-1 (]: Began running node test.stock_analysis.not_null_dim_info_company_name.0812575c54
[0m22:08:15.261640 [info ] [Thread-1 (]: 15 of 32 START test not_null_dim_info_company_name ............................. [RUN]
[0m22:08:15.262181 [debug] [Thread-1 (]: Re-using an available connection from the pool (formerly test.stock_analysis.not_null_dim_info_company_description.31c8e4c81f, now test.stock_analysis.not_null_dim_info_company_name.0812575c54)
[0m22:08:15.262471 [debug] [Thread-1 (]: Began compiling node test.stock_analysis.not_null_dim_info_company_name.0812575c54
[0m22:08:15.268406 [debug] [Thread-1 (]: Writing injected SQL for node "test.stock_analysis.not_null_dim_info_company_name.0812575c54"
[0m22:08:15.269105 [debug] [Thread-1 (]: Began executing node test.stock_analysis.not_null_dim_info_company_name.0812575c54
[0m22:08:15.276482 [debug] [Thread-1 (]: Writing runtime sql for node "test.stock_analysis.not_null_dim_info_company_name.0812575c54"
[0m22:08:15.277683 [debug] [Thread-1 (]: On test.stock_analysis.not_null_dim_info_company_name.0812575c54: /* {"app": "dbt", "dbt_version": "1.9.8", "profile_name": "stock_analysis", "target_name": "dev", "node_id": "test.stock_analysis.not_null_dim_info_company_name.0812575c54"} */

    select
      count(*) as failures,
      count(*) != 0 as should_warn,
      count(*) != 0 as should_error
    from (
      
    
  
    
    



select company_name
from `deft-beacon-354008`.`stock_analysis`.`dim_info`
where company_name is null



  
  
      
    ) dbt_internal_test
[0m22:08:15.278314 [debug] [Thread-1 (]: Opening a new connection, currently in state closed
[0m22:08:15.969977 [debug] [Thread-1 (]: BigQuery adapter: https://console.cloud.google.com/bigquery?project=deft-beacon-354008&j=bq:US:391ec195-1bb2-4d9a-9c35-7b4d7ad27a8c&page=queryresults
[0m22:08:16.972921 [info ] [Thread-1 (]: 15 of 32 PASS not_null_dim_info_company_name ................................... [[32mPASS[0m in 1.71s]
[0m22:08:16.973579 [debug] [Thread-1 (]: Finished running node test.stock_analysis.not_null_dim_info_company_name.0812575c54
[0m22:08:16.973922 [debug] [Thread-1 (]: Began running node test.stock_analysis.not_null_dim_info_country.3718c86547
[0m22:08:16.974272 [info ] [Thread-1 (]: 16 of 32 START test not_null_dim_info_country .................................. [RUN]
[0m22:08:16.974790 [debug] [Thread-1 (]: Re-using an available connection from the pool (formerly test.stock_analysis.not_null_dim_info_company_name.0812575c54, now test.stock_analysis.not_null_dim_info_country.3718c86547)
[0m22:08:16.975096 [debug] [Thread-1 (]: Began compiling node test.stock_analysis.not_null_dim_info_country.3718c86547
[0m22:08:16.978618 [debug] [Thread-1 (]: Writing injected SQL for node "test.stock_analysis.not_null_dim_info_country.3718c86547"
[0m22:08:16.979195 [debug] [Thread-1 (]: Began executing node test.stock_analysis.not_null_dim_info_country.3718c86547
[0m22:08:16.981297 [debug] [Thread-1 (]: Writing runtime sql for node "test.stock_analysis.not_null_dim_info_country.3718c86547"
[0m22:08:16.981846 [debug] [Thread-1 (]: On test.stock_analysis.not_null_dim_info_country.3718c86547: /* {"app": "dbt", "dbt_version": "1.9.8", "profile_name": "stock_analysis", "target_name": "dev", "node_id": "test.stock_analysis.not_null_dim_info_country.3718c86547"} */

    select
      count(*) as failures,
      count(*) != 0 as should_warn,
      count(*) != 0 as should_error
    from (
      
    
  
    
    



select country
from `deft-beacon-354008`.`stock_analysis`.`dim_info`
where country is null



  
  
      
    ) dbt_internal_test
[0m22:08:16.982184 [debug] [Thread-1 (]: Opening a new connection, currently in state closed
[0m22:08:17.707672 [debug] [Thread-1 (]: BigQuery adapter: https://console.cloud.google.com/bigquery?project=deft-beacon-354008&j=bq:US:433230da-a37a-4a8a-9721-ca7fc04bdb50&page=queryresults
[0m22:08:18.724306 [info ] [Thread-1 (]: 16 of 32 PASS not_null_dim_info_country ........................................ [[32mPASS[0m in 1.75s]
[0m22:08:18.724988 [debug] [Thread-1 (]: Finished running node test.stock_analysis.not_null_dim_info_country.3718c86547
[0m22:08:18.725349 [debug] [Thread-1 (]: Began running node test.stock_analysis.not_null_dim_info_industry.29921d8591
[0m22:08:18.725649 [info ] [Thread-1 (]: 17 of 32 START test not_null_dim_info_industry ................................. [RUN]
[0m22:08:18.726257 [debug] [Thread-1 (]: Re-using an available connection from the pool (formerly test.stock_analysis.not_null_dim_info_country.3718c86547, now test.stock_analysis.not_null_dim_info_industry.29921d8591)
[0m22:08:18.726579 [debug] [Thread-1 (]: Began compiling node test.stock_analysis.not_null_dim_info_industry.29921d8591
[0m22:08:18.729934 [debug] [Thread-1 (]: Writing injected SQL for node "test.stock_analysis.not_null_dim_info_industry.29921d8591"
[0m22:08:18.730432 [debug] [Thread-1 (]: Began executing node test.stock_analysis.not_null_dim_info_industry.29921d8591
[0m22:08:18.732150 [debug] [Thread-1 (]: Writing runtime sql for node "test.stock_analysis.not_null_dim_info_industry.29921d8591"
[0m22:08:18.732576 [debug] [Thread-1 (]: On test.stock_analysis.not_null_dim_info_industry.29921d8591: /* {"app": "dbt", "dbt_version": "1.9.8", "profile_name": "stock_analysis", "target_name": "dev", "node_id": "test.stock_analysis.not_null_dim_info_industry.29921d8591"} */

    select
      count(*) as failures,
      count(*) != 0 as should_warn,
      count(*) != 0 as should_error
    from (
      
    
  
    
    



select industry
from `deft-beacon-354008`.`stock_analysis`.`dim_info`
where industry is null



  
  
      
    ) dbt_internal_test
[0m22:08:18.732864 [debug] [Thread-1 (]: Opening a new connection, currently in state closed
[0m22:08:19.514672 [debug] [Thread-1 (]: BigQuery adapter: https://console.cloud.google.com/bigquery?project=deft-beacon-354008&j=bq:US:0bc3882c-fda9-49d4-aef9-3c6605a8ac92&page=queryresults
[0m22:08:20.520281 [info ] [Thread-1 (]: 17 of 32 PASS not_null_dim_info_industry ....................................... [[32mPASS[0m in 1.79s]
[0m22:08:20.521469 [debug] [Thread-1 (]: Finished running node test.stock_analysis.not_null_dim_info_industry.29921d8591
[0m22:08:20.521856 [debug] [Thread-1 (]: Began running node test.stock_analysis.not_null_dim_info_sector.a697a713b8
[0m22:08:20.522275 [info ] [Thread-1 (]: 18 of 32 START test not_null_dim_info_sector ................................... [RUN]
[0m22:08:20.522681 [debug] [Thread-1 (]: Re-using an available connection from the pool (formerly test.stock_analysis.not_null_dim_info_industry.29921d8591, now test.stock_analysis.not_null_dim_info_sector.a697a713b8)
[0m22:08:20.522988 [debug] [Thread-1 (]: Began compiling node test.stock_analysis.not_null_dim_info_sector.a697a713b8
[0m22:08:20.526409 [debug] [Thread-1 (]: Writing injected SQL for node "test.stock_analysis.not_null_dim_info_sector.a697a713b8"
[0m22:08:20.526989 [debug] [Thread-1 (]: Began executing node test.stock_analysis.not_null_dim_info_sector.a697a713b8
[0m22:08:20.530354 [debug] [Thread-1 (]: Writing runtime sql for node "test.stock_analysis.not_null_dim_info_sector.a697a713b8"
[0m22:08:20.530926 [debug] [Thread-1 (]: On test.stock_analysis.not_null_dim_info_sector.a697a713b8: /* {"app": "dbt", "dbt_version": "1.9.8", "profile_name": "stock_analysis", "target_name": "dev", "node_id": "test.stock_analysis.not_null_dim_info_sector.a697a713b8"} */

    select
      count(*) as failures,
      count(*) != 0 as should_warn,
      count(*) != 0 as should_error
    from (
      
    
  
    
    



select sector
from `deft-beacon-354008`.`stock_analysis`.`dim_info`
where sector is null



  
  
      
    ) dbt_internal_test
[0m22:08:20.531395 [debug] [Thread-1 (]: Opening a new connection, currently in state closed
[0m22:08:21.207949 [debug] [Thread-1 (]: BigQuery adapter: https://console.cloud.google.com/bigquery?project=deft-beacon-354008&j=bq:US:a791edc7-dad7-42f5-8a73-3e501589ac51&page=queryresults
[0m22:08:22.264736 [info ] [Thread-1 (]: 18 of 32 PASS not_null_dim_info_sector ......................................... [[32mPASS[0m in 1.74s]
[0m22:08:22.266121 [debug] [Thread-1 (]: Finished running node test.stock_analysis.not_null_dim_info_sector.a697a713b8
[0m22:08:22.266505 [debug] [Thread-1 (]: Began running node test.stock_analysis.not_null_dim_info_ticker_symbol.7b5e2646ab
[0m22:08:22.266954 [info ] [Thread-1 (]: 19 of 32 START test not_null_dim_info_ticker_symbol ............................ [RUN]
[0m22:08:22.267440 [debug] [Thread-1 (]: Re-using an available connection from the pool (formerly test.stock_analysis.not_null_dim_info_sector.a697a713b8, now test.stock_analysis.not_null_dim_info_ticker_symbol.7b5e2646ab)
[0m22:08:22.267739 [debug] [Thread-1 (]: Began compiling node test.stock_analysis.not_null_dim_info_ticker_symbol.7b5e2646ab
[0m22:08:22.271459 [debug] [Thread-1 (]: Writing injected SQL for node "test.stock_analysis.not_null_dim_info_ticker_symbol.7b5e2646ab"
[0m22:08:22.272106 [debug] [Thread-1 (]: Began executing node test.stock_analysis.not_null_dim_info_ticker_symbol.7b5e2646ab
[0m22:08:22.274124 [debug] [Thread-1 (]: Writing runtime sql for node "test.stock_analysis.not_null_dim_info_ticker_symbol.7b5e2646ab"
[0m22:08:22.274633 [debug] [Thread-1 (]: On test.stock_analysis.not_null_dim_info_ticker_symbol.7b5e2646ab: /* {"app": "dbt", "dbt_version": "1.9.8", "profile_name": "stock_analysis", "target_name": "dev", "node_id": "test.stock_analysis.not_null_dim_info_ticker_symbol.7b5e2646ab"} */

    select
      count(*) as failures,
      count(*) != 0 as should_warn,
      count(*) != 0 as should_error
    from (
      
    
  
    
    



select ticker_symbol
from `deft-beacon-354008`.`stock_analysis`.`dim_info`
where ticker_symbol is null



  
  
      
    ) dbt_internal_test
[0m22:08:22.275080 [debug] [Thread-1 (]: Opening a new connection, currently in state closed
[0m22:08:22.932666 [debug] [Thread-1 (]: BigQuery adapter: https://console.cloud.google.com/bigquery?project=deft-beacon-354008&j=bq:US:660ad9d9-4317-4900-911f-ffd2fd9896eb&page=queryresults
[0m22:08:23.998160 [info ] [Thread-1 (]: 19 of 32 PASS not_null_dim_info_ticker_symbol .................................. [[32mPASS[0m in 1.73s]
[0m22:08:23.999060 [debug] [Thread-1 (]: Finished running node test.stock_analysis.not_null_dim_info_ticker_symbol.7b5e2646ab
[0m22:08:23.999464 [debug] [Thread-1 (]: Began running node test.stock_analysis.not_null_fact_security_close_price.df4a944e5c
[0m22:08:23.999856 [info ] [Thread-1 (]: 20 of 32 START test not_null_fact_security_close_price ......................... [RUN]
[0m22:08:24.000580 [debug] [Thread-1 (]: Re-using an available connection from the pool (formerly test.stock_analysis.not_null_dim_info_ticker_symbol.7b5e2646ab, now test.stock_analysis.not_null_fact_security_close_price.df4a944e5c)
[0m22:08:24.000929 [debug] [Thread-1 (]: Began compiling node test.stock_analysis.not_null_fact_security_close_price.df4a944e5c
[0m22:08:24.004605 [debug] [Thread-1 (]: Writing injected SQL for node "test.stock_analysis.not_null_fact_security_close_price.df4a944e5c"
[0m22:08:24.005195 [debug] [Thread-1 (]: Began executing node test.stock_analysis.not_null_fact_security_close_price.df4a944e5c
[0m22:08:24.007009 [debug] [Thread-1 (]: Writing runtime sql for node "test.stock_analysis.not_null_fact_security_close_price.df4a944e5c"
[0m22:08:24.007502 [debug] [Thread-1 (]: On test.stock_analysis.not_null_fact_security_close_price.df4a944e5c: /* {"app": "dbt", "dbt_version": "1.9.8", "profile_name": "stock_analysis", "target_name": "dev", "node_id": "test.stock_analysis.not_null_fact_security_close_price.df4a944e5c"} */

    select
      count(*) as failures,
      count(*) != 0 as should_warn,
      count(*) != 0 as should_error
    from (
      
    
  
    
    



select close_price
from `deft-beacon-354008`.`stock_analysis`.`fact_security`
where close_price is null



  
  
      
    ) dbt_internal_test
[0m22:08:24.007841 [debug] [Thread-1 (]: Opening a new connection, currently in state closed
[0m22:08:24.856395 [debug] [Thread-1 (]: BigQuery adapter: https://console.cloud.google.com/bigquery?project=deft-beacon-354008&j=bq:US:b477dc7b-b92d-4ad3-afb1-967409eb066d&page=queryresults
[0m22:08:25.898086 [info ] [Thread-1 (]: 20 of 32 PASS not_null_fact_security_close_price ............................... [[32mPASS[0m in 1.90s]
[0m22:08:25.899538 [debug] [Thread-1 (]: Finished running node test.stock_analysis.not_null_fact_security_close_price.df4a944e5c
[0m22:08:25.899907 [debug] [Thread-1 (]: Began running node test.stock_analysis.not_null_fact_security_date.a5e8ef3347
[0m22:08:25.900223 [info ] [Thread-1 (]: 21 of 32 START test not_null_fact_security_date ................................ [RUN]
[0m22:08:25.900920 [debug] [Thread-1 (]: Re-using an available connection from the pool (formerly test.stock_analysis.not_null_fact_security_close_price.df4a944e5c, now test.stock_analysis.not_null_fact_security_date.a5e8ef3347)
[0m22:08:25.901275 [debug] [Thread-1 (]: Began compiling node test.stock_analysis.not_null_fact_security_date.a5e8ef3347
[0m22:08:25.904839 [debug] [Thread-1 (]: Writing injected SQL for node "test.stock_analysis.not_null_fact_security_date.a5e8ef3347"
[0m22:08:25.905401 [debug] [Thread-1 (]: Began executing node test.stock_analysis.not_null_fact_security_date.a5e8ef3347
[0m22:08:25.908697 [debug] [Thread-1 (]: Writing runtime sql for node "test.stock_analysis.not_null_fact_security_date.a5e8ef3347"
[0m22:08:25.909229 [debug] [Thread-1 (]: On test.stock_analysis.not_null_fact_security_date.a5e8ef3347: /* {"app": "dbt", "dbt_version": "1.9.8", "profile_name": "stock_analysis", "target_name": "dev", "node_id": "test.stock_analysis.not_null_fact_security_date.a5e8ef3347"} */

    select
      count(*) as failures,
      count(*) != 0 as should_warn,
      count(*) != 0 as should_error
    from (
      
    
  
    
    



select date
from `deft-beacon-354008`.`stock_analysis`.`fact_security`
where date is null



  
  
      
    ) dbt_internal_test
[0m22:08:25.909589 [debug] [Thread-1 (]: Opening a new connection, currently in state closed
[0m22:08:26.688796 [debug] [Thread-1 (]: BigQuery adapter: https://console.cloud.google.com/bigquery?project=deft-beacon-354008&j=bq:US:a19c6483-4c9b-4d36-8b02-7f37145d1974&page=queryresults
[0m22:08:27.577801 [info ] [Thread-1 (]: 21 of 32 PASS not_null_fact_security_date ...................................... [[32mPASS[0m in 1.68s]
[0m22:08:27.578465 [debug] [Thread-1 (]: Finished running node test.stock_analysis.not_null_fact_security_date.a5e8ef3347
[0m22:08:27.578814 [debug] [Thread-1 (]: Began running node test.stock_analysis.not_null_fact_security_high_price.1fc0b434f6
[0m22:08:27.579277 [info ] [Thread-1 (]: 22 of 32 START test not_null_fact_security_high_price .......................... [RUN]
[0m22:08:27.579669 [debug] [Thread-1 (]: Re-using an available connection from the pool (formerly test.stock_analysis.not_null_fact_security_date.a5e8ef3347, now test.stock_analysis.not_null_fact_security_high_price.1fc0b434f6)
[0m22:08:27.579951 [debug] [Thread-1 (]: Began compiling node test.stock_analysis.not_null_fact_security_high_price.1fc0b434f6
[0m22:08:27.583218 [debug] [Thread-1 (]: Writing injected SQL for node "test.stock_analysis.not_null_fact_security_high_price.1fc0b434f6"
[0m22:08:27.583717 [debug] [Thread-1 (]: Began executing node test.stock_analysis.not_null_fact_security_high_price.1fc0b434f6
[0m22:08:27.585477 [debug] [Thread-1 (]: Writing runtime sql for node "test.stock_analysis.not_null_fact_security_high_price.1fc0b434f6"
[0m22:08:27.585883 [debug] [Thread-1 (]: On test.stock_analysis.not_null_fact_security_high_price.1fc0b434f6: /* {"app": "dbt", "dbt_version": "1.9.8", "profile_name": "stock_analysis", "target_name": "dev", "node_id": "test.stock_analysis.not_null_fact_security_high_price.1fc0b434f6"} */

    select
      count(*) as failures,
      count(*) != 0 as should_warn,
      count(*) != 0 as should_error
    from (
      
    
  
    
    



select high_price
from `deft-beacon-354008`.`stock_analysis`.`fact_security`
where high_price is null



  
  
      
    ) dbt_internal_test
[0m22:08:27.586200 [debug] [Thread-1 (]: Opening a new connection, currently in state closed
[0m22:08:28.298560 [debug] [Thread-1 (]: BigQuery adapter: https://console.cloud.google.com/bigquery?project=deft-beacon-354008&j=bq:US:dc16137c-22dc-48bb-b3e9-21d03a516029&page=queryresults
[0m22:08:29.248400 [info ] [Thread-1 (]: 22 of 32 PASS not_null_fact_security_high_price ................................ [[32mPASS[0m in 1.67s]
[0m22:08:29.249037 [debug] [Thread-1 (]: Finished running node test.stock_analysis.not_null_fact_security_high_price.1fc0b434f6
[0m22:08:29.249356 [debug] [Thread-1 (]: Began running node test.stock_analysis.not_null_fact_security_low_price.e398ec4c75
[0m22:08:29.249793 [info ] [Thread-1 (]: 23 of 32 START test not_null_fact_security_low_price ........................... [RUN]
[0m22:08:29.250265 [debug] [Thread-1 (]: Re-using an available connection from the pool (formerly test.stock_analysis.not_null_fact_security_high_price.1fc0b434f6, now test.stock_analysis.not_null_fact_security_low_price.e398ec4c75)
[0m22:08:29.250578 [debug] [Thread-1 (]: Began compiling node test.stock_analysis.not_null_fact_security_low_price.e398ec4c75
[0m22:08:29.254081 [debug] [Thread-1 (]: Writing injected SQL for node "test.stock_analysis.not_null_fact_security_low_price.e398ec4c75"
[0m22:08:29.254661 [debug] [Thread-1 (]: Began executing node test.stock_analysis.not_null_fact_security_low_price.e398ec4c75
[0m22:08:29.256837 [debug] [Thread-1 (]: Writing runtime sql for node "test.stock_analysis.not_null_fact_security_low_price.e398ec4c75"
[0m22:08:29.257769 [debug] [Thread-1 (]: On test.stock_analysis.not_null_fact_security_low_price.e398ec4c75: /* {"app": "dbt", "dbt_version": "1.9.8", "profile_name": "stock_analysis", "target_name": "dev", "node_id": "test.stock_analysis.not_null_fact_security_low_price.e398ec4c75"} */

    select
      count(*) as failures,
      count(*) != 0 as should_warn,
      count(*) != 0 as should_error
    from (
      
    
  
    
    



select low_price
from `deft-beacon-354008`.`stock_analysis`.`fact_security`
where low_price is null



  
  
      
    ) dbt_internal_test
[0m22:08:29.258172 [debug] [Thread-1 (]: Opening a new connection, currently in state closed
[0m22:08:29.960645 [debug] [Thread-1 (]: BigQuery adapter: https://console.cloud.google.com/bigquery?project=deft-beacon-354008&j=bq:US:f396e265-e938-4cac-90ee-66e548f5c152&page=queryresults
[0m22:08:31.048332 [info ] [Thread-1 (]: 23 of 32 PASS not_null_fact_security_low_price ................................. [[32mPASS[0m in 1.80s]
[0m22:08:31.049359 [debug] [Thread-1 (]: Finished running node test.stock_analysis.not_null_fact_security_low_price.e398ec4c75
[0m22:08:31.049947 [debug] [Thread-1 (]: Began running node test.stock_analysis.not_null_fact_security_open_price.2af3f48d6c
[0m22:08:31.050533 [info ] [Thread-1 (]: 24 of 32 START test not_null_fact_security_open_price .......................... [RUN]
[0m22:08:31.050988 [debug] [Thread-1 (]: Re-using an available connection from the pool (formerly test.stock_analysis.not_null_fact_security_low_price.e398ec4c75, now test.stock_analysis.not_null_fact_security_open_price.2af3f48d6c)
[0m22:08:31.051260 [debug] [Thread-1 (]: Began compiling node test.stock_analysis.not_null_fact_security_open_price.2af3f48d6c
[0m22:08:31.054740 [debug] [Thread-1 (]: Writing injected SQL for node "test.stock_analysis.not_null_fact_security_open_price.2af3f48d6c"
[0m22:08:31.055358 [debug] [Thread-1 (]: Began executing node test.stock_analysis.not_null_fact_security_open_price.2af3f48d6c
[0m22:08:31.058442 [debug] [Thread-1 (]: Writing runtime sql for node "test.stock_analysis.not_null_fact_security_open_price.2af3f48d6c"
[0m22:08:31.059144 [debug] [Thread-1 (]: On test.stock_analysis.not_null_fact_security_open_price.2af3f48d6c: /* {"app": "dbt", "dbt_version": "1.9.8", "profile_name": "stock_analysis", "target_name": "dev", "node_id": "test.stock_analysis.not_null_fact_security_open_price.2af3f48d6c"} */

    select
      count(*) as failures,
      count(*) != 0 as should_warn,
      count(*) != 0 as should_error
    from (
      
    
  
    
    



select open_price
from `deft-beacon-354008`.`stock_analysis`.`fact_security`
where open_price is null



  
  
      
    ) dbt_internal_test
[0m22:08:31.059556 [debug] [Thread-1 (]: Opening a new connection, currently in state closed
[0m22:08:31.820082 [debug] [Thread-1 (]: BigQuery adapter: https://console.cloud.google.com/bigquery?project=deft-beacon-354008&j=bq:US:3f08d0d6-247d-4851-bb9d-8486c6b7d34f&page=queryresults
[0m22:08:32.986927 [info ] [Thread-1 (]: 24 of 32 PASS not_null_fact_security_open_price ................................ [[32mPASS[0m in 1.94s]
[0m22:08:32.988040 [debug] [Thread-1 (]: Finished running node test.stock_analysis.not_null_fact_security_open_price.2af3f48d6c
[0m22:08:32.988413 [debug] [Thread-1 (]: Began running node test.stock_analysis.not_null_fact_security_ticker_symbol.995a4a707a
[0m22:08:32.988927 [info ] [Thread-1 (]: 25 of 32 START test not_null_fact_security_ticker_symbol ....................... [RUN]
[0m22:08:32.989428 [debug] [Thread-1 (]: Re-using an available connection from the pool (formerly test.stock_analysis.not_null_fact_security_open_price.2af3f48d6c, now test.stock_analysis.not_null_fact_security_ticker_symbol.995a4a707a)
[0m22:08:32.989742 [debug] [Thread-1 (]: Began compiling node test.stock_analysis.not_null_fact_security_ticker_symbol.995a4a707a
[0m22:08:32.993271 [debug] [Thread-1 (]: Writing injected SQL for node "test.stock_analysis.not_null_fact_security_ticker_symbol.995a4a707a"
[0m22:08:32.993878 [debug] [Thread-1 (]: Began executing node test.stock_analysis.not_null_fact_security_ticker_symbol.995a4a707a
[0m22:08:32.995919 [debug] [Thread-1 (]: Writing runtime sql for node "test.stock_analysis.not_null_fact_security_ticker_symbol.995a4a707a"
[0m22:08:32.996431 [debug] [Thread-1 (]: On test.stock_analysis.not_null_fact_security_ticker_symbol.995a4a707a: /* {"app": "dbt", "dbt_version": "1.9.8", "profile_name": "stock_analysis", "target_name": "dev", "node_id": "test.stock_analysis.not_null_fact_security_ticker_symbol.995a4a707a"} */

    select
      count(*) as failures,
      count(*) != 0 as should_warn,
      count(*) != 0 as should_error
    from (
      
    
  
    
    



select ticker_symbol
from `deft-beacon-354008`.`stock_analysis`.`fact_security`
where ticker_symbol is null



  
  
      
    ) dbt_internal_test
[0m22:08:32.996760 [debug] [Thread-1 (]: Opening a new connection, currently in state closed
[0m22:08:33.718511 [debug] [Thread-1 (]: BigQuery adapter: https://console.cloud.google.com/bigquery?project=deft-beacon-354008&j=bq:US:a52ad36b-5e43-44d7-9b82-5494765ff1a6&page=queryresults
[0m22:08:33.273783 [info ] [Thread-1 (]: 25 of 32 PASS not_null_fact_security_ticker_symbol ............................. [[32mPASS[0m in 0.28s]
[0m22:08:33.274520 [debug] [Thread-1 (]: Finished running node test.stock_analysis.not_null_fact_security_ticker_symbol.995a4a707a
[0m22:08:33.274887 [debug] [Thread-1 (]: Began running node test.stock_analysis.not_null_fact_security_volume_traded.e897076b58
[0m22:08:33.275380 [info ] [Thread-1 (]: 26 of 32 START test not_null_fact_security_volume_traded ....................... [RUN]
[0m22:08:33.275822 [debug] [Thread-1 (]: Re-using an available connection from the pool (formerly test.stock_analysis.not_null_fact_security_ticker_symbol.995a4a707a, now test.stock_analysis.not_null_fact_security_volume_traded.e897076b58)
[0m22:08:33.276110 [debug] [Thread-1 (]: Began compiling node test.stock_analysis.not_null_fact_security_volume_traded.e897076b58
[0m22:08:33.279454 [debug] [Thread-1 (]: Writing injected SQL for node "test.stock_analysis.not_null_fact_security_volume_traded.e897076b58"
[0m22:08:33.280005 [debug] [Thread-1 (]: Began executing node test.stock_analysis.not_null_fact_security_volume_traded.e897076b58
[0m22:08:33.281937 [debug] [Thread-1 (]: Writing runtime sql for node "test.stock_analysis.not_null_fact_security_volume_traded.e897076b58"
[0m22:08:33.282422 [debug] [Thread-1 (]: On test.stock_analysis.not_null_fact_security_volume_traded.e897076b58: /* {"app": "dbt", "dbt_version": "1.9.8", "profile_name": "stock_analysis", "target_name": "dev", "node_id": "test.stock_analysis.not_null_fact_security_volume_traded.e897076b58"} */

    select
      count(*) as failures,
      count(*) != 0 as should_warn,
      count(*) != 0 as should_error
    from (
      
    
  
    
    



select volume_traded
from `deft-beacon-354008`.`stock_analysis`.`fact_security`
where volume_traded is null



  
  
      
    ) dbt_internal_test
[0m22:08:33.282732 [debug] [Thread-1 (]: Opening a new connection, currently in state closed
[0m22:08:33.958771 [debug] [Thread-1 (]: BigQuery adapter: https://console.cloud.google.com/bigquery?project=deft-beacon-354008&j=bq:US:70683d39-4123-42c2-a4cb-455132ab697c&page=queryresults
[0m22:08:35.020909 [info ] [Thread-1 (]: 26 of 32 PASS not_null_fact_security_volume_traded ............................. [[32mPASS[0m in 1.75s]
[0m22:08:35.021677 [debug] [Thread-1 (]: Finished running node test.stock_analysis.not_null_fact_security_volume_traded.e897076b58
[0m22:08:35.022042 [debug] [Thread-1 (]: Began running node test.stock_analysis.relationships_fact_security_date__date__ref_dim_date_.94fedd43d3
[0m22:08:35.022548 [info ] [Thread-1 (]: 27 of 32 START test relationships_fact_security_date__date__ref_dim_date_ ...... [RUN]
[0m22:08:35.022997 [debug] [Thread-1 (]: Re-using an available connection from the pool (formerly test.stock_analysis.not_null_fact_security_volume_traded.e897076b58, now test.stock_analysis.relationships_fact_security_date__date__ref_dim_date_.94fedd43d3)
[0m22:08:35.023284 [debug] [Thread-1 (]: Began compiling node test.stock_analysis.relationships_fact_security_date__date__ref_dim_date_.94fedd43d3
[0m22:08:35.029649 [debug] [Thread-1 (]: Writing injected SQL for node "test.stock_analysis.relationships_fact_security_date__date__ref_dim_date_.94fedd43d3"
[0m22:08:35.030299 [debug] [Thread-1 (]: Began executing node test.stock_analysis.relationships_fact_security_date__date__ref_dim_date_.94fedd43d3
[0m22:08:35.034658 [debug] [Thread-1 (]: Writing runtime sql for node "test.stock_analysis.relationships_fact_security_date__date__ref_dim_date_.94fedd43d3"
[0m22:08:35.036103 [debug] [Thread-1 (]: On test.stock_analysis.relationships_fact_security_date__date__ref_dim_date_.94fedd43d3: /* {"app": "dbt", "dbt_version": "1.9.8", "profile_name": "stock_analysis", "target_name": "dev", "node_id": "test.stock_analysis.relationships_fact_security_date__date__ref_dim_date_.94fedd43d3"} */

    select
      count(*) as failures,
      count(*) != 0 as should_warn,
      count(*) != 0 as should_error
    from (
      
    
  
    
    

with child as (
    select date as from_field
    from `deft-beacon-354008`.`stock_analysis`.`fact_security`
    where date is not null
),

parent as (
    select date as to_field
    from `deft-beacon-354008`.`stock_analysis`.`dim_date`
)

select
    from_field

from child
left join parent
    on child.from_field = parent.to_field

where parent.to_field is null



  
  
      
    ) dbt_internal_test
[0m22:08:35.036829 [debug] [Thread-1 (]: Opening a new connection, currently in state closed
[0m22:08:35.949419 [debug] [Thread-1 (]: BigQuery adapter: https://console.cloud.google.com/bigquery?project=deft-beacon-354008&j=bq:US:1728e1f9-82e1-4286-9d5f-ae1ab9e46f4e&page=queryresults
[0m22:08:36.965170 [info ] [Thread-1 (]: 27 of 32 PASS relationships_fact_security_date__date__ref_dim_date_ ............ [[32mPASS[0m in 1.94s]
[0m22:08:36.966058 [debug] [Thread-1 (]: Finished running node test.stock_analysis.relationships_fact_security_date__date__ref_dim_date_.94fedd43d3
[0m22:08:36.966682 [debug] [Thread-1 (]: Began running node test.stock_analysis.relationships_fact_security_ticker_symbol__ticker_symbol__ref_dim_info_.5e1e509b79
[0m22:08:36.967135 [info ] [Thread-1 (]: 28 of 32 START test relationships_fact_security_ticker_symbol__ticker_symbol__ref_dim_info_  [RUN]
[0m22:08:36.967771 [debug] [Thread-1 (]: Re-using an available connection from the pool (formerly test.stock_analysis.relationships_fact_security_date__date__ref_dim_date_.94fedd43d3, now test.stock_analysis.relationships_fact_security_ticker_symbol__ticker_symbol__ref_dim_info_.5e1e509b79)
[0m22:08:36.968214 [debug] [Thread-1 (]: Began compiling node test.stock_analysis.relationships_fact_security_ticker_symbol__ticker_symbol__ref_dim_info_.5e1e509b79
[0m22:08:36.972362 [debug] [Thread-1 (]: Writing injected SQL for node "test.stock_analysis.relationships_fact_security_ticker_symbol__ticker_symbol__ref_dim_info_.5e1e509b79"
[0m22:08:36.972903 [debug] [Thread-1 (]: Began executing node test.stock_analysis.relationships_fact_security_ticker_symbol__ticker_symbol__ref_dim_info_.5e1e509b79
[0m22:08:36.974812 [debug] [Thread-1 (]: Writing runtime sql for node "test.stock_analysis.relationships_fact_security_ticker_symbol__ticker_symbol__ref_dim_info_.5e1e509b79"
[0m22:08:36.975317 [debug] [Thread-1 (]: On test.stock_analysis.relationships_fact_security_ticker_symbol__ticker_symbol__ref_dim_info_.5e1e509b79: /* {"app": "dbt", "dbt_version": "1.9.8", "profile_name": "stock_analysis", "target_name": "dev", "node_id": "test.stock_analysis.relationships_fact_security_ticker_symbol__ticker_symbol__ref_dim_info_.5e1e509b79"} */

    select
      count(*) as failures,
      count(*) != 0 as should_warn,
      count(*) != 0 as should_error
    from (
      
    
  
    
    

with child as (
    select ticker_symbol as from_field
    from `deft-beacon-354008`.`stock_analysis`.`fact_security`
    where ticker_symbol is not null
),

parent as (
    select ticker_symbol as to_field
    from `deft-beacon-354008`.`stock_analysis`.`dim_info`
)

select
    from_field

from child
left join parent
    on child.from_field = parent.to_field

where parent.to_field is null



  
  
      
    ) dbt_internal_test
[0m22:08:36.975667 [debug] [Thread-1 (]: Opening a new connection, currently in state closed
[0m22:08:37.815093 [debug] [Thread-1 (]: BigQuery adapter: https://console.cloud.google.com/bigquery?project=deft-beacon-354008&j=bq:US:bcb4ca2e-1c73-4162-b461-b3920fcffdd3&page=queryresults
[0m22:08:38.938793 [info ] [Thread-1 (]: 28 of 32 PASS relationships_fact_security_ticker_symbol__ticker_symbol__ref_dim_info_  [[32mPASS[0m in 1.97s]
[0m22:08:38.939763 [debug] [Thread-1 (]: Finished running node test.stock_analysis.relationships_fact_security_ticker_symbol__ticker_symbol__ref_dim_info_.5e1e509b79
[0m22:08:38.940227 [debug] [Thread-1 (]: Began running node test.stock_analysis.unique_dim_date_date.dd069a8d31
[0m22:08:38.940846 [info ] [Thread-1 (]: 29 of 32 START test unique_dim_date_date ....................................... [RUN]
[0m22:08:38.941401 [debug] [Thread-1 (]: Re-using an available connection from the pool (formerly test.stock_analysis.relationships_fact_security_ticker_symbol__ticker_symbol__ref_dim_info_.5e1e509b79, now test.stock_analysis.unique_dim_date_date.dd069a8d31)
[0m22:08:38.941851 [debug] [Thread-1 (]: Began compiling node test.stock_analysis.unique_dim_date_date.dd069a8d31
[0m22:08:38.948325 [debug] [Thread-1 (]: Writing injected SQL for node "test.stock_analysis.unique_dim_date_date.dd069a8d31"
[0m22:08:38.948955 [debug] [Thread-1 (]: Began executing node test.stock_analysis.unique_dim_date_date.dd069a8d31
[0m22:08:38.954929 [debug] [Thread-1 (]: Writing runtime sql for node "test.stock_analysis.unique_dim_date_date.dd069a8d31"
[0m22:08:38.955595 [debug] [Thread-1 (]: On test.stock_analysis.unique_dim_date_date.dd069a8d31: /* {"app": "dbt", "dbt_version": "1.9.8", "profile_name": "stock_analysis", "target_name": "dev", "node_id": "test.stock_analysis.unique_dim_date_date.dd069a8d31"} */

    select
      count(*) as failures,
      count(*) != 0 as should_warn,
      count(*) != 0 as should_error
    from (
      
    
  
    
    

with dbt_test__target as (

  select date as unique_field
  from `deft-beacon-354008`.`stock_analysis`.`dim_date`
  where date is not null

)

select
    unique_field,
    count(*) as n_records

from dbt_test__target
group by unique_field
having count(*) > 1



  
  
      
    ) dbt_internal_test
[0m22:08:38.956183 [debug] [Thread-1 (]: Opening a new connection, currently in state closed
[0m22:08:39.803662 [debug] [Thread-1 (]: BigQuery adapter: https://console.cloud.google.com/bigquery?project=deft-beacon-354008&j=bq:US:96de2254-c627-4d41-be70-58165ca4fe12&page=queryresults
[0m22:08:40.828359 [info ] [Thread-1 (]: 29 of 32 PASS unique_dim_date_date ............................................. [[32mPASS[0m in 1.89s]
[0m22:08:40.829493 [debug] [Thread-1 (]: Finished running node test.stock_analysis.unique_dim_date_date.dd069a8d31
[0m22:08:40.829860 [debug] [Thread-1 (]: Began running node test.stock_analysis.unique_dim_info_company_description.20d37b14dd
[0m22:08:40.830211 [info ] [Thread-1 (]: 30 of 32 START test unique_dim_info_company_description ........................ [RUN]
[0m22:08:40.830655 [debug] [Thread-1 (]: Re-using an available connection from the pool (formerly test.stock_analysis.unique_dim_date_date.dd069a8d31, now test.stock_analysis.unique_dim_info_company_description.20d37b14dd)
[0m22:08:40.830962 [debug] [Thread-1 (]: Began compiling node test.stock_analysis.unique_dim_info_company_description.20d37b14dd
[0m22:08:40.836129 [debug] [Thread-1 (]: Writing injected SQL for node "test.stock_analysis.unique_dim_info_company_description.20d37b14dd"
[0m22:08:40.836676 [debug] [Thread-1 (]: Began executing node test.stock_analysis.unique_dim_info_company_description.20d37b14dd
[0m22:08:40.840051 [debug] [Thread-1 (]: Writing runtime sql for node "test.stock_analysis.unique_dim_info_company_description.20d37b14dd"
[0m22:08:40.840595 [debug] [Thread-1 (]: On test.stock_analysis.unique_dim_info_company_description.20d37b14dd: /* {"app": "dbt", "dbt_version": "1.9.8", "profile_name": "stock_analysis", "target_name": "dev", "node_id": "test.stock_analysis.unique_dim_info_company_description.20d37b14dd"} */

    select
      count(*) as failures,
      count(*) != 0 as should_warn,
      count(*) != 0 as should_error
    from (
      
    
  
    
    

with dbt_test__target as (

  select company_description as unique_field
  from `deft-beacon-354008`.`stock_analysis`.`dim_info`
  where company_description is not null

)

select
    unique_field,
    count(*) as n_records

from dbt_test__target
group by unique_field
having count(*) > 1



  
  
      
    ) dbt_internal_test
[0m22:08:40.841070 [debug] [Thread-1 (]: Opening a new connection, currently in state closed
[0m22:08:43.583014 [debug] [Thread-1 (]: BigQuery adapter: https://console.cloud.google.com/bigquery?project=deft-beacon-354008&j=bq:US:a33e670b-d1f4-4a08-acf8-f806fc6de6ea&page=queryresults
[0m22:08:44.538578 [info ] [Thread-1 (]: 30 of 32 PASS unique_dim_info_company_description .............................. [[32mPASS[0m in 3.71s]
[0m22:08:44.539387 [debug] [Thread-1 (]: Finished running node test.stock_analysis.unique_dim_info_company_description.20d37b14dd
[0m22:08:44.539776 [debug] [Thread-1 (]: Began running node test.stock_analysis.unique_dim_info_company_name.3d0ca4669c
[0m22:08:44.540510 [info ] [Thread-1 (]: 31 of 32 START test unique_dim_info_company_name ............................... [RUN]
[0m22:08:44.541281 [debug] [Thread-1 (]: Re-using an available connection from the pool (formerly test.stock_analysis.unique_dim_info_company_description.20d37b14dd, now test.stock_analysis.unique_dim_info_company_name.3d0ca4669c)
[0m22:08:44.541586 [debug] [Thread-1 (]: Began compiling node test.stock_analysis.unique_dim_info_company_name.3d0ca4669c
[0m22:08:44.545481 [debug] [Thread-1 (]: Writing injected SQL for node "test.stock_analysis.unique_dim_info_company_name.3d0ca4669c"
[0m22:08:44.546036 [debug] [Thread-1 (]: Began executing node test.stock_analysis.unique_dim_info_company_name.3d0ca4669c
[0m22:08:44.548152 [debug] [Thread-1 (]: Writing runtime sql for node "test.stock_analysis.unique_dim_info_company_name.3d0ca4669c"
[0m22:08:44.548672 [debug] [Thread-1 (]: On test.stock_analysis.unique_dim_info_company_name.3d0ca4669c: /* {"app": "dbt", "dbt_version": "1.9.8", "profile_name": "stock_analysis", "target_name": "dev", "node_id": "test.stock_analysis.unique_dim_info_company_name.3d0ca4669c"} */

    select
      count(*) as failures,
      count(*) != 0 as should_warn,
      count(*) != 0 as should_error
    from (
      
    
  
    
    

with dbt_test__target as (

  select company_name as unique_field
  from `deft-beacon-354008`.`stock_analysis`.`dim_info`
  where company_name is not null

)

select
    unique_field,
    count(*) as n_records

from dbt_test__target
group by unique_field
having count(*) > 1



  
  
      
    ) dbt_internal_test
[0m22:08:44.549020 [debug] [Thread-1 (]: Opening a new connection, currently in state closed
[0m22:08:45.495148 [debug] [Thread-1 (]: BigQuery adapter: https://console.cloud.google.com/bigquery?project=deft-beacon-354008&j=bq:US:be227db5-42fb-4b21-9066-d4eb06220083&page=queryresults
[0m22:08:46.544405 [info ] [Thread-1 (]: 31 of 32 PASS unique_dim_info_company_name ..................................... [[32mPASS[0m in 2.00s]
[0m22:08:46.545073 [debug] [Thread-1 (]: Finished running node test.stock_analysis.unique_dim_info_company_name.3d0ca4669c
[0m22:08:46.545523 [debug] [Thread-1 (]: Began running node test.stock_analysis.unique_dim_info_ticker_symbol.50949bdf5b
[0m22:08:46.545887 [info ] [Thread-1 (]: 32 of 32 START test unique_dim_info_ticker_symbol .............................. [RUN]
[0m22:08:46.546495 [debug] [Thread-1 (]: Re-using an available connection from the pool (formerly test.stock_analysis.unique_dim_info_company_name.3d0ca4669c, now test.stock_analysis.unique_dim_info_ticker_symbol.50949bdf5b)
[0m22:08:46.546812 [debug] [Thread-1 (]: Began compiling node test.stock_analysis.unique_dim_info_ticker_symbol.50949bdf5b
[0m22:08:46.550891 [debug] [Thread-1 (]: Writing injected SQL for node "test.stock_analysis.unique_dim_info_ticker_symbol.50949bdf5b"
[0m22:08:46.551461 [debug] [Thread-1 (]: Began executing node test.stock_analysis.unique_dim_info_ticker_symbol.50949bdf5b
[0m22:08:46.553481 [debug] [Thread-1 (]: Writing runtime sql for node "test.stock_analysis.unique_dim_info_ticker_symbol.50949bdf5b"
[0m22:08:46.553936 [debug] [Thread-1 (]: On test.stock_analysis.unique_dim_info_ticker_symbol.50949bdf5b: /* {"app": "dbt", "dbt_version": "1.9.8", "profile_name": "stock_analysis", "target_name": "dev", "node_id": "test.stock_analysis.unique_dim_info_ticker_symbol.50949bdf5b"} */

    select
      count(*) as failures,
      count(*) != 0 as should_warn,
      count(*) != 0 as should_error
    from (
      
    
  
    
    

with dbt_test__target as (

  select ticker_symbol as unique_field
  from `deft-beacon-354008`.`stock_analysis`.`dim_info`
  where ticker_symbol is not null

)

select
    unique_field,
    count(*) as n_records

from dbt_test__target
group by unique_field
having count(*) > 1



  
  
      
    ) dbt_internal_test
[0m22:08:46.554256 [debug] [Thread-1 (]: Opening a new connection, currently in state closed
[0m22:08:47.349631 [debug] [Thread-1 (]: BigQuery adapter: https://console.cloud.google.com/bigquery?project=deft-beacon-354008&j=bq:US:bf54294f-dd35-451b-90d3-6909a6f8b3fb&page=queryresults
[0m22:08:48.346880 [info ] [Thread-1 (]: 32 of 32 PASS unique_dim_info_ticker_symbol .................................... [[32mPASS[0m in 1.80s]
[0m22:08:48.347650 [debug] [Thread-1 (]: Finished running node test.stock_analysis.unique_dim_info_ticker_symbol.50949bdf5b
[0m22:08:48.349628 [debug] [MainThread]: Opening a new connection, currently in state closed
[0m22:08:48.350335 [debug] [MainThread]: Connection 'master' was properly closed.
[0m22:08:48.350632 [debug] [MainThread]: Connection 'test.stock_analysis.unique_dim_info_ticker_symbol.50949bdf5b' was properly closed.
[0m22:08:48.350943 [info ] [MainThread]: 
[0m22:08:48.351242 [info ] [MainThread]: Finished running 32 data tests in 0 hours 0 minutes and 38.24 seconds (38.24s).
[0m22:08:48.354449 [debug] [MainThread]: Command end result
[0m22:08:48.378264 [debug] [MainThread]: Wrote artifact WritableManifest to /home/norman/NTU-Project-Data-Science-AI_Norman/NTU-Project-Data-Science-AI/TA_undervalue_stock/target/manifest.json
[0m22:08:48.379889 [debug] [MainThread]: Wrote artifact SemanticManifest to /home/norman/NTU-Project-Data-Science-AI_Norman/NTU-Project-Data-Science-AI/TA_undervalue_stock/target/semantic_manifest.json
[0m22:08:48.386757 [debug] [MainThread]: Wrote artifact RunExecutionResult to /home/norman/NTU-Project-Data-Science-AI_Norman/NTU-Project-Data-Science-AI/TA_undervalue_stock/target/run_results.json
[0m22:08:48.387170 [info ] [MainThread]: 
[0m22:08:48.387733 [info ] [MainThread]: [31mCompleted with 12 errors, 0 partial successes, and 0 warnings:[0m
[0m22:08:48.388027 [info ] [MainThread]: 
[0m22:08:48.388353 [error] [MainThread]:   Compilation Error in test dbt_expectations_expect_column_values_to_be_of_type_dim_date_date__date (models/schema.yml)
  'dbt_expectations' is undefined. This can happen when calling a macro that does not exist. Check for typos and/or install package dependencies with "dbt deps".
[0m22:08:48.388715 [info ] [MainThread]: 
[0m22:08:48.389126 [error] [MainThread]:   Compilation Error in test dbt_expectations_expect_column_values_to_be_of_type_dim_info_company_description__string (models/schema.yml)
  'dbt_expectations' is undefined. This can happen when calling a macro that does not exist. Check for typos and/or install package dependencies with "dbt deps".
[0m22:08:48.389505 [info ] [MainThread]: 
[0m22:08:48.389791 [error] [MainThread]:   Compilation Error in test dbt_expectations_expect_column_values_to_be_of_type_dim_info_company_name__string (models/schema.yml)
  'dbt_expectations' is undefined. This can happen when calling a macro that does not exist. Check for typos and/or install package dependencies with "dbt deps".
[0m22:08:48.390007 [info ] [MainThread]: 
[0m22:08:48.390405 [error] [MainThread]:   Compilation Error in test dbt_expectations_expect_column_values_to_be_of_type_dim_info_country__string (models/schema.yml)
  'dbt_expectations' is undefined. This can happen when calling a macro that does not exist. Check for typos and/or install package dependencies with "dbt deps".
[0m22:08:48.390640 [info ] [MainThread]: 
[0m22:08:48.390887 [error] [MainThread]:   Compilation Error in test dbt_expectations_expect_column_values_to_be_of_type_dim_info_industry__string (models/schema.yml)
  'dbt_expectations' is undefined. This can happen when calling a macro that does not exist. Check for typos and/or install package dependencies with "dbt deps".
[0m22:08:48.391152 [info ] [MainThread]: 
[0m22:08:48.391443 [error] [MainThread]:   Compilation Error in test dbt_expectations_expect_column_values_to_be_of_type_dim_info_sector__string (models/schema.yml)
  'dbt_expectations' is undefined. This can happen when calling a macro that does not exist. Check for typos and/or install package dependencies with "dbt deps".
[0m22:08:48.391826 [info ] [MainThread]: 
[0m22:08:48.392241 [error] [MainThread]:   Compilation Error in test dbt_expectations_expect_column_values_to_be_of_type_dim_info_ticker_symbol__string (models/schema.yml)
  'dbt_expectations' is undefined. This can happen when calling a macro that does not exist. Check for typos and/or install package dependencies with "dbt deps".
[0m22:08:48.392635 [info ] [MainThread]: 
[0m22:08:48.392954 [error] [MainThread]:   Compilation Error in test dbt_expectations_expect_column_values_to_be_of_type_fact_security_date__date (models/schema.yml)
  'dbt_expectations' is undefined. This can happen when calling a macro that does not exist. Check for typos and/or install package dependencies with "dbt deps".
[0m22:08:48.393182 [info ] [MainThread]: 
[0m22:08:48.393590 [error] [MainThread]:   Compilation Error in test dbt_expectations_expect_column_values_to_be_of_type_fact_security_ticker_symbol__string (models/schema.yml)
  'dbt_expectations' is undefined. This can happen when calling a macro that does not exist. Check for typos and/or install package dependencies with "dbt deps".
[0m22:08:48.393964 [info ] [MainThread]: 
[0m22:08:48.394295 [error] [MainThread]:   Compilation Error in test dbt_expectations_expect_compound_columns_to_be_unique_fact_security_ticker_symbol__date (models/schema.yml)
  'dbt_expectations' is undefined. This can happen when calling a macro that does not exist. Check for typos and/or install package dependencies with "dbt deps".
[0m22:08:48.394561 [info ] [MainThread]: 
[0m22:08:48.394959 [error] [MainThread]:   Compilation Error in test dbt_utils_accepted_range_dim_date_date__CURRENT_DATE_ (models/schema.yml)
  'dbt_utils' is undefined. This can happen when calling a macro that does not exist. Check for typos and/or install package dependencies with "dbt deps".
[0m22:08:48.395252 [info ] [MainThread]: 
[0m22:08:48.395511 [error] [MainThread]:   Compilation Error in test dbt_utils_accepted_range_fact_security_date__CURRENT_DATE_ (models/schema.yml)
  'dbt_utils' is undefined. This can happen when calling a macro that does not exist. Check for typos and/or install package dependencies with "dbt deps".
[0m22:08:48.395782 [info ] [MainThread]: 
[0m22:08:48.396044 [info ] [MainThread]: Done. PASS=20 WARN=0 ERROR=12 SKIP=0 TOTAL=32
[0m22:08:48.396965 [debug] [MainThread]: Resource report: {"command_name": "test", "command_success": false, "command_wall_clock_time": 42.314533, "process_in_blocks": "1544", "process_kernel_time": 0.415841, "process_mem_max_rss": "361148", "process_out_blocks": "2984", "process_user_time": 4.940046}
[0m22:08:48.397311 [debug] [MainThread]: Command `dbt test` failed at 22:08:48.397237 after 42.32 seconds
[0m22:08:48.397592 [debug] [MainThread]: Sending event: {'category': 'dbt', 'action': 'invocation', 'label': 'end', 'context': [<snowplow_tracker.self_describing_json.SelfDescribingJson object at 0x7980a9e8ca00>, <snowplow_tracker.self_describing_json.SelfDescribingJson object at 0x7980a9f2f370>, <snowplow_tracker.self_describing_json.SelfDescribingJson object at 0x7980a94b3f40>]}
[0m22:08:48.397887 [debug] [MainThread]: Flushing usage events
[0m22:08:49.679889 [debug] [MainThread]: An error was encountered while trying to flush usage events
[0m22:09:23.588905 [debug] [MainThread]: Sending event: {'category': 'dbt', 'action': 'invocation', 'label': 'start', 'context': [<snowplow_tracker.self_describing_json.SelfDescribingJson object at 0x7a0afa098a00>, <snowplow_tracker.self_describing_json.SelfDescribingJson object at 0x7a0af922de70>, <snowplow_tracker.self_describing_json.SelfDescribingJson object at 0x7a0af922de10>]}


============================== 22:09:23.591194 | d9201a2c-4a65-49f4-87f7-86eecce90279 ==============================
[0m22:09:23.591194 [info ] [MainThread]: Running with dbt=1.9.8
[0m22:09:23.591991 [debug] [MainThread]: running dbt with arguments {'printer_width': '80', 'indirect_selection': 'eager', 'log_cache_events': 'False', 'write_json': 'True', 'partial_parse': 'True', 'cache_selected_only': 'False', 'profiles_dir': '/home/norman/NTU-Project-Data-Science-AI_Norman/NTU-Project-Data-Science-AI/TA_undervalue_stock', 'debug': 'False', 'warn_error': 'None', 'log_path': '/home/norman/NTU-Project-Data-Science-AI_Norman/NTU-Project-Data-Science-AI/TA_undervalue_stock/logs', 'version_check': 'True', 'fail_fast': 'False', 'use_colors': 'True', 'use_experimental_parser': 'False', 'empty': 'False', 'quiet': 'False', 'no_print': 'None', 'log_format': 'default', 'static_parser': 'True', 'warn_error_options': 'WarnErrorOptions(include=[], exclude=[])', 'invocation_command': 'dbt run --models dim_security', 'target_path': 'None', 'introspect': 'True', 'send_anonymous_usage_stats': 'True'}
[0m22:09:25.358266 [debug] [MainThread]: Sending event: {'category': 'dbt', 'action': 'project_id', 'label': 'd9201a2c-4a65-49f4-87f7-86eecce90279', 'context': [<snowplow_tracker.self_describing_json.SelfDescribingJson object at 0x7a0afb9c99c0>]}
[0m22:09:25.403717 [debug] [MainThread]: Sending event: {'category': 'dbt', 'action': 'adapter_info', 'label': 'd9201a2c-4a65-49f4-87f7-86eecce90279', 'context': [<snowplow_tracker.self_describing_json.SelfDescribingJson object at 0x7a0acab43d90>]}
[0m22:09:25.404322 [info ] [MainThread]: Registered adapter: bigquery=1.9.2
[0m22:09:25.532060 [debug] [MainThread]: checksum: 2898e47e730fa32147e5ae95c02f42c1d51b8fd2b81922b9b731f0208caf4dff, vars: {}, profile: , target: , version: 1.9.8
[0m22:09:25.626151 [debug] [MainThread]: Partial parsing enabled: 0 files deleted, 0 files added, 0 files changed.
[0m22:09:25.626503 [debug] [MainThread]: Partial parsing enabled, no changes found, skipping parsing
[0m22:09:25.661886 [debug] [MainThread]: Sending event: {'category': 'dbt', 'action': 'load_project', 'label': 'd9201a2c-4a65-49f4-87f7-86eecce90279', 'context': [<snowplow_tracker.self_describing_json.SelfDescribingJson object at 0x7a0ac54dcb20>]}
[0m22:09:25.731718 [debug] [MainThread]: Wrote artifact WritableManifest to /home/norman/NTU-Project-Data-Science-AI_Norman/NTU-Project-Data-Science-AI/TA_undervalue_stock/target/manifest.json
[0m22:09:25.733148 [debug] [MainThread]: Wrote artifact SemanticManifest to /home/norman/NTU-Project-Data-Science-AI_Norman/NTU-Project-Data-Science-AI/TA_undervalue_stock/target/semantic_manifest.json
[0m22:09:25.742512 [debug] [MainThread]: Sending event: {'category': 'dbt', 'action': 'resource_counts', 'label': 'd9201a2c-4a65-49f4-87f7-86eecce90279', 'context': [<snowplow_tracker.self_describing_json.SelfDescribingJson object at 0x7a0ac564b580>]}
[0m22:09:25.742985 [info ] [MainThread]: Found 3 models, 32 data tests, 4 sources, 493 macros
[0m22:09:25.743339 [debug] [MainThread]: Sending event: {'category': 'dbt', 'action': 'runnable_timing', 'label': 'd9201a2c-4a65-49f4-87f7-86eecce90279', 'context': [<snowplow_tracker.self_describing_json.SelfDescribingJson object at 0x7a0ac5a1ce50>]}
[0m22:09:25.744296 [warn ] [MainThread]: The selection criterion 'dim_security' does not match any enabled nodes
[0m22:09:25.745469 [warn ] [MainThread]: Nothing to do. Try checking your model configs and model specification args
[0m22:09:25.747069 [debug] [MainThread]: Command end result
[0m22:09:25.769928 [debug] [MainThread]: Wrote artifact WritableManifest to /home/norman/NTU-Project-Data-Science-AI_Norman/NTU-Project-Data-Science-AI/TA_undervalue_stock/target/manifest.json
[0m22:09:25.771621 [debug] [MainThread]: Wrote artifact SemanticManifest to /home/norman/NTU-Project-Data-Science-AI_Norman/NTU-Project-Data-Science-AI/TA_undervalue_stock/target/semantic_manifest.json
[0m22:09:25.774124 [debug] [MainThread]: Wrote artifact RunExecutionResult to /home/norman/NTU-Project-Data-Science-AI_Norman/NTU-Project-Data-Science-AI/TA_undervalue_stock/target/run_results.json
[0m22:09:25.774905 [debug] [MainThread]: Resource report: {"command_name": "run", "command_success": true, "command_wall_clock_time": 2.2276242, "process_in_blocks": "0", "process_kernel_time": 0.360477, "process_mem_max_rss": "350632", "process_out_blocks": "2424", "process_user_time": 3.949742}
[0m22:09:25.775415 [debug] [MainThread]: Command `dbt run` succeeded at 22:09:25.775325 after 2.23 seconds
[0m22:09:25.775726 [debug] [MainThread]: Sending event: {'category': 'dbt', 'action': 'invocation', 'label': 'end', 'context': [<snowplow_tracker.self_describing_json.SelfDescribingJson object at 0x7a0afa098a00>, <snowplow_tracker.self_describing_json.SelfDescribingJson object at 0x7a0afb9c99c0>, <snowplow_tracker.self_describing_json.SelfDescribingJson object at 0x7a0ac57419c0>]}
[0m22:09:25.776012 [debug] [MainThread]: Flushing usage events
[0m22:09:26.883602 [debug] [MainThread]: An error was encountered while trying to flush usage events
[0m22:10:07.505392 [debug] [MainThread]: Sending event: {'category': 'dbt', 'action': 'invocation', 'label': 'start', 'context': [<snowplow_tracker.self_describing_json.SelfDescribingJson object at 0x7c1e14dd0a30>, <snowplow_tracker.self_describing_json.SelfDescribingJson object at 0x7c1e13f89ea0>, <snowplow_tracker.self_describing_json.SelfDescribingJson object at 0x7c1e13f89e40>]}


============================== 22:10:07.507629 | fad3cfbc-905f-4066-ad2c-cd7446c4f32b ==============================
[0m22:10:07.507629 [info ] [MainThread]: Running with dbt=1.9.8
[0m22:10:07.508313 [debug] [MainThread]: running dbt with arguments {'printer_width': '80', 'indirect_selection': 'eager', 'write_json': 'True', 'log_cache_events': 'False', 'partial_parse': 'True', 'cache_selected_only': 'False', 'profiles_dir': '/home/norman/NTU-Project-Data-Science-AI_Norman/NTU-Project-Data-Science-AI/TA_undervalue_stock', 'version_check': 'True', 'warn_error': 'None', 'log_path': '/home/norman/NTU-Project-Data-Science-AI_Norman/NTU-Project-Data-Science-AI/TA_undervalue_stock/logs', 'fail_fast': 'False', 'debug': 'False', 'use_colors': 'True', 'use_experimental_parser': 'False', 'empty': 'False', 'quiet': 'False', 'no_print': 'None', 'log_format': 'default', 'invocation_command': 'dbt run --models dim_fact_security', 'static_parser': 'True', 'introspect': 'True', 'target_path': 'None', 'warn_error_options': 'WarnErrorOptions(include=[], exclude=[])', 'send_anonymous_usage_stats': 'True'}
[0m22:10:07.766339 [debug] [MainThread]: Sending event: {'category': 'dbt', 'action': 'project_id', 'label': 'fad3cfbc-905f-4066-ad2c-cd7446c4f32b', 'context': [<snowplow_tracker.self_describing_json.SelfDescribingJson object at 0x7c1de58e8430>]}
[0m22:10:07.809115 [debug] [MainThread]: Sending event: {'category': 'dbt', 'action': 'adapter_info', 'label': 'fad3cfbc-905f-4066-ad2c-cd7446c4f32b', 'context': [<snowplow_tracker.self_describing_json.SelfDescribingJson object at 0x7c1e141b39a0>]}
[0m22:10:07.809698 [info ] [MainThread]: Registered adapter: bigquery=1.9.2
[0m22:10:07.933132 [debug] [MainThread]: checksum: 2898e47e730fa32147e5ae95c02f42c1d51b8fd2b81922b9b731f0208caf4dff, vars: {}, profile: , target: , version: 1.9.8
[0m22:10:08.034512 [debug] [MainThread]: Partial parsing enabled: 0 files deleted, 0 files added, 0 files changed.
[0m22:10:08.034929 [debug] [MainThread]: Partial parsing enabled, no changes found, skipping parsing
[0m22:10:08.075945 [debug] [MainThread]: Sending event: {'category': 'dbt', 'action': 'load_project', 'label': 'fad3cfbc-905f-4066-ad2c-cd7446c4f32b', 'context': [<snowplow_tracker.self_describing_json.SelfDescribingJson object at 0x7c1de0298f10>]}
[0m22:10:08.152924 [debug] [MainThread]: Wrote artifact WritableManifest to /home/norman/NTU-Project-Data-Science-AI_Norman/NTU-Project-Data-Science-AI/TA_undervalue_stock/target/manifest.json
[0m22:10:08.154392 [debug] [MainThread]: Wrote artifact SemanticManifest to /home/norman/NTU-Project-Data-Science-AI_Norman/NTU-Project-Data-Science-AI/TA_undervalue_stock/target/semantic_manifest.json
[0m22:10:08.164056 [debug] [MainThread]: Sending event: {'category': 'dbt', 'action': 'resource_counts', 'label': 'fad3cfbc-905f-4066-ad2c-cd7446c4f32b', 'context': [<snowplow_tracker.self_describing_json.SelfDescribingJson object at 0x7c1de029a050>]}
[0m22:10:08.164551 [info ] [MainThread]: Found 3 models, 32 data tests, 4 sources, 493 macros
[0m22:10:08.164874 [debug] [MainThread]: Sending event: {'category': 'dbt', 'action': 'runnable_timing', 'label': 'fad3cfbc-905f-4066-ad2c-cd7446c4f32b', 'context': [<snowplow_tracker.self_describing_json.SelfDescribingJson object at 0x7c1de029a0b0>]}
[0m22:10:08.165529 [warn ] [MainThread]: The selection criterion 'dim_fact_security' does not match any enabled nodes
[0m22:10:08.166443 [warn ] [MainThread]: Nothing to do. Try checking your model configs and model specification args
[0m22:10:08.168017 [debug] [MainThread]: Command end result
[0m22:10:08.190437 [debug] [MainThread]: Wrote artifact WritableManifest to /home/norman/NTU-Project-Data-Science-AI_Norman/NTU-Project-Data-Science-AI/TA_undervalue_stock/target/manifest.json
[0m22:10:08.191896 [debug] [MainThread]: Wrote artifact SemanticManifest to /home/norman/NTU-Project-Data-Science-AI_Norman/NTU-Project-Data-Science-AI/TA_undervalue_stock/target/semantic_manifest.json
[0m22:10:08.195095 [debug] [MainThread]: Wrote artifact RunExecutionResult to /home/norman/NTU-Project-Data-Science-AI_Norman/NTU-Project-Data-Science-AI/TA_undervalue_stock/target/run_results.json
[0m22:10:08.195987 [debug] [MainThread]: Resource report: {"command_name": "run", "command_success": true, "command_wall_clock_time": 2.2014637, "process_in_blocks": "0", "process_kernel_time": 0.297741, "process_mem_max_rss": "350364", "process_out_blocks": "2424", "process_user_time": 3.894783}
[0m22:10:08.196573 [debug] [MainThread]: Command `dbt run` succeeded at 22:10:08.196458 after 2.20 seconds
[0m22:10:08.196933 [debug] [MainThread]: Sending event: {'category': 'dbt', 'action': 'invocation', 'label': 'end', 'context': [<snowplow_tracker.self_describing_json.SelfDescribingJson object at 0x7c1e14dd0a30>, <snowplow_tracker.self_describing_json.SelfDescribingJson object at 0x7c1e14c9dc30>, <snowplow_tracker.self_describing_json.SelfDescribingJson object at 0x7c1de022bf70>]}
[0m22:10:08.197250 [debug] [MainThread]: Flushing usage events
[0m22:10:09.321205 [debug] [MainThread]: An error was encountered while trying to flush usage events
[0m22:10:26.650344 [debug] [MainThread]: Sending event: {'category': 'dbt', 'action': 'invocation', 'label': 'start', 'context': [<snowplow_tracker.self_describing_json.SelfDescribingJson object at 0x7b6f0c4949d0>, <snowplow_tracker.self_describing_json.SelfDescribingJson object at 0x7b6f0b625e10>, <snowplow_tracker.self_describing_json.SelfDescribingJson object at 0x7b6f0b625db0>]}


============================== 22:10:26.653137 | bd67559f-4234-4863-aba9-be0597eb9bb1 ==============================
[0m22:10:26.653137 [info ] [MainThread]: Running with dbt=1.9.8
[0m22:10:26.653713 [debug] [MainThread]: running dbt with arguments {'printer_width': '80', 'indirect_selection': 'eager', 'log_cache_events': 'False', 'write_json': 'True', 'partial_parse': 'True', 'cache_selected_only': 'False', 'profiles_dir': '/home/norman/NTU-Project-Data-Science-AI_Norman/NTU-Project-Data-Science-AI/TA_undervalue_stock', 'debug': 'False', 'fail_fast': 'False', 'log_path': '/home/norman/NTU-Project-Data-Science-AI_Norman/NTU-Project-Data-Science-AI/TA_undervalue_stock/logs', 'version_check': 'True', 'warn_error': 'None', 'use_colors': 'True', 'use_experimental_parser': 'False', 'empty': 'False', 'quiet': 'False', 'no_print': 'None', 'log_format': 'default', 'static_parser': 'True', 'invocation_command': 'dbt run --models dim_date', 'warn_error_options': 'WarnErrorOptions(include=[], exclude=[])', 'target_path': 'None', 'introspect': 'True', 'send_anonymous_usage_stats': 'True'}
[0m22:10:28.509586 [debug] [MainThread]: Sending event: {'category': 'dbt', 'action': 'project_id', 'label': 'bd67559f-4234-4863-aba9-be0597eb9bb1', 'context': [<snowplow_tracker.self_describing_json.SelfDescribingJson object at 0x7b6f0bc69210>]}
[0m22:10:28.555497 [debug] [MainThread]: Sending event: {'category': 'dbt', 'action': 'adapter_info', 'label': 'bd67559f-4234-4863-aba9-be0597eb9bb1', 'context': [<snowplow_tracker.self_describing_json.SelfDescribingJson object at 0x7b6ed80dfd30>]}
[0m22:10:28.556167 [info ] [MainThread]: Registered adapter: bigquery=1.9.2
[0m22:10:28.686292 [debug] [MainThread]: checksum: 2898e47e730fa32147e5ae95c02f42c1d51b8fd2b81922b9b731f0208caf4dff, vars: {}, profile: , target: , version: 1.9.8
[0m22:10:28.800126 [debug] [MainThread]: Partial parsing enabled: 0 files deleted, 0 files added, 0 files changed.
[0m22:10:28.800560 [debug] [MainThread]: Partial parsing enabled, no changes found, skipping parsing
[0m22:10:28.840955 [debug] [MainThread]: Sending event: {'category': 'dbt', 'action': 'load_project', 'label': 'bd67559f-4234-4863-aba9-be0597eb9bb1', 'context': [<snowplow_tracker.self_describing_json.SelfDescribingJson object at 0x7b6ed7940ca0>]}
[0m22:10:28.914697 [debug] [MainThread]: Wrote artifact WritableManifest to /home/norman/NTU-Project-Data-Science-AI_Norman/NTU-Project-Data-Science-AI/TA_undervalue_stock/target/manifest.json
[0m22:10:28.916379 [debug] [MainThread]: Wrote artifact SemanticManifest to /home/norman/NTU-Project-Data-Science-AI_Norman/NTU-Project-Data-Science-AI/TA_undervalue_stock/target/semantic_manifest.json
[0m22:10:28.926030 [debug] [MainThread]: Sending event: {'category': 'dbt', 'action': 'resource_counts', 'label': 'bd67559f-4234-4863-aba9-be0597eb9bb1', 'context': [<snowplow_tracker.self_describing_json.SelfDescribingJson object at 0x7b6ed7943ca0>]}
[0m22:10:28.926572 [info ] [MainThread]: Found 3 models, 32 data tests, 4 sources, 493 macros
[0m22:10:28.926909 [debug] [MainThread]: Sending event: {'category': 'dbt', 'action': 'runnable_timing', 'label': 'bd67559f-4234-4863-aba9-be0597eb9bb1', 'context': [<snowplow_tracker.self_describing_json.SelfDescribingJson object at 0x7b6ed7943c40>]}
[0m22:10:28.928188 [info ] [MainThread]: 
[0m22:10:28.928583 [info ] [MainThread]: Concurrency: 1 threads (target='dev')
[0m22:10:28.928840 [info ] [MainThread]: 
[0m22:10:28.929252 [debug] [MainThread]: Acquiring new bigquery connection 'master'
[0m22:10:28.930318 [debug] [ThreadPool]: Acquiring new bigquery connection 'list_deft-beacon-354008'
[0m22:10:28.930644 [debug] [ThreadPool]: Opening a new connection, currently in state init
[0m22:10:30.245735 [debug] [ThreadPool]: Re-using an available connection from the pool (formerly list_deft-beacon-354008, now list_deft-beacon-354008_stock_analysis)
[0m22:10:30.246541 [debug] [ThreadPool]: Opening a new connection, currently in state closed
[0m22:10:30.675356 [debug] [MainThread]: Sending event: {'category': 'dbt', 'action': 'runnable_timing', 'label': 'bd67559f-4234-4863-aba9-be0597eb9bb1', 'context': [<snowplow_tracker.self_describing_json.SelfDescribingJson object at 0x7b6f0b5f56c0>]}
[0m22:10:30.676253 [debug] [MainThread]: Opening a new connection, currently in state init
[0m22:10:30.680069 [debug] [Thread-1 (]: Began running node model.stock_analysis.dim_date
[0m22:10:30.681129 [info ] [Thread-1 (]: 1 of 1 START sql table model stock_analysis.dim_date ........................... [RUN]
[0m22:10:30.681860 [debug] [Thread-1 (]: Re-using an available connection from the pool (formerly list_deft-beacon-354008_stock_analysis, now model.stock_analysis.dim_date)
[0m22:10:30.682298 [debug] [Thread-1 (]: Began compiling node model.stock_analysis.dim_date
[0m22:10:30.690952 [debug] [Thread-1 (]: Writing injected SQL for node "model.stock_analysis.dim_date"
[0m22:10:30.691460 [debug] [Thread-1 (]: Began executing node model.stock_analysis.dim_date
[0m22:10:30.700485 [debug] [Thread-1 (]: Opening a new connection, currently in state closed
[0m22:10:31.086578 [debug] [Thread-1 (]: Writing runtime sql for node "model.stock_analysis.dim_date"
[0m22:10:31.087227 [debug] [Thread-1 (]: On model.stock_analysis.dim_date: /* {"app": "dbt", "dbt_version": "1.9.8", "profile_name": "stock_analysis", "target_name": "dev", "node_id": "model.stock_analysis.dim_date"} */

  
    

    create or replace table `deft-beacon-354008`.`stock_analysis`.`dim_date`
      
    
    

    OPTIONS()
    as (
      

WITH deduplicated_dates AS (
    SELECT DISTINCT date
    FROM `deft-beacon-354008`.`stock_analysis`.`combined_tickers`
)
SELECT
    DATE(date) AS date,
    EXTRACT(YEAR FROM date) AS year,
    EXTRACT(MONTH FROM date) AS month,
    EXTRACT(DAY FROM date) AS day,
    EXTRACT(QUARTER FROM date) AS quarter,
    FORMAT_TIMESTAMP('%A', date) AS day_of_week
FROM 
    deduplicated_dates
    );
  
[0m22:10:31.760502 [debug] [Thread-1 (]: BigQuery adapter: https://console.cloud.google.com/bigquery?project=deft-beacon-354008&j=bq:US:7886a086-f92e-442f-8b1e-be336ce52766&page=queryresults
[0m22:10:34.483623 [debug] [Thread-1 (]: Sending event: {'category': 'dbt', 'action': 'run_model', 'label': 'bd67559f-4234-4863-aba9-be0597eb9bb1', 'context': [<snowplow_tracker.self_describing_json.SelfDescribingJson object at 0x7b6ee0f469b0>]}
[0m22:10:34.484508 [info ] [Thread-1 (]: 1 of 1 OK created sql table model stock_analysis.dim_date ...................... [[32mCREATE TABLE (1.3k rows, 39.3 KiB processed)[0m in 3.80s]
[0m22:10:34.485312 [debug] [Thread-1 (]: Finished running node model.stock_analysis.dim_date
[0m22:10:34.487994 [debug] [MainThread]: Opening a new connection, currently in state closed
[0m22:10:34.488739 [debug] [MainThread]: Connection 'master' was properly closed.
[0m22:10:34.489092 [debug] [MainThread]: Connection 'model.stock_analysis.dim_date' was properly closed.
[0m22:10:34.489516 [info ] [MainThread]: 
[0m22:10:34.489856 [info ] [MainThread]: Finished running 1 table model in 0 hours 0 minutes and 5.56 seconds (5.56s).
[0m22:10:34.490454 [debug] [MainThread]: Command end result
[0m22:10:34.674762 [debug] [MainThread]: Wrote artifact WritableManifest to /home/norman/NTU-Project-Data-Science-AI_Norman/NTU-Project-Data-Science-AI/TA_undervalue_stock/target/manifest.json
[0m22:10:34.676238 [debug] [MainThread]: Wrote artifact SemanticManifest to /home/norman/NTU-Project-Data-Science-AI_Norman/NTU-Project-Data-Science-AI/TA_undervalue_stock/target/semantic_manifest.json
[0m22:10:34.680908 [debug] [MainThread]: Wrote artifact RunExecutionResult to /home/norman/NTU-Project-Data-Science-AI_Norman/NTU-Project-Data-Science-AI/TA_undervalue_stock/target/run_results.json
[0m22:10:34.681217 [info ] [MainThread]: 
[0m22:10:34.681546 [info ] [MainThread]: [32mCompleted successfully[0m
[0m22:10:34.681780 [info ] [MainThread]: 
[0m22:10:34.682309 [info ] [MainThread]: Done. PASS=1 WARN=0 ERROR=0 SKIP=0 TOTAL=1
[0m22:10:34.683115 [debug] [MainThread]: Resource report: {"command_name": "run", "command_success": true, "command_wall_clock_time": 8.07467, "process_in_blocks": "0", "process_kernel_time": 0.322159, "process_mem_max_rss": "356908", "process_out_blocks": "2448", "process_user_time": 4.147339}
[0m22:10:34.683461 [debug] [MainThread]: Command `dbt run` succeeded at 22:10:34.683387 after 8.08 seconds
[0m22:10:34.683734 [debug] [MainThread]: Sending event: {'category': 'dbt', 'action': 'invocation', 'label': 'end', 'context': [<snowplow_tracker.self_describing_json.SelfDescribingJson object at 0x7b6f0c4949d0>, <snowplow_tracker.self_describing_json.SelfDescribingJson object at 0x7b6ed7e4cc70>, <snowplow_tracker.self_describing_json.SelfDescribingJson object at 0x7b6ed7e4ed40>]}
[0m22:10:34.684073 [debug] [MainThread]: Flushing usage events
[0m22:10:35.705455 [debug] [MainThread]: An error was encountered while trying to flush usage events
[0m22:11:46.488484 [debug] [MainThread]: Sending event: {'category': 'dbt', 'action': 'invocation', 'label': 'start', 'context': [<snowplow_tracker.self_describing_json.SelfDescribingJson object at 0x7dbd890c49d0>, <snowplow_tracker.self_describing_json.SelfDescribingJson object at 0x7dbd8827de10>, <snowplow_tracker.self_describing_json.SelfDescribingJson object at 0x7dbd8827ddb0>]}


============================== 22:11:46.490991 | 5833fa21-a059-4325-a2fa-0fe78660e7f6 ==============================
[0m22:11:46.490991 [info ] [MainThread]: Running with dbt=1.9.8
[0m22:11:46.491484 [debug] [MainThread]: running dbt with arguments {'printer_width': '80', 'indirect_selection': 'eager', 'log_cache_events': 'False', 'write_json': 'True', 'partial_parse': 'True', 'cache_selected_only': 'False', 'warn_error': 'None', 'debug': 'False', 'version_check': 'True', 'log_path': '/home/norman/NTU-Project-Data-Science-AI_Norman/NTU-Project-Data-Science-AI/TA_undervalue_stock/logs', 'profiles_dir': '/home/norman/NTU-Project-Data-Science-AI_Norman/NTU-Project-Data-Science-AI/TA_undervalue_stock', 'fail_fast': 'False', 'use_colors': 'True', 'use_experimental_parser': 'False', 'empty': 'False', 'quiet': 'False', 'no_print': 'None', 'log_format': 'default', 'static_parser': 'True', 'introspect': 'True', 'warn_error_options': 'WarnErrorOptions(include=[], exclude=[])', 'target_path': 'None', 'invocation_command': 'dbt run --models fact_security', 'send_anonymous_usage_stats': 'True'}
[0m22:11:48.288240 [debug] [MainThread]: Sending event: {'category': 'dbt', 'action': 'project_id', 'label': '5833fa21-a059-4325-a2fa-0fe78660e7f6', 'context': [<snowplow_tracker.self_describing_json.SelfDescribingJson object at 0x7dbd8827dea0>]}
[0m22:11:48.333774 [debug] [MainThread]: Sending event: {'category': 'dbt', 'action': 'adapter_info', 'label': '5833fa21-a059-4325-a2fa-0fe78660e7f6', 'context': [<snowplow_tracker.self_describing_json.SelfDescribingJson object at 0x7dbd88247fd0>]}
[0m22:11:48.334430 [info ] [MainThread]: Registered adapter: bigquery=1.9.2
[0m22:11:48.473178 [debug] [MainThread]: checksum: 2898e47e730fa32147e5ae95c02f42c1d51b8fd2b81922b9b731f0208caf4dff, vars: {}, profile: , target: , version: 1.9.8
[0m22:11:48.590563 [debug] [MainThread]: Partial parsing enabled: 0 files deleted, 0 files added, 0 files changed.
[0m22:11:48.591039 [debug] [MainThread]: Partial parsing enabled, no changes found, skipping parsing
[0m22:11:48.639190 [debug] [MainThread]: Sending event: {'category': 'dbt', 'action': 'load_project', 'label': '5833fa21-a059-4325-a2fa-0fe78660e7f6', 'context': [<snowplow_tracker.self_describing_json.SelfDescribingJson object at 0x7dbd54524df0>]}
[0m22:11:48.735318 [debug] [MainThread]: Wrote artifact WritableManifest to /home/norman/NTU-Project-Data-Science-AI_Norman/NTU-Project-Data-Science-AI/TA_undervalue_stock/target/manifest.json
[0m22:11:48.736958 [debug] [MainThread]: Wrote artifact SemanticManifest to /home/norman/NTU-Project-Data-Science-AI_Norman/NTU-Project-Data-Science-AI/TA_undervalue_stock/target/semantic_manifest.json
[0m22:11:48.747495 [debug] [MainThread]: Sending event: {'category': 'dbt', 'action': 'resource_counts', 'label': '5833fa21-a059-4325-a2fa-0fe78660e7f6', 'context': [<snowplow_tracker.self_describing_json.SelfDescribingJson object at 0x7dbd54527700>]}
[0m22:11:48.748103 [info ] [MainThread]: Found 3 models, 32 data tests, 4 sources, 493 macros
[0m22:11:48.748506 [debug] [MainThread]: Sending event: {'category': 'dbt', 'action': 'runnable_timing', 'label': '5833fa21-a059-4325-a2fa-0fe78660e7f6', 'context': [<snowplow_tracker.self_describing_json.SelfDescribingJson object at 0x7dbd54503c70>]}
[0m22:11:48.750230 [info ] [MainThread]: 
[0m22:11:48.750742 [info ] [MainThread]: Concurrency: 1 threads (target='dev')
[0m22:11:48.751053 [info ] [MainThread]: 
[0m22:11:48.751568 [debug] [MainThread]: Acquiring new bigquery connection 'master'
[0m22:11:48.752731 [debug] [ThreadPool]: Acquiring new bigquery connection 'list_deft-beacon-354008'
[0m22:11:48.753198 [debug] [ThreadPool]: Opening a new connection, currently in state init
[0m22:11:50.061501 [debug] [ThreadPool]: Re-using an available connection from the pool (formerly list_deft-beacon-354008, now list_deft-beacon-354008_stock_analysis)
[0m22:11:50.062292 [debug] [ThreadPool]: Opening a new connection, currently in state closed
[0m22:11:50.465971 [debug] [MainThread]: Sending event: {'category': 'dbt', 'action': 'runnable_timing', 'label': '5833fa21-a059-4325-a2fa-0fe78660e7f6', 'context': [<snowplow_tracker.self_describing_json.SelfDescribingJson object at 0x7dbd88244880>]}
[0m22:11:50.467044 [debug] [MainThread]: Opening a new connection, currently in state init
[0m22:11:50.472506 [debug] [Thread-1 (]: Began running node model.stock_analysis.fact_security
[0m22:11:50.473342 [info ] [Thread-1 (]: 1 of 1 START sql table model stock_analysis.fact_security ...................... [RUN]
[0m22:11:50.474240 [debug] [Thread-1 (]: Re-using an available connection from the pool (formerly list_deft-beacon-354008_stock_analysis, now model.stock_analysis.fact_security)
[0m22:11:50.474685 [debug] [Thread-1 (]: Began compiling node model.stock_analysis.fact_security
[0m22:11:50.484061 [debug] [Thread-1 (]: Writing injected SQL for node "model.stock_analysis.fact_security"
[0m22:11:50.484794 [debug] [Thread-1 (]: Began executing node model.stock_analysis.fact_security
[0m22:11:50.495343 [debug] [Thread-1 (]: Opening a new connection, currently in state closed
[0m22:11:50.927950 [debug] [Thread-1 (]: Writing runtime sql for node "model.stock_analysis.fact_security"
[0m22:11:50.928811 [debug] [Thread-1 (]: On model.stock_analysis.fact_security: /* {"app": "dbt", "dbt_version": "1.9.8", "profile_name": "stock_analysis", "target_name": "dev", "node_id": "model.stock_analysis.fact_security"} */

  
    

    create or replace table `deft-beacon-354008`.`stock_analysis`.`fact_security`
      
    
    

    OPTIONS()
    as (
      

WITH dup_data AS (
SELECT
  t.ticker_symbol,
  DATE(t.date) AS date,
  t.close_price,
  t.high_price,
  t.low_price,
  t.open_price,
  t.stock_splits,
  t.dividend,
  t.volume_traded,
  f.GDP_growth_rate,
  f.UMCSENT,
  f.inflation_rate,
  f.interest_rate,
  f.unemployment_rate,
  i.forward_eps,
  i.forward_pe,
  i.market_cap,
  i.trailing_eps,
  i.trailing_pe,
  ta.ema_50,
  ta.rsi_14,
  ta.sma_50
FROM `deft-beacon-354008`.`stock_analysis`.`combined_tickers` t
LEFT JOIN `deft-beacon-354008`.`stock_analysis`.`fred` f
  ON DATE(t.date) = DATE(f.date)
LEFT JOIN `deft-beacon-354008`.`stock_analysis`.`stock_info` i
  ON t.ticker_symbol = i.ticker_symbol AND DATE(t.date) BETWEEN '2025-04-01' AND '2025-06-30'
LEFT JOIN `deft-beacon-354008`.`stock_analysis`.`techincal_indicator` ta
  ON DATE(t.date) = DATE(ta.date) and t.ticker_symbol = ta.ticker_symbol
)
SELECT 
  ticker_symbol,
  date,
  ANY_VALUE(close_price) AS close_price,
  ANY_VALUE(high_price) AS high_price,
  ANY_VALUE(low_price) AS low_price,
  ANY_VALUE(open_price) AS open_price,
  ANY_VALUE(stock_splits) AS stock_splits,
  ANY_VALUE(dividend) AS dividend,
  ANY_VALUE(volume_traded) AS volume_traded,
  ANY_VALUE(GDP_growth_rate) AS GDP_growth_rate,
  ANY_VALUE(UMCSENT) AS UMCSENT,
  ANY_VALUE(inflation_rate) AS inflation_rate,
  ANY_VALUE(interest_rate) AS interest_rate,
  ANY_VALUE(unemployment_rate) AS unemployment_rate,
  ANY_VALUE(forward_eps) AS forward_eps,
  ANY_VALUE(forward_pe) AS forward_pe,
  ANY_VALUE(market_cap) AS market_cap,
  ANY_VALUE(trailing_eps) AS trailing_eps,
  ANY_VALUE(trailing_pe) AS trailing_pe,
  ANY_VALUE(ema_50) AS ema_50,
  ANY_VALUE(rsi_14) AS rsi_14,
  ANY_VALUE(sma_50) AS sma_50
FROM dup_data 
GROUP BY ticker_symbol, date
    );
  
[0m22:11:51.542056 [debug] [Thread-1 (]: BigQuery adapter: https://console.cloud.google.com/bigquery?project=deft-beacon-354008&j=bq:US:722f7381-986a-4c8a-a21a-b1daa1b0ee63&page=queryresults
[0m22:11:54.601694 [debug] [Thread-1 (]: Sending event: {'category': 'dbt', 'action': 'run_model', 'label': '5833fa21-a059-4325-a2fa-0fe78660e7f6', 'context': [<snowplow_tracker.self_describing_json.SelfDescribingJson object at 0x7dbd89c2bb50>]}
[0m22:11:54.602454 [info ] [Thread-1 (]: 1 of 1 OK created sql table model stock_analysis.fact_security ................. [[32mCREATE TABLE (5.0k rows, 694.2 KiB processed)[0m in 4.13s]
[0m22:11:54.602938 [debug] [Thread-1 (]: Finished running node model.stock_analysis.fact_security
[0m22:11:54.604611 [debug] [MainThread]: Opening a new connection, currently in state closed
[0m22:11:54.605176 [debug] [MainThread]: Connection 'master' was properly closed.
[0m22:11:54.605427 [debug] [MainThread]: Connection 'model.stock_analysis.fact_security' was properly closed.
[0m22:11:54.605662 [info ] [MainThread]: 
[0m22:11:54.605969 [info ] [MainThread]: Finished running 1 table model in 0 hours 0 minutes and 5.85 seconds (5.85s).
[0m22:11:54.606435 [debug] [MainThread]: Command end result
[0m22:11:54.627211 [debug] [MainThread]: Wrote artifact WritableManifest to /home/norman/NTU-Project-Data-Science-AI_Norman/NTU-Project-Data-Science-AI/TA_undervalue_stock/target/manifest.json
[0m22:11:54.628674 [debug] [MainThread]: Wrote artifact SemanticManifest to /home/norman/NTU-Project-Data-Science-AI_Norman/NTU-Project-Data-Science-AI/TA_undervalue_stock/target/semantic_manifest.json
[0m22:11:54.632974 [debug] [MainThread]: Wrote artifact RunExecutionResult to /home/norman/NTU-Project-Data-Science-AI_Norman/NTU-Project-Data-Science-AI/TA_undervalue_stock/target/run_results.json
[0m22:11:54.633295 [info ] [MainThread]: 
[0m22:11:54.633587 [info ] [MainThread]: [32mCompleted successfully[0m
[0m22:11:54.633830 [info ] [MainThread]: 
[0m22:11:54.634058 [info ] [MainThread]: Done. PASS=1 WARN=0 ERROR=0 SKIP=0 TOTAL=1
[0m22:11:54.634814 [debug] [MainThread]: Resource report: {"command_name": "run", "command_success": true, "command_wall_clock_time": 8.183786, "process_in_blocks": "0", "process_kernel_time": 0.266433, "process_mem_max_rss": "356752", "process_out_blocks": "2464", "process_user_time": 4.185701}
[0m22:11:54.635163 [debug] [MainThread]: Command `dbt run` succeeded at 22:11:54.635088 after 8.18 seconds
[0m22:11:54.635432 [debug] [MainThread]: Sending event: {'category': 'dbt', 'action': 'invocation', 'label': 'end', 'context': [<snowplow_tracker.self_describing_json.SelfDescribingJson object at 0x7dbd890c49d0>, <snowplow_tracker.self_describing_json.SelfDescribingJson object at 0x7dbd890fecb0>, <snowplow_tracker.self_describing_json.SelfDescribingJson object at 0x7dbd544be050>]}
[0m22:11:54.635704 [debug] [MainThread]: Flushing usage events
[0m22:11:55.706119 [debug] [MainThread]: An error was encountered while trying to flush usage events
[0m22:15:13.879849 [debug] [MainThread]: Sending event: {'category': 'dbt', 'action': 'invocation', 'label': 'start', 'context': [<snowplow_tracker.self_describing_json.SelfDescribingJson object at 0x7da4c5c8c9a0>, <snowplow_tracker.self_describing_json.SelfDescribingJson object at 0x7da4c4e460b0>, <snowplow_tracker.self_describing_json.SelfDescribingJson object at 0x7da4c4e46050>]}


============================== 22:15:13.883283 | 22456f98-b24f-471a-a280-5381c101c235 ==============================
[0m22:15:13.883283 [info ] [MainThread]: Running with dbt=1.9.8
[0m22:15:13.883906 [debug] [MainThread]: running dbt with arguments {'printer_width': '80', 'indirect_selection': 'eager', 'log_cache_events': 'False', 'write_json': 'True', 'partial_parse': 'True', 'cache_selected_only': 'False', 'warn_error': 'None', 'version_check': 'True', 'fail_fast': 'False', 'log_path': '/home/norman/NTU-Project-Data-Science-AI_Norman/NTU-Project-Data-Science-AI/TA_undervalue_stock/logs', 'debug': 'False', 'profiles_dir': '/home/norman/NTU-Project-Data-Science-AI_Norman/NTU-Project-Data-Science-AI/TA_undervalue_stock', 'use_colors': 'True', 'use_experimental_parser': 'False', 'empty': 'None', 'quiet': 'False', 'no_print': 'None', 'log_format': 'default', 'invocation_command': 'dbt ls', 'warn_error_options': 'WarnErrorOptions(include=[], exclude=[])', 'static_parser': 'True', 'target_path': 'None', 'introspect': 'True', 'send_anonymous_usage_stats': 'True'}
[0m22:15:15.740045 [debug] [MainThread]: Sending event: {'category': 'dbt', 'action': 'project_id', 'label': '22456f98-b24f-471a-a280-5381c101c235', 'context': [<snowplow_tracker.self_describing_json.SelfDescribingJson object at 0x7da4c763dae0>]}
[0m22:15:15.790581 [debug] [MainThread]: Sending event: {'category': 'dbt', 'action': 'adapter_info', 'label': '22456f98-b24f-471a-a280-5381c101c235', 'context': [<snowplow_tracker.self_describing_json.SelfDescribingJson object at 0x7da49676d210>]}
[0m22:15:15.791241 [info ] [MainThread]: Registered adapter: bigquery=1.9.2
[0m22:15:15.935093 [debug] [MainThread]: checksum: 2898e47e730fa32147e5ae95c02f42c1d51b8fd2b81922b9b731f0208caf4dff, vars: {}, profile: , target: , version: 1.9.8
[0m22:15:16.033185 [debug] [MainThread]: Partial parsing enabled: 0 files deleted, 0 files added, 0 files changed.
[0m22:15:16.033638 [debug] [MainThread]: Partial parsing enabled, no changes found, skipping parsing
[0m22:15:16.073179 [debug] [MainThread]: Sending event: {'category': 'dbt', 'action': 'load_project', 'label': '22456f98-b24f-471a-a280-5381c101c235', 'context': [<snowplow_tracker.self_describing_json.SelfDescribingJson object at 0x7da491110a30>]}
[0m22:15:16.147762 [debug] [MainThread]: Wrote artifact WritableManifest to /home/norman/NTU-Project-Data-Science-AI_Norman/NTU-Project-Data-Science-AI/TA_undervalue_stock/target/manifest.json
[0m22:15:16.149206 [debug] [MainThread]: Wrote artifact SemanticManifest to /home/norman/NTU-Project-Data-Science-AI_Norman/NTU-Project-Data-Science-AI/TA_undervalue_stock/target/semantic_manifest.json
[0m22:15:16.158252 [debug] [MainThread]: Sending event: {'category': 'dbt', 'action': 'resource_counts', 'label': '22456f98-b24f-471a-a280-5381c101c235', 'context': [<snowplow_tracker.self_describing_json.SelfDescribingJson object at 0x7da4910f3b50>]}
[0m22:15:16.158822 [info ] [MainThread]: Found 3 models, 32 data tests, 4 sources, 493 macros
[0m22:15:16.159184 [debug] [MainThread]: Sending event: {'category': 'dbt', 'action': 'runnable_timing', 'label': '22456f98-b24f-471a-a280-5381c101c235', 'context': [<snowplow_tracker.self_describing_json.SelfDescribingJson object at 0x7da4910f3c40>]}
[0m22:15:16.160209 [info ] [MainThread]: stock_analysis.dim_date
[0m22:15:16.160521 [info ] [MainThread]: stock_analysis.dim_info
[0m22:15:16.160927 [info ] [MainThread]: stock_analysis.fact_security
[0m22:15:16.161324 [info ] [MainThread]: source:stock_analysis.stock_analysis.combined_tickers
[0m22:15:16.161636 [info ] [MainThread]: source:stock_analysis.stock_analysis.fred
[0m22:15:16.162030 [info ] [MainThread]: source:stock_analysis.stock_analysis.stock_info
[0m22:15:16.162319 [info ] [MainThread]: source:stock_analysis.stock_analysis.techincal_indicator
[0m22:15:16.162631 [info ] [MainThread]: stock_analysis.dbt_expectations_expect_column_values_to_be_of_type_dim_date_date__date
[0m22:15:16.163093 [info ] [MainThread]: stock_analysis.dbt_expectations_expect_column_values_to_be_of_type_dim_info_company_description__string
[0m22:15:16.163416 [info ] [MainThread]: stock_analysis.dbt_expectations_expect_column_values_to_be_of_type_dim_info_company_name__string
[0m22:15:16.163727 [info ] [MainThread]: stock_analysis.dbt_expectations_expect_column_values_to_be_of_type_dim_info_country__string
[0m22:15:16.164050 [info ] [MainThread]: stock_analysis.dbt_expectations_expect_column_values_to_be_of_type_dim_info_industry__string
[0m22:15:16.164405 [info ] [MainThread]: stock_analysis.dbt_expectations_expect_column_values_to_be_of_type_dim_info_sector__string
[0m22:15:16.164653 [info ] [MainThread]: stock_analysis.dbt_expectations_expect_column_values_to_be_of_type_dim_info_ticker_symbol__string
[0m22:15:16.164881 [info ] [MainThread]: stock_analysis.dbt_expectations_expect_column_values_to_be_of_type_fact_security_date__date
[0m22:15:16.165124 [info ] [MainThread]: stock_analysis.dbt_expectations_expect_column_values_to_be_of_type_fact_security_ticker_symbol__string
[0m22:15:16.165330 [info ] [MainThread]: stock_analysis.dbt_expectations_expect_compound_columns_to_be_unique_fact_security_ticker_symbol__date
[0m22:15:16.165530 [info ] [MainThread]: stock_analysis.dbt_utils_accepted_range_dim_date_date__CURRENT_DATE_
[0m22:15:16.165732 [info ] [MainThread]: stock_analysis.dbt_utils_accepted_range_fact_security_date__CURRENT_DATE_
[0m22:15:16.165928 [info ] [MainThread]: stock_analysis.not_null_dim_date_date
[0m22:15:16.166122 [info ] [MainThread]: stock_analysis.not_null_dim_info_company_description
[0m22:15:16.166325 [info ] [MainThread]: stock_analysis.not_null_dim_info_company_name
[0m22:15:16.166541 [info ] [MainThread]: stock_analysis.not_null_dim_info_country
[0m22:15:16.166742 [info ] [MainThread]: stock_analysis.not_null_dim_info_industry
[0m22:15:16.166943 [info ] [MainThread]: stock_analysis.not_null_dim_info_sector
[0m22:15:16.167143 [info ] [MainThread]: stock_analysis.not_null_dim_info_ticker_symbol
[0m22:15:16.167342 [info ] [MainThread]: stock_analysis.not_null_fact_security_close_price
[0m22:15:16.167547 [info ] [MainThread]: stock_analysis.not_null_fact_security_date
[0m22:15:16.167757 [info ] [MainThread]: stock_analysis.not_null_fact_security_high_price
[0m22:15:16.167958 [info ] [MainThread]: stock_analysis.not_null_fact_security_low_price
[0m22:15:16.168159 [info ] [MainThread]: stock_analysis.not_null_fact_security_open_price
[0m22:15:16.168360 [info ] [MainThread]: stock_analysis.not_null_fact_security_ticker_symbol
[0m22:15:16.168560 [info ] [MainThread]: stock_analysis.not_null_fact_security_volume_traded
[0m22:15:16.168782 [info ] [MainThread]: stock_analysis.relationships_fact_security_date__date__ref_dim_date_
[0m22:15:16.168995 [info ] [MainThread]: stock_analysis.relationships_fact_security_ticker_symbol__ticker_symbol__ref_dim_info_
[0m22:15:16.169205 [info ] [MainThread]: stock_analysis.unique_dim_date_date
[0m22:15:16.169404 [info ] [MainThread]: stock_analysis.unique_dim_info_company_description
[0m22:15:16.169600 [info ] [MainThread]: stock_analysis.unique_dim_info_company_name
[0m22:15:16.169798 [info ] [MainThread]: stock_analysis.unique_dim_info_ticker_symbol
[0m22:15:16.170577 [debug] [MainThread]: Resource report: {"command_name": "list", "command_success": true, "command_wall_clock_time": 2.3351495, "process_in_blocks": "16", "process_kernel_time": 0.326035, "process_mem_max_rss": "350016", "process_out_blocks": "1280", "process_user_time": 3.890193}
[0m22:15:16.171135 [debug] [MainThread]: Command `dbt ls` succeeded at 22:15:16.171042 after 2.34 seconds
[0m22:15:16.171461 [debug] [MainThread]: Sending event: {'category': 'dbt', 'action': 'invocation', 'label': 'end', 'context': [<snowplow_tracker.self_describing_json.SelfDescribingJson object at 0x7da4c5c8c9a0>, <snowplow_tracker.self_describing_json.SelfDescribingJson object at 0x7da4c763dae0>, <snowplow_tracker.self_describing_json.SelfDescribingJson object at 0x7da491289c30>]}
[0m22:15:16.171784 [debug] [MainThread]: Flushing usage events
[0m22:15:17.277918 [debug] [MainThread]: An error was encountered while trying to flush usage events
[0m22:15:33.655315 [debug] [MainThread]: Sending event: {'category': 'dbt', 'action': 'invocation', 'label': 'start', 'context': [<snowplow_tracker.self_describing_json.SelfDescribingJson object at 0x77d8284bc940>, <snowplow_tracker.self_describing_json.SelfDescribingJson object at 0x77d827675db0>, <snowplow_tracker.self_describing_json.SelfDescribingJson object at 0x77d827675d50>]}


============================== 22:15:33.657757 | 41dfc325-b1f8-46d7-b9a9-b7e663bac1c4 ==============================
[0m22:15:33.657757 [info ] [MainThread]: Running with dbt=1.9.8
[0m22:15:33.658220 [debug] [MainThread]: running dbt with arguments {'printer_width': '80', 'indirect_selection': 'eager', 'write_json': 'True', 'log_cache_events': 'False', 'partial_parse': 'True', 'cache_selected_only': 'False', 'profiles_dir': '/home/norman/NTU-Project-Data-Science-AI_Norman/NTU-Project-Data-Science-AI/TA_undervalue_stock', 'debug': 'False', 'version_check': 'True', 'log_path': '/home/norman/NTU-Project-Data-Science-AI_Norman/NTU-Project-Data-Science-AI/TA_undervalue_stock/logs', 'warn_error': 'None', 'fail_fast': 'False', 'use_colors': 'True', 'use_experimental_parser': 'False', 'empty': 'False', 'quiet': 'False', 'no_print': 'None', 'warn_error_options': 'WarnErrorOptions(include=[], exclude=[])', 'static_parser': 'True', 'invocation_command': 'dbt run --models dim_security', 'log_format': 'default', 'target_path': 'None', 'introspect': 'True', 'send_anonymous_usage_stats': 'True'}
[0m22:15:35.433435 [debug] [MainThread]: Sending event: {'category': 'dbt', 'action': 'project_id', 'label': '41dfc325-b1f8-46d7-b9a9-b7e663bac1c4', 'context': [<snowplow_tracker.self_describing_json.SelfDescribingJson object at 0x77d7f3fe8730>]}
[0m22:15:35.476523 [debug] [MainThread]: Sending event: {'category': 'dbt', 'action': 'adapter_info', 'label': '41dfc325-b1f8-46d7-b9a9-b7e663bac1c4', 'context': [<snowplow_tracker.self_describing_json.SelfDescribingJson object at 0x77d82789f670>]}
[0m22:15:35.477124 [info ] [MainThread]: Registered adapter: bigquery=1.9.2
[0m22:15:35.597245 [debug] [MainThread]: checksum: 2898e47e730fa32147e5ae95c02f42c1d51b8fd2b81922b9b731f0208caf4dff, vars: {}, profile: , target: , version: 1.9.8
[0m22:15:35.691610 [debug] [MainThread]: Partial parsing enabled: 0 files deleted, 0 files added, 0 files changed.
[0m22:15:35.691986 [debug] [MainThread]: Partial parsing enabled, no changes found, skipping parsing
[0m22:15:35.725679 [debug] [MainThread]: Sending event: {'category': 'dbt', 'action': 'load_project', 'label': '41dfc325-b1f8-46d7-b9a9-b7e663bac1c4', 'context': [<snowplow_tracker.self_describing_json.SelfDescribingJson object at 0x77d7f395be50>]}
[0m22:15:35.797226 [debug] [MainThread]: Wrote artifact WritableManifest to /home/norman/NTU-Project-Data-Science-AI_Norman/NTU-Project-Data-Science-AI/TA_undervalue_stock/target/manifest.json
[0m22:15:35.798601 [debug] [MainThread]: Wrote artifact SemanticManifest to /home/norman/NTU-Project-Data-Science-AI_Norman/NTU-Project-Data-Science-AI/TA_undervalue_stock/target/semantic_manifest.json
[0m22:15:35.807504 [debug] [MainThread]: Sending event: {'category': 'dbt', 'action': 'resource_counts', 'label': '41dfc325-b1f8-46d7-b9a9-b7e663bac1c4', 'context': [<snowplow_tracker.self_describing_json.SelfDescribingJson object at 0x77d7f3959a20>]}
[0m22:15:35.807967 [info ] [MainThread]: Found 3 models, 32 data tests, 4 sources, 493 macros
[0m22:15:35.808295 [debug] [MainThread]: Sending event: {'category': 'dbt', 'action': 'runnable_timing', 'label': '41dfc325-b1f8-46d7-b9a9-b7e663bac1c4', 'context': [<snowplow_tracker.self_describing_json.SelfDescribingJson object at 0x77d7f3932dd0>]}
[0m22:15:35.808837 [warn ] [MainThread]: The selection criterion 'dim_security' does not match any enabled nodes
[0m22:15:35.810109 [warn ] [MainThread]: Nothing to do. Try checking your model configs and model specification args
[0m22:15:35.813614 [debug] [MainThread]: Command end result
[0m22:15:35.833066 [debug] [MainThread]: Wrote artifact WritableManifest to /home/norman/NTU-Project-Data-Science-AI_Norman/NTU-Project-Data-Science-AI/TA_undervalue_stock/target/manifest.json
[0m22:15:35.834362 [debug] [MainThread]: Wrote artifact SemanticManifest to /home/norman/NTU-Project-Data-Science-AI_Norman/NTU-Project-Data-Science-AI/TA_undervalue_stock/target/semantic_manifest.json
[0m22:15:35.836673 [debug] [MainThread]: Wrote artifact RunExecutionResult to /home/norman/NTU-Project-Data-Science-AI_Norman/NTU-Project-Data-Science-AI/TA_undervalue_stock/target/run_results.json
[0m22:15:35.837420 [debug] [MainThread]: Resource report: {"command_name": "run", "command_success": true, "command_wall_clock_time": 2.2215066, "process_in_blocks": "0", "process_kernel_time": 0.256208, "process_mem_max_rss": "350372", "process_out_blocks": "2432", "process_user_time": 3.95403}
[0m22:15:35.837859 [debug] [MainThread]: Command `dbt run` succeeded at 22:15:35.837777 after 2.22 seconds
[0m22:15:35.838142 [debug] [MainThread]: Sending event: {'category': 'dbt', 'action': 'invocation', 'label': 'end', 'context': [<snowplow_tracker.self_describing_json.SelfDescribingJson object at 0x77d8284bc940>, <snowplow_tracker.self_describing_json.SelfDescribingJson object at 0x77d82789f670>, <snowplow_tracker.self_describing_json.SelfDescribingJson object at 0x77d7f3af18a0>]}
[0m22:15:35.838454 [debug] [MainThread]: Flushing usage events
[0m22:15:36.954934 [debug] [MainThread]: An error was encountered while trying to flush usage events
[0m22:19:19.271148 [debug] [MainThread]: Sending event: {'category': 'dbt', 'action': 'invocation', 'label': 'start', 'context': [<snowplow_tracker.self_describing_json.SelfDescribingJson object at 0x78bc54ab89a0>, <snowplow_tracker.self_describing_json.SelfDescribingJson object at 0x78bc53c71de0>, <snowplow_tracker.self_describing_json.SelfDescribingJson object at 0x78bc53c71d80>]}


============================== 22:19:19.273365 | 55d9c56c-8bf3-4692-9604-6f5c01ec947e ==============================
[0m22:19:19.273365 [info ] [MainThread]: Running with dbt=1.9.8
[0m22:19:19.273865 [debug] [MainThread]: running dbt with arguments {'printer_width': '80', 'indirect_selection': 'eager', 'log_cache_events': 'False', 'write_json': 'True', 'partial_parse': 'True', 'cache_selected_only': 'False', 'warn_error': 'None', 'version_check': 'True', 'fail_fast': 'False', 'log_path': '/home/norman/NTU-Project-Data-Science-AI_Norman/NTU-Project-Data-Science-AI/TA_undervalue_stock/logs', 'debug': 'False', 'profiles_dir': '/home/norman/NTU-Project-Data-Science-AI_Norman/NTU-Project-Data-Science-AI/TA_undervalue_stock', 'use_colors': 'True', 'use_experimental_parser': 'False', 'empty': 'False', 'quiet': 'False', 'no_print': 'None', 'warn_error_options': 'WarnErrorOptions(include=[], exclude=[])', 'static_parser': 'True', 'log_format': 'default', 'introspect': 'True', 'target_path': 'None', 'invocation_command': 'dbt run --models dim_info', 'send_anonymous_usage_stats': 'True'}
[0m22:19:21.097121 [debug] [MainThread]: Sending event: {'category': 'dbt', 'action': 'project_id', 'label': '55d9c56c-8bf3-4692-9604-6f5c01ec947e', 'context': [<snowplow_tracker.self_describing_json.SelfDescribingJson object at 0x78bc56475ae0>]}
[0m22:19:21.148655 [debug] [MainThread]: Sending event: {'category': 'dbt', 'action': 'adapter_info', 'label': '55d9c56c-8bf3-4692-9604-6f5c01ec947e', 'context': [<snowplow_tracker.self_describing_json.SelfDescribingJson object at 0x78bc255a2a70>]}
[0m22:19:21.149338 [info ] [MainThread]: Registered adapter: bigquery=1.9.2
[0m22:19:21.321819 [debug] [MainThread]: checksum: 2898e47e730fa32147e5ae95c02f42c1d51b8fd2b81922b9b731f0208caf4dff, vars: {}, profile: , target: , version: 1.9.8
[0m22:19:21.421956 [debug] [MainThread]: Partial parsing enabled: 0 files deleted, 0 files added, 0 files changed.
[0m22:19:21.422359 [debug] [MainThread]: Partial parsing enabled, no changes found, skipping parsing
[0m22:19:21.461540 [debug] [MainThread]: Sending event: {'category': 'dbt', 'action': 'load_project', 'label': '55d9c56c-8bf3-4692-9604-6f5c01ec947e', 'context': [<snowplow_tracker.self_describing_json.SelfDescribingJson object at 0x78bc1ff906a0>]}
[0m22:19:21.535899 [debug] [MainThread]: Wrote artifact WritableManifest to /home/norman/NTU-Project-Data-Science-AI_Norman/NTU-Project-Data-Science-AI/TA_undervalue_stock/target/manifest.json
[0m22:19:21.537450 [debug] [MainThread]: Wrote artifact SemanticManifest to /home/norman/NTU-Project-Data-Science-AI_Norman/NTU-Project-Data-Science-AI/TA_undervalue_stock/target/semantic_manifest.json
[0m22:19:21.547051 [debug] [MainThread]: Sending event: {'category': 'dbt', 'action': 'resource_counts', 'label': '55d9c56c-8bf3-4692-9604-6f5c01ec947e', 'context': [<snowplow_tracker.self_describing_json.SelfDescribingJson object at 0x78bc1ff92a40>]}
[0m22:19:21.547540 [info ] [MainThread]: Found 3 models, 32 data tests, 4 sources, 493 macros
[0m22:19:21.547881 [debug] [MainThread]: Sending event: {'category': 'dbt', 'action': 'runnable_timing', 'label': '55d9c56c-8bf3-4692-9604-6f5c01ec947e', 'context': [<snowplow_tracker.self_describing_json.SelfDescribingJson object at 0x78bc1ff77ac0>]}
[0m22:19:21.549159 [info ] [MainThread]: 
[0m22:19:21.549535 [info ] [MainThread]: Concurrency: 1 threads (target='dev')
[0m22:19:21.549797 [info ] [MainThread]: 
[0m22:19:21.550241 [debug] [MainThread]: Acquiring new bigquery connection 'master'
[0m22:19:21.551327 [debug] [ThreadPool]: Acquiring new bigquery connection 'list_deft-beacon-354008'
[0m22:19:21.552200 [debug] [ThreadPool]: Opening a new connection, currently in state init
[0m22:19:22.864950 [debug] [ThreadPool]: Re-using an available connection from the pool (formerly list_deft-beacon-354008, now list_deft-beacon-354008_stock_analysis)
[0m22:19:22.865368 [debug] [ThreadPool]: Opening a new connection, currently in state closed
[0m22:19:23.310116 [debug] [MainThread]: Sending event: {'category': 'dbt', 'action': 'runnable_timing', 'label': '55d9c56c-8bf3-4692-9604-6f5c01ec947e', 'context': [<snowplow_tracker.self_describing_json.SelfDescribingJson object at 0x78bc53c3d9f0>]}
[0m22:19:23.310735 [debug] [MainThread]: Opening a new connection, currently in state init
[0m22:19:23.316919 [debug] [Thread-1 (]: Began running node model.stock_analysis.dim_info
[0m22:19:23.317439 [info ] [Thread-1 (]: 1 of 1 START sql table model stock_analysis.dim_info ........................... [RUN]
[0m22:19:23.317918 [debug] [Thread-1 (]: Re-using an available connection from the pool (formerly list_deft-beacon-354008_stock_analysis, now model.stock_analysis.dim_info)
[0m22:19:23.318227 [debug] [Thread-1 (]: Began compiling node model.stock_analysis.dim_info
[0m22:19:23.326246 [debug] [Thread-1 (]: Writing injected SQL for node "model.stock_analysis.dim_info"
[0m22:19:23.326900 [debug] [Thread-1 (]: Began executing node model.stock_analysis.dim_info
[0m22:19:23.336840 [debug] [Thread-1 (]: Opening a new connection, currently in state closed
[0m22:19:23.795065 [debug] [Thread-1 (]: Writing runtime sql for node "model.stock_analysis.dim_info"
[0m22:19:23.795811 [debug] [Thread-1 (]: On model.stock_analysis.dim_info: /* {"app": "dbt", "dbt_version": "1.9.8", "profile_name": "stock_analysis", "target_name": "dev", "node_id": "model.stock_analysis.dim_info"} */

  
    

    create or replace table `deft-beacon-354008`.`stock_analysis`.`dim_info`
      
    
    

    OPTIONS()
    as (
      

SELECT
  ticker_symbol,
  company_description,
  company_name,
  country,
  industry,
  sector
FROM `deft-beacon-354008`.`stock_analysis`.`stock_info`
    );
  
[0m22:19:24.443469 [debug] [Thread-1 (]: BigQuery adapter: https://console.cloud.google.com/bigquery?project=deft-beacon-354008&j=bq:US:03390b0c-080e-45a1-b4d8-7c7cb0b2d373&page=queryresults
[0m22:19:26.799108 [debug] [Thread-1 (]: Sending event: {'category': 'dbt', 'action': 'run_model', 'label': '55d9c56c-8bf3-4692-9604-6f5c01ec947e', 'context': [<snowplow_tracker.self_describing_json.SelfDescribingJson object at 0x78bc255e8700>]}
[0m22:19:26.799737 [info ] [Thread-1 (]: 1 of 1 OK created sql table model stock_analysis.dim_info ...................... [[32mCREATE TABLE (4.0 rows, 7.0 KiB processed)[0m in 3.48s]
[0m22:19:26.800327 [debug] [Thread-1 (]: Finished running node model.stock_analysis.dim_info
[0m22:19:26.802492 [debug] [MainThread]: Opening a new connection, currently in state closed
[0m22:19:26.803116 [debug] [MainThread]: Connection 'master' was properly closed.
[0m22:19:26.803376 [debug] [MainThread]: Connection 'model.stock_analysis.dim_info' was properly closed.
[0m22:19:26.803642 [info ] [MainThread]: 
[0m22:19:26.803928 [info ] [MainThread]: Finished running 1 table model in 0 hours 0 minutes and 5.25 seconds (5.25s).
[0m22:19:26.804440 [debug] [MainThread]: Command end result
[0m22:19:25.563273 [debug] [MainThread]: Wrote artifact WritableManifest to /home/norman/NTU-Project-Data-Science-AI_Norman/NTU-Project-Data-Science-AI/TA_undervalue_stock/target/manifest.json
[0m22:19:25.564708 [debug] [MainThread]: Wrote artifact SemanticManifest to /home/norman/NTU-Project-Data-Science-AI_Norman/NTU-Project-Data-Science-AI/TA_undervalue_stock/target/semantic_manifest.json
[0m22:19:25.569163 [debug] [MainThread]: Wrote artifact RunExecutionResult to /home/norman/NTU-Project-Data-Science-AI_Norman/NTU-Project-Data-Science-AI/TA_undervalue_stock/target/run_results.json
[0m22:19:25.569475 [info ] [MainThread]: 
[0m22:19:25.569783 [info ] [MainThread]: [32mCompleted successfully[0m
[0m22:19:25.570028 [info ] [MainThread]: 
[0m22:19:25.570425 [info ] [MainThread]: Done. PASS=1 WARN=0 ERROR=0 SKIP=0 TOTAL=1
[0m22:19:25.571148 [debug] [MainThread]: Resource report: {"command_name": "run", "command_success": true, "command_wall_clock_time": 7.7312574, "process_in_blocks": "0", "process_kernel_time": 0.30509, "process_mem_max_rss": "356692", "process_out_blocks": "2448", "process_user_time": 4.328217}
[0m22:19:25.571563 [debug] [MainThread]: Command `dbt run` succeeded at 22:19:25.571487 after 7.73 seconds
[0m22:19:25.571830 [debug] [MainThread]: Sending event: {'category': 'dbt', 'action': 'invocation', 'label': 'end', 'context': [<snowplow_tracker.self_describing_json.SelfDescribingJson object at 0x78bc54ab89a0>, <snowplow_tracker.self_describing_json.SelfDescribingJson object at 0x78bc255a2a70>, <snowplow_tracker.self_describing_json.SelfDescribingJson object at 0x78bc2056ab30>]}
[0m22:19:25.572137 [debug] [MainThread]: Flushing usage events
[0m22:19:26.606044 [debug] [MainThread]: An error was encountered while trying to flush usage events
[0m14:44:44.438821 [debug] [MainThread]: Sending event: {'category': 'dbt', 'action': 'invocation', 'label': 'start', 'context': [<snowplow_tracker.self_describing_json.SelfDescribingJson object at 0x7d9ea30bc9a0>, <snowplow_tracker.self_describing_json.SelfDescribingJson object at 0x7d9ea2275c90>, <snowplow_tracker.self_describing_json.SelfDescribingJson object at 0x7d9ea2275c30>]}


============================== 14:44:44.446361 | f86ad60f-8cbb-476e-8d27-2339a830f269 ==============================
[0m14:44:44.446361 [info ] [MainThread]: Running with dbt=1.9.8
[0m14:44:44.447410 [debug] [MainThread]: running dbt with arguments {'printer_width': '80', 'indirect_selection': 'eager', 'log_cache_events': 'False', 'write_json': 'True', 'partial_parse': 'True', 'cache_selected_only': 'False', 'profiles_dir': '/home/norman/NTU-Project-Data-Science-AI_Norman/NTU-Project-Data-Science-AI/TA_undervalue_stock', 'debug': 'False', 'version_check': 'True', 'log_path': '/home/norman/NTU-Project-Data-Science-AI_Norman/NTU-Project-Data-Science-AI/TA_undervalue_stock/logs', 'warn_error': 'None', 'fail_fast': 'False', 'use_colors': 'True', 'use_experimental_parser': 'False', 'empty': 'None', 'quiet': 'False', 'no_print': 'None', 'warn_error_options': 'WarnErrorOptions(include=[], exclude=[])', 'static_parser': 'True', 'invocation_command': 'dbt debug', 'log_format': 'default', 'target_path': 'None', 'introspect': 'True', 'send_anonymous_usage_stats': 'True'}
[0m14:44:44.489571 [info ] [MainThread]: dbt version: 1.9.8
[0m14:44:44.490622 [info ] [MainThread]: python version: 3.10.18
[0m14:44:44.491546 [info ] [MainThread]: python path: /home/norman/miniconda3/envs/meltano_env/bin/python3.10
[0m14:44:44.492650 [info ] [MainThread]: os info: Linux-6.6.87.1-microsoft-standard-WSL2-x86_64-with-glibc2.39
[0m14:44:54.195457 [info ] [MainThread]: Using profiles dir at /home/norman/NTU-Project-Data-Science-AI_Norman/NTU-Project-Data-Science-AI/TA_undervalue_stock
[0m14:44:54.196691 [info ] [MainThread]: Using profiles.yml file at /home/norman/NTU-Project-Data-Science-AI_Norman/NTU-Project-Data-Science-AI/TA_undervalue_stock/profiles.yml
[0m14:44:54.197711 [info ] [MainThread]: Using dbt_project.yml file at /home/norman/NTU-Project-Data-Science-AI_Norman/NTU-Project-Data-Science-AI/TA_undervalue_stock/dbt_project.yml
[0m14:44:54.198483 [info ] [MainThread]: adapter type: bigquery
[0m14:44:54.199202 [info ] [MainThread]: adapter version: 1.9.2
[0m14:44:54.366415 [info ] [MainThread]: Configuration:
[0m14:44:54.367542 [info ] [MainThread]:   profiles.yml file [[32mOK found and valid[0m]
[0m14:44:54.368516 [info ] [MainThread]:   dbt_project.yml file [[32mOK found and valid[0m]
[0m14:44:54.369356 [info ] [MainThread]: Required dependencies:
[0m14:44:54.370120 [debug] [MainThread]: Executing "git --help"
[0m14:44:54.446677 [debug] [MainThread]: STDOUT: "b"usage: git [-v | --version] [-h | --help] [-C <path>] [-c <name>=<value>]\n           [--exec-path[=<path>]] [--html-path] [--man-path] [--info-path]\n           [-p | --paginate | -P | --no-pager] [--no-replace-objects] [--no-lazy-fetch]\n           [--no-optional-locks] [--no-advice] [--bare] [--git-dir=<path>]\n           [--work-tree=<path>] [--namespace=<name>] [--config-env=<name>=<envvar>]\n           <command> [<args>]\n\nThese are common Git commands used in various situations:\n\nstart a working area (see also: git help tutorial)\n   clone      Clone a repository into a new directory\n   init       Create an empty Git repository or reinitialize an existing one\n\nwork on the current change (see also: git help everyday)\n   add        Add file contents to the index\n   mv         Move or rename a file, a directory, or a symlink\n   restore    Restore working tree files\n   rm         Remove files from the working tree and from the index\n\nexamine the history and state (see also: git help revisions)\n   bisect     Use binary search to find the commit that introduced a bug\n   diff       Show changes between commits, commit and working tree, etc\n   grep       Print lines matching a pattern\n   log        Show commit logs\n   show       Show various types of objects\n   status     Show the working tree status\n\ngrow, mark and tweak your common history\n   backfill   Download missing objects in a partial clone\n   branch     List, create, or delete branches\n   commit     Record changes to the repository\n   merge      Join two or more development histories together\n   rebase     Reapply commits on top of another base tip\n   reset      Reset current HEAD to the specified state\n   switch     Switch branches\n   tag        Create, list, delete or verify a tag object signed with GPG\n\ncollaborate (see also: git help workflows)\n   fetch      Download objects and refs from another repository\n   pull       Fetch from and integrate with another repository or a local branch\n   push       Update remote refs along with associated objects\n\n'git help -a' and 'git help -g' list available subcommands and some\nconcept guides. See 'git help <command>' or 'git help <concept>'\nto read about a specific subcommand or concept.\nSee 'git help git' for an overview of the system.\n""
[0m14:44:54.448231 [debug] [MainThread]: STDERR: "b''"
[0m14:44:54.449263 [info ] [MainThread]:  - git [[32mOK found[0m]

[0m14:44:54.450201 [info ] [MainThread]: Connection:
[0m14:44:54.451194 [info ] [MainThread]:   method: oauth
[0m14:44:54.452330 [info ] [MainThread]:   database: deft-beacon-354008
[0m14:44:54.453247 [info ] [MainThread]:   execution_project: deft-beacon-354008
[0m14:44:54.454585 [info ] [MainThread]:   schema: stock_analysis
[0m14:44:54.455416 [info ] [MainThread]:   location: None
[0m14:44:54.456512 [info ] [MainThread]:   priority: None
[0m14:44:54.457523 [info ] [MainThread]:   maximum_bytes_billed: None
[0m14:44:54.458509 [info ] [MainThread]:   impersonate_service_account: None
[0m14:44:54.459431 [info ] [MainThread]:   job_retry_deadline_seconds: None
[0m14:44:54.460303 [info ] [MainThread]:   job_retries: 2
[0m14:44:54.461007 [info ] [MainThread]:   job_creation_timeout_seconds: None
[0m14:44:54.462028 [info ] [MainThread]:   job_execution_timeout_seconds: None
[0m14:44:54.462727 [info ] [MainThread]:   timeout_seconds: None
[0m14:44:54.463403 [info ] [MainThread]:   client_id: None
[0m14:44:54.464117 [info ] [MainThread]:   token_uri: None
[0m14:44:54.464718 [info ] [MainThread]:   compute_region: None
[0m14:44:54.465686 [info ] [MainThread]:   dataproc_cluster_name: None
[0m14:44:54.466368 [info ] [MainThread]:   gcs_bucket: None
[0m14:44:54.467030 [info ] [MainThread]:   dataproc_batch: None
[0m14:44:54.467980 [info ] [MainThread]: Registered adapter: bigquery=1.9.2
[0m14:44:54.786775 [debug] [MainThread]: Acquiring new bigquery connection 'debug'
[0m14:44:54.787810 [debug] [MainThread]: On debug: select 1 as id
[0m14:44:54.788843 [debug] [MainThread]: Opening a new connection, currently in state init
[0m14:45:02.801584 [debug] [MainThread]: BigQuery adapter: https://console.cloud.google.com/bigquery?project=deft-beacon-354008&j=bq:US:2e0a5f68-55f4-4bde-8901-ba1a75f79edc&page=queryresults
[0m14:45:03.790064 [info ] [MainThread]:   Connection test: [[32mOK connection ok[0m]

[0m14:45:03.791436 [info ] [MainThread]: [32mAll checks passed![0m
[0m14:45:03.836477 [debug] [MainThread]: Resource report: {"command_name": "debug", "command_success": true, "command_wall_clock_time": 19.480343, "process_in_blocks": "389480", "process_kernel_time": 2.045355, "process_mem_max_rss": "348216", "process_out_blocks": "24", "process_user_time": 8.42572}
[0m14:45:03.838012 [debug] [MainThread]: Command `dbt debug` succeeded at 14:45:03.837679 after 19.48 seconds
[0m14:45:03.839082 [debug] [MainThread]: Connection 'debug' was properly closed.
[0m14:45:03.840448 [debug] [MainThread]: Sending event: {'category': 'dbt', 'action': 'invocation', 'label': 'end', 'context': [<snowplow_tracker.self_describing_json.SelfDescribingJson object at 0x7d9ea30bc9a0>, <snowplow_tracker.self_describing_json.SelfDescribingJson object at 0x7d9ea2275bd0>, <snowplow_tracker.self_describing_json.SelfDescribingJson object at 0x7d9e6eaa53c0>]}
[0m14:45:03.841753 [debug] [MainThread]: Flushing usage events
[0m14:45:05.298387 [debug] [MainThread]: An error was encountered while trying to flush usage events
[0m15:41:55.462427 [debug] [MainThread]: Sending event: {'category': 'dbt', 'action': 'invocation', 'label': 'start', 'context': [<snowplow_tracker.self_describing_json.SelfDescribingJson object at 0x775dddfd09d0>, <snowplow_tracker.self_describing_json.SelfDescribingJson object at 0x775ddd18de40>, <snowplow_tracker.self_describing_json.SelfDescribingJson object at 0x775ddd18dde0>]}


============================== 15:41:55.465825 | dc8d0ed6-d050-4abe-aa92-f5fd53fa9977 ==============================
[0m15:41:55.465825 [info ] [MainThread]: Running with dbt=1.9.8
[0m15:41:55.466294 [debug] [MainThread]: running dbt with arguments {'printer_width': '80', 'indirect_selection': 'eager', 'write_json': 'True', 'log_cache_events': 'False', 'partial_parse': 'True', 'cache_selected_only': 'False', 'profiles_dir': '/home/norman/.dbt', 'fail_fast': 'False', 'version_check': 'True', 'log_path': '/home/norman/NTU-Project-Data-Science-AI_Norman/NTU-Project-Data-Science-AI/TA_undervalue_stock/logs', 'debug': 'False', 'warn_error': 'None', 'use_colors': 'True', 'use_experimental_parser': 'False', 'empty': 'False', 'quiet': 'False', 'no_print': 'None', 'log_format': 'default', 'introspect': 'True', 'static_parser': 'True', 'invocation_command': 'dbt run -s dim_date', 'target_path': 'None', 'warn_error_options': 'WarnErrorOptions(include=[], exclude=[])', 'send_anonymous_usage_stats': 'True'}
[0m15:41:55.468613 [error] [MainThread]: Encountered an error:
Runtime Error
  Could not find profile named 'stock_analysis'
[0m15:41:55.469575 [debug] [MainThread]: Resource report: {"command_name": "run", "command_success": false, "command_wall_clock_time": 0.05105033, "process_in_blocks": "232", "process_kernel_time": 0.076445, "process_mem_max_rss": "93728", "process_out_blocks": "16", "process_user_time": 0.812736}
[0m15:41:55.470052 [debug] [MainThread]: Command `dbt run` failed at 15:41:55.469883 after 0.05 seconds
[0m15:41:55.470383 [debug] [MainThread]: Sending event: {'category': 'dbt', 'action': 'invocation', 'label': 'end', 'context': [<snowplow_tracker.self_describing_json.SelfDescribingJson object at 0x775dddfd09d0>, <snowplow_tracker.self_describing_json.SelfDescribingJson object at 0x775ddd18ee60>, <snowplow_tracker.self_describing_json.SelfDescribingJson object at 0x775ddd18d600>]}
[0m15:41:55.470744 [debug] [MainThread]: Flushing usage events
[0m15:41:56.700158 [debug] [MainThread]: An error was encountered while trying to flush usage events
[0m15:42:33.382693 [debug] [MainThread]: Sending event: {'category': 'dbt', 'action': 'invocation', 'label': 'start', 'context': [<snowplow_tracker.self_describing_json.SelfDescribingJson object at 0x778db1bc0a00>, <snowplow_tracker.self_describing_json.SelfDescribingJson object at 0x778db0d35d20>, <snowplow_tracker.self_describing_json.SelfDescribingJson object at 0x778db0d35cc0>]}


============================== 15:42:33.385158 | a03fa808-b44b-4311-89db-da20179994d0 ==============================
[0m15:42:33.385158 [info ] [MainThread]: Running with dbt=1.9.8
[0m15:42:33.385767 [debug] [MainThread]: running dbt with arguments {'printer_width': '80', 'indirect_selection': 'eager', 'write_json': 'True', 'log_cache_events': 'False', 'partial_parse': 'True', 'cache_selected_only': 'False', 'profiles_dir': '/home/norman/.dbt', 'fail_fast': 'False', 'debug': 'False', 'log_path': '/home/norman/NTU-Project-Data-Science-AI_Norman/NTU-Project-Data-Science-AI/TA_undervalue_stock/logs', 'version_check': 'True', 'warn_error': 'None', 'use_colors': 'True', 'use_experimental_parser': 'False', 'empty': 'None', 'quiet': 'False', 'no_print': 'None', 'warn_error_options': 'WarnErrorOptions(include=[], exclude=[])', 'invocation_command': 'dbt debug', 'log_format': 'default', 'introspect': 'True', 'target_path': 'None', 'static_parser': 'True', 'send_anonymous_usage_stats': 'True'}
[0m15:42:33.403783 [info ] [MainThread]: dbt version: 1.9.8
[0m15:42:33.404283 [info ] [MainThread]: python version: 3.10.18
[0m15:42:33.404728 [info ] [MainThread]: python path: /home/norman/miniconda3/envs/meltano_env/bin/python3.10
[0m15:42:33.405162 [info ] [MainThread]: os info: Linux-6.6.87.1-microsoft-standard-WSL2-x86_64-with-glibc2.39
[0m15:42:33.408349 [info ] [MainThread]: Using profiles dir at /home/norman/.dbt
[0m15:42:33.408836 [info ] [MainThread]: Using profiles.yml file at /home/norman/.dbt/profiles.yml
[0m15:42:33.409186 [info ] [MainThread]: Using dbt_project.yml file at /home/norman/NTU-Project-Data-Science-AI_Norman/NTU-Project-Data-Science-AI/TA_undervalue_stock/dbt_project.yml
[0m15:42:33.489739 [info ] [MainThread]: Configuration:
[0m15:42:33.490426 [info ] [MainThread]:   profiles.yml file [[31mERROR invalid[0m]
[0m15:42:33.490746 [info ] [MainThread]:   dbt_project.yml file [[32mOK found and valid[0m]
[0m15:42:33.491064 [info ] [MainThread]: Required dependencies:
[0m15:42:33.491391 [debug] [MainThread]: Executing "git --help"
[0m15:42:33.494290 [debug] [MainThread]: STDOUT: "b"usage: git [-v | --version] [-h | --help] [-C <path>] [-c <name>=<value>]\n           [--exec-path[=<path>]] [--html-path] [--man-path] [--info-path]\n           [-p | --paginate | -P | --no-pager] [--no-replace-objects] [--no-lazy-fetch]\n           [--no-optional-locks] [--no-advice] [--bare] [--git-dir=<path>]\n           [--work-tree=<path>] [--namespace=<name>] [--config-env=<name>=<envvar>]\n           <command> [<args>]\n\nThese are common Git commands used in various situations:\n\nstart a working area (see also: git help tutorial)\n   clone      Clone a repository into a new directory\n   init       Create an empty Git repository or reinitialize an existing one\n\nwork on the current change (see also: git help everyday)\n   add        Add file contents to the index\n   mv         Move or rename a file, a directory, or a symlink\n   restore    Restore working tree files\n   rm         Remove files from the working tree and from the index\n\nexamine the history and state (see also: git help revisions)\n   bisect     Use binary search to find the commit that introduced a bug\n   diff       Show changes between commits, commit and working tree, etc\n   grep       Print lines matching a pattern\n   log        Show commit logs\n   show       Show various types of objects\n   status     Show the working tree status\n\ngrow, mark and tweak your common history\n   backfill   Download missing objects in a partial clone\n   branch     List, create, or delete branches\n   commit     Record changes to the repository\n   merge      Join two or more development histories together\n   rebase     Reapply commits on top of another base tip\n   reset      Reset current HEAD to the specified state\n   switch     Switch branches\n   tag        Create, list, delete or verify a tag object signed with GPG\n\ncollaborate (see also: git help workflows)\n   fetch      Download objects and refs from another repository\n   pull       Fetch from and integrate with another repository or a local branch\n   push       Update remote refs along with associated objects\n\n'git help -a' and 'git help -g' list available subcommands and some\nconcept guides. See 'git help <command>' or 'git help <concept>'\nto read about a specific subcommand or concept.\nSee 'git help git' for an overview of the system.\n""
[0m15:42:33.494787 [debug] [MainThread]: STDERR: "b''"
[0m15:42:33.495051 [info ] [MainThread]:  - git [[32mOK found[0m]

[0m15:42:33.495303 [info ] [MainThread]: Connection test skipped since no profile was found
[0m15:42:33.495960 [info ] [MainThread]: [31m1 check failed:[0m
[0m15:42:33.496344 [info ] [MainThread]: Profile loading failed for the following reason:
Runtime Error
  Could not find profile named 'stock_analysis'


[0m15:42:33.497141 [debug] [MainThread]: Resource report: {"command_name": "debug", "command_success": false, "command_wall_clock_time": 0.15209351, "process_in_blocks": "464", "process_kernel_time": 0.068326, "process_mem_max_rss": "96760", "process_out_blocks": "16", "process_user_time": 0.99676}
[0m15:42:33.497513 [debug] [MainThread]: Command `dbt debug` failed at 15:42:33.497429 after 0.15 seconds
[0m15:42:33.497828 [debug] [MainThread]: Sending event: {'category': 'dbt', 'action': 'invocation', 'label': 'end', 'context': [<snowplow_tracker.self_describing_json.SelfDescribingJson object at 0x778db1bc0a00>, <snowplow_tracker.self_describing_json.SelfDescribingJson object at 0x778db0d35c60>, <snowplow_tracker.self_describing_json.SelfDescribingJson object at 0x778db1a68430>]}
[0m15:42:33.498154 [debug] [MainThread]: Flushing usage events
[0m15:42:34.493769 [debug] [MainThread]: An error was encountered while trying to flush usage events
[0m15:46:29.151911 [debug] [MainThread]: Sending event: {'category': 'dbt', 'action': 'invocation', 'label': 'start', 'context': [<snowplow_tracker.self_describing_json.SelfDescribingJson object at 0x7fde8b188a00>, <snowplow_tracker.self_describing_json.SelfDescribingJson object at 0x7fde8a31dd20>, <snowplow_tracker.self_describing_json.SelfDescribingJson object at 0x7fde8a31dcc0>]}


============================== 15:46:29.155811 | b425847e-d87e-4ceb-aef3-ca5bd65babfe ==============================
[0m15:46:29.155811 [info ] [MainThread]: Running with dbt=1.9.8
[0m15:46:29.156345 [debug] [MainThread]: running dbt with arguments {'printer_width': '80', 'indirect_selection': 'eager', 'log_cache_events': 'False', 'write_json': 'True', 'partial_parse': 'True', 'cache_selected_only': 'False', 'profiles_dir': '/home/norman/.dbt', 'fail_fast': 'False', 'debug': 'False', 'log_path': '/home/norman/NTU-Project-Data-Science-AI_Norman/NTU-Project-Data-Science-AI/TA_undervalue_stock/logs', 'version_check': 'True', 'warn_error': 'None', 'use_colors': 'True', 'use_experimental_parser': 'False', 'no_print': 'None', 'quiet': 'False', 'empty': 'None', 'log_format': 'default', 'invocation_command': 'dbt debug --config-dir', 'introspect': 'True', 'static_parser': 'True', 'target_path': 'None', 'warn_error_options': 'WarnErrorOptions(include=[], exclude=[])', 'send_anonymous_usage_stats': 'True'}
[0m15:46:29.169786 [info ] [MainThread]: To view your profiles.yml file, run:

xdg-open /home/norman/.dbt
[0m15:46:29.171038 [debug] [MainThread]: Resource report: {"command_name": "debug", "command_success": true, "command_wall_clock_time": 0.060906112, "process_in_blocks": "55312", "process_kernel_time": 0.137956, "process_mem_max_rss": "94240", "process_out_blocks": "16", "process_user_time": 0.918394}
[0m15:46:29.171547 [debug] [MainThread]: Command `dbt debug` succeeded at 15:46:29.171457 after 0.06 seconds
[0m15:46:29.171904 [debug] [MainThread]: Sending event: {'category': 'dbt', 'action': 'invocation', 'label': 'end', 'context': [<snowplow_tracker.self_describing_json.SelfDescribingJson object at 0x7fde8b188a00>, <snowplow_tracker.self_describing_json.SelfDescribingJson object at 0x7fde8a31dc60>, <snowplow_tracker.self_describing_json.SelfDescribingJson object at 0x7fde8a31dd50>]}
[0m15:46:29.172252 [debug] [MainThread]: Flushing usage events
[0m15:46:30.389573 [debug] [MainThread]: An error was encountered while trying to flush usage events
[0m15:50:31.071428 [debug] [MainThread]: Sending event: {'category': 'dbt', 'action': 'invocation', 'label': 'start', 'context': [<snowplow_tracker.self_describing_json.SelfDescribingJson object at 0x789659890970>, <snowplow_tracker.self_describing_json.SelfDescribingJson object at 0x789658a09c90>, <snowplow_tracker.self_describing_json.SelfDescribingJson object at 0x789658a09c30>]}


============================== 15:50:31.073470 | 6569a795-d04a-4dd9-8982-454644587a77 ==============================
[0m15:50:31.073470 [info ] [MainThread]: Running with dbt=1.9.8
[0m15:50:31.074313 [debug] [MainThread]: running dbt with arguments {'printer_width': '80', 'indirect_selection': 'eager', 'log_cache_events': 'False', 'write_json': 'True', 'partial_parse': 'True', 'cache_selected_only': 'False', 'warn_error': 'None', 'version_check': 'True', 'debug': 'False', 'log_path': '/home/norman/NTU-Project-Data-Science-AI_Norman/NTU-Project-Data-Science-AI/TA_undervalue_stock/logs', 'fail_fast': 'False', 'profiles_dir': '/home/norman/.dbt', 'use_colors': 'True', 'use_experimental_parser': 'False', 'no_print': 'None', 'quiet': 'False', 'empty': 'None', 'warn_error_options': 'WarnErrorOptions(include=[], exclude=[])', 'introspect': 'True', 'static_parser': 'True', 'invocation_command': 'dbt debug', 'target_path': 'None', 'log_format': 'default', 'send_anonymous_usage_stats': 'True'}
[0m15:50:31.080009 [info ] [MainThread]: dbt version: 1.9.8
[0m15:50:31.080450 [info ] [MainThread]: python version: 3.10.18
[0m15:50:31.080701 [info ] [MainThread]: python path: /home/norman/miniconda3/envs/meltano_env/bin/python3.10
[0m15:50:31.080927 [info ] [MainThread]: os info: Linux-6.6.87.1-microsoft-standard-WSL2-x86_64-with-glibc2.39
[0m15:50:31.083475 [info ] [MainThread]: Using profiles dir at /home/norman/.dbt
[0m15:50:31.083801 [info ] [MainThread]: Using profiles.yml file at /home/norman/.dbt/profiles.yml
[0m15:50:31.084040 [info ] [MainThread]: Using dbt_project.yml file at /home/norman/NTU-Project-Data-Science-AI_Norman/NTU-Project-Data-Science-AI/TA_undervalue_stock/dbt_project.yml
[0m15:50:31.167482 [info ] [MainThread]: Configuration:
[0m15:50:31.167970 [info ] [MainThread]:   profiles.yml file [[31mERROR invalid[0m]
[0m15:50:31.168248 [info ] [MainThread]:   dbt_project.yml file [[32mOK found and valid[0m]
[0m15:50:31.168498 [info ] [MainThread]: Required dependencies:
[0m15:50:31.168775 [debug] [MainThread]: Executing "git --help"
[0m15:50:31.171656 [debug] [MainThread]: STDOUT: "b"usage: git [-v | --version] [-h | --help] [-C <path>] [-c <name>=<value>]\n           [--exec-path[=<path>]] [--html-path] [--man-path] [--info-path]\n           [-p | --paginate | -P | --no-pager] [--no-replace-objects] [--no-lazy-fetch]\n           [--no-optional-locks] [--no-advice] [--bare] [--git-dir=<path>]\n           [--work-tree=<path>] [--namespace=<name>] [--config-env=<name>=<envvar>]\n           <command> [<args>]\n\nThese are common Git commands used in various situations:\n\nstart a working area (see also: git help tutorial)\n   clone      Clone a repository into a new directory\n   init       Create an empty Git repository or reinitialize an existing one\n\nwork on the current change (see also: git help everyday)\n   add        Add file contents to the index\n   mv         Move or rename a file, a directory, or a symlink\n   restore    Restore working tree files\n   rm         Remove files from the working tree and from the index\n\nexamine the history and state (see also: git help revisions)\n   bisect     Use binary search to find the commit that introduced a bug\n   diff       Show changes between commits, commit and working tree, etc\n   grep       Print lines matching a pattern\n   log        Show commit logs\n   show       Show various types of objects\n   status     Show the working tree status\n\ngrow, mark and tweak your common history\n   backfill   Download missing objects in a partial clone\n   branch     List, create, or delete branches\n   commit     Record changes to the repository\n   merge      Join two or more development histories together\n   rebase     Reapply commits on top of another base tip\n   reset      Reset current HEAD to the specified state\n   switch     Switch branches\n   tag        Create, list, delete or verify a tag object signed with GPG\n\ncollaborate (see also: git help workflows)\n   fetch      Download objects and refs from another repository\n   pull       Fetch from and integrate with another repository or a local branch\n   push       Update remote refs along with associated objects\n\n'git help -a' and 'git help -g' list available subcommands and some\nconcept guides. See 'git help <command>' or 'git help <concept>'\nto read about a specific subcommand or concept.\nSee 'git help git' for an overview of the system.\n""
[0m15:50:31.172129 [debug] [MainThread]: STDERR: "b''"
[0m15:50:31.172408 [info ] [MainThread]:  - git [[32mOK found[0m]

[0m15:50:31.172682 [info ] [MainThread]: Connection test skipped since no profile was found
[0m15:50:31.172939 [info ] [MainThread]: [31m1 check failed:[0m
[0m15:50:31.173184 [info ] [MainThread]: Profile loading failed for the following reason:
Runtime Error
  Could not find profile named 'stock_analysis'


[0m15:50:31.174096 [debug] [MainThread]: Resource report: {"command_name": "debug", "command_success": false, "command_wall_clock_time": 0.14103967, "process_in_blocks": "0", "process_kernel_time": 0.100486, "process_mem_max_rss": "96924", "process_out_blocks": "16", "process_user_time": 0.948589}
[0m15:50:31.174502 [debug] [MainThread]: Command `dbt debug` failed at 15:50:31.174417 after 0.14 seconds
[0m15:50:31.174895 [debug] [MainThread]: Sending event: {'category': 'dbt', 'action': 'invocation', 'label': 'end', 'context': [<snowplow_tracker.self_describing_json.SelfDescribingJson object at 0x789659890970>, <snowplow_tracker.self_describing_json.SelfDescribingJson object at 0x789658a13ac0>, <snowplow_tracker.self_describing_json.SelfDescribingJson object at 0x789658a09bd0>]}
[0m15:50:31.175240 [debug] [MainThread]: Flushing usage events
[0m15:50:32.327397 [debug] [MainThread]: An error was encountered while trying to flush usage events
[0m15:53:58.955404 [debug] [MainThread]: Sending event: {'category': 'dbt', 'action': 'invocation', 'label': 'start', 'context': [<snowplow_tracker.self_describing_json.SelfDescribingJson object at 0x777d7a2c4a00>, <snowplow_tracker.self_describing_json.SelfDescribingJson object at 0x777d7947dd20>, <snowplow_tracker.self_describing_json.SelfDescribingJson object at 0x777d7947dcc0>]}


============================== 15:53:58.957455 | 7838bd4a-d042-4086-b82b-a991d2704824 ==============================
[0m15:53:58.957455 [info ] [MainThread]: Running with dbt=1.9.8
[0m15:53:58.957867 [debug] [MainThread]: running dbt with arguments {'printer_width': '80', 'indirect_selection': 'eager', 'log_cache_events': 'False', 'write_json': 'True', 'partial_parse': 'True', 'cache_selected_only': 'False', 'warn_error': 'None', 'version_check': 'True', 'fail_fast': 'False', 'log_path': '/home/norman/NTU-Project-Data-Science-AI_Norman/NTU-Project-Data-Science-AI/TA_undervalue_stock/logs', 'debug': 'False', 'profiles_dir': '/home/norman/.dbt', 'use_colors': 'True', 'use_experimental_parser': 'False', 'empty': 'None', 'quiet': 'False', 'no_print': 'None', 'log_format': 'default', 'introspect': 'True', 'invocation_command': 'dbt debug', 'warn_error_options': 'WarnErrorOptions(include=[], exclude=[])', 'target_path': 'None', 'static_parser': 'True', 'send_anonymous_usage_stats': 'True'}
[0m15:53:58.963255 [info ] [MainThread]: dbt version: 1.9.8
[0m15:53:58.963906 [info ] [MainThread]: python version: 3.10.18
[0m15:53:58.964248 [info ] [MainThread]: python path: /home/norman/miniconda3/envs/meltano_env/bin/python3.10
[0m15:53:58.964537 [info ] [MainThread]: os info: Linux-6.6.87.1-microsoft-standard-WSL2-x86_64-with-glibc2.39
[0m15:53:58.967353 [info ] [MainThread]: Using profiles dir at /home/norman/.dbt
[0m15:53:58.967803 [info ] [MainThread]: Using profiles.yml file at /home/norman/.dbt/profiles.yml
[0m15:53:58.968350 [info ] [MainThread]: Using dbt_project.yml file at /home/norman/NTU-Project-Data-Science-AI_Norman/NTU-Project-Data-Science-AI/TA_undervalue_stock/dbt_project.yml
[0m15:53:59.051569 [info ] [MainThread]: Configuration:
[0m15:53:59.052165 [info ] [MainThread]:   profiles.yml file [[31mERROR invalid[0m]
[0m15:53:59.052743 [info ] [MainThread]:   dbt_project.yml file [[32mOK found and valid[0m]
[0m15:53:59.053167 [info ] [MainThread]: Required dependencies:
[0m15:53:59.053548 [debug] [MainThread]: Executing "git --help"
[0m15:53:59.056083 [debug] [MainThread]: STDOUT: "b"usage: git [-v | --version] [-h | --help] [-C <path>] [-c <name>=<value>]\n           [--exec-path[=<path>]] [--html-path] [--man-path] [--info-path]\n           [-p | --paginate | -P | --no-pager] [--no-replace-objects] [--no-lazy-fetch]\n           [--no-optional-locks] [--no-advice] [--bare] [--git-dir=<path>]\n           [--work-tree=<path>] [--namespace=<name>] [--config-env=<name>=<envvar>]\n           <command> [<args>]\n\nThese are common Git commands used in various situations:\n\nstart a working area (see also: git help tutorial)\n   clone      Clone a repository into a new directory\n   init       Create an empty Git repository or reinitialize an existing one\n\nwork on the current change (see also: git help everyday)\n   add        Add file contents to the index\n   mv         Move or rename a file, a directory, or a symlink\n   restore    Restore working tree files\n   rm         Remove files from the working tree and from the index\n\nexamine the history and state (see also: git help revisions)\n   bisect     Use binary search to find the commit that introduced a bug\n   diff       Show changes between commits, commit and working tree, etc\n   grep       Print lines matching a pattern\n   log        Show commit logs\n   show       Show various types of objects\n   status     Show the working tree status\n\ngrow, mark and tweak your common history\n   backfill   Download missing objects in a partial clone\n   branch     List, create, or delete branches\n   commit     Record changes to the repository\n   merge      Join two or more development histories together\n   rebase     Reapply commits on top of another base tip\n   reset      Reset current HEAD to the specified state\n   switch     Switch branches\n   tag        Create, list, delete or verify a tag object signed with GPG\n\ncollaborate (see also: git help workflows)\n   fetch      Download objects and refs from another repository\n   pull       Fetch from and integrate with another repository or a local branch\n   push       Update remote refs along with associated objects\n\n'git help -a' and 'git help -g' list available subcommands and some\nconcept guides. See 'git help <command>' or 'git help <concept>'\nto read about a specific subcommand or concept.\nSee 'git help git' for an overview of the system.\n""
[0m15:53:59.057039 [debug] [MainThread]: STDERR: "b''"
[0m15:53:59.057619 [info ] [MainThread]:  - git [[32mOK found[0m]

[0m15:53:59.058041 [info ] [MainThread]: Connection test skipped since no profile was found
[0m15:53:59.058972 [info ] [MainThread]: [31m1 check failed:[0m
[0m15:53:59.059955 [info ] [MainThread]: Profile loading failed for the following reason:
Runtime Error
  Could not find profile named 'stock_analysis'


[0m15:53:59.060971 [debug] [MainThread]: Resource report: {"command_name": "debug", "command_success": false, "command_wall_clock_time": 0.14722688, "process_in_blocks": "0", "process_kernel_time": 0.064285, "process_mem_max_rss": "96796", "process_out_blocks": "24", "process_user_time": 1.016513}
[0m15:53:59.061352 [debug] [MainThread]: Command `dbt debug` failed at 15:53:59.061272 after 0.15 seconds
[0m15:53:59.061652 [debug] [MainThread]: Sending event: {'category': 'dbt', 'action': 'invocation', 'label': 'end', 'context': [<snowplow_tracker.self_describing_json.SelfDescribingJson object at 0x777d7a2c4a00>, <snowplow_tracker.self_describing_json.SelfDescribingJson object at 0x777d7947dc60>, <snowplow_tracker.self_describing_json.SelfDescribingJson object at 0x777d7a16c430>]}
[0m15:53:59.061964 [debug] [MainThread]: Flushing usage events
[0m15:54:00.078503 [debug] [MainThread]: An error was encountered while trying to flush usage events
[0m15:55:18.359364 [debug] [MainThread]: Sending event: {'category': 'dbt', 'action': 'invocation', 'label': 'start', 'context': [<snowplow_tracker.self_describing_json.SelfDescribingJson object at 0x70e3ff1cca30>, <snowplow_tracker.self_describing_json.SelfDescribingJson object at 0x70e3fe345db0>, <snowplow_tracker.self_describing_json.SelfDescribingJson object at 0x70e3fe345d50>]}


============================== 15:55:18.363270 | 3cf8d0b2-fa99-4b60-a13a-f37d7b87d7f8 ==============================
[0m15:55:18.363270 [info ] [MainThread]: Running with dbt=1.9.8
[0m15:55:18.363745 [debug] [MainThread]: running dbt with arguments {'printer_width': '80', 'indirect_selection': 'eager', 'log_cache_events': 'False', 'write_json': 'True', 'partial_parse': 'True', 'cache_selected_only': 'False', 'profiles_dir': '/home/norman/.dbt', 'fail_fast': 'False', 'warn_error': 'None', 'log_path': '/home/norman/NTU-Project-Data-Science-AI_Norman/NTU-Project-Data-Science-AI/TA_undervalue_stock/logs', 'version_check': 'True', 'debug': 'False', 'use_colors': 'True', 'use_experimental_parser': 'False', 'empty': 'None', 'quiet': 'False', 'no_print': 'None', 'warn_error_options': 'WarnErrorOptions(include=[], exclude=[])', 'introspect': 'True', 'log_format': 'default', 'static_parser': 'True', 'target_path': 'None', 'invocation_command': 'dbt debug', 'send_anonymous_usage_stats': 'True'}
[0m15:55:18.378176 [info ] [MainThread]: dbt version: 1.9.8
[0m15:55:18.378645 [info ] [MainThread]: python version: 3.10.18
[0m15:55:18.378945 [info ] [MainThread]: python path: /home/norman/miniconda3/envs/meltano_env/bin/python3.10
[0m15:55:18.379187 [info ] [MainThread]: os info: Linux-6.6.87.1-microsoft-standard-WSL2-x86_64-with-glibc2.39
[0m15:55:18.382298 [info ] [MainThread]: Using profiles dir at /home/norman/.dbt
[0m15:55:18.382728 [info ] [MainThread]: Using profiles.yml file at /home/norman/.dbt/profiles.yml
[0m15:55:18.382994 [info ] [MainThread]: Using dbt_project.yml file at /home/norman/NTU-Project-Data-Science-AI_Norman/NTU-Project-Data-Science-AI/TA_undervalue_stock/dbt_project.yml
[0m15:55:18.460589 [info ] [MainThread]: Configuration:
[0m15:55:18.461386 [info ] [MainThread]:   profiles.yml file [[31mERROR invalid[0m]
[0m15:55:18.461754 [info ] [MainThread]:   dbt_project.yml file [[32mOK found and valid[0m]
[0m15:55:18.462173 [info ] [MainThread]: Required dependencies:
[0m15:55:18.462482 [debug] [MainThread]: Executing "git --help"
[0m15:55:18.465890 [debug] [MainThread]: STDOUT: "b"usage: git [-v | --version] [-h | --help] [-C <path>] [-c <name>=<value>]\n           [--exec-path[=<path>]] [--html-path] [--man-path] [--info-path]\n           [-p | --paginate | -P | --no-pager] [--no-replace-objects] [--no-lazy-fetch]\n           [--no-optional-locks] [--no-advice] [--bare] [--git-dir=<path>]\n           [--work-tree=<path>] [--namespace=<name>] [--config-env=<name>=<envvar>]\n           <command> [<args>]\n\nThese are common Git commands used in various situations:\n\nstart a working area (see also: git help tutorial)\n   clone      Clone a repository into a new directory\n   init       Create an empty Git repository or reinitialize an existing one\n\nwork on the current change (see also: git help everyday)\n   add        Add file contents to the index\n   mv         Move or rename a file, a directory, or a symlink\n   restore    Restore working tree files\n   rm         Remove files from the working tree and from the index\n\nexamine the history and state (see also: git help revisions)\n   bisect     Use binary search to find the commit that introduced a bug\n   diff       Show changes between commits, commit and working tree, etc\n   grep       Print lines matching a pattern\n   log        Show commit logs\n   show       Show various types of objects\n   status     Show the working tree status\n\ngrow, mark and tweak your common history\n   backfill   Download missing objects in a partial clone\n   branch     List, create, or delete branches\n   commit     Record changes to the repository\n   merge      Join two or more development histories together\n   rebase     Reapply commits on top of another base tip\n   reset      Reset current HEAD to the specified state\n   switch     Switch branches\n   tag        Create, list, delete or verify a tag object signed with GPG\n\ncollaborate (see also: git help workflows)\n   fetch      Download objects and refs from another repository\n   pull       Fetch from and integrate with another repository or a local branch\n   push       Update remote refs along with associated objects\n\n'git help -a' and 'git help -g' list available subcommands and some\nconcept guides. See 'git help <command>' or 'git help <concept>'\nto read about a specific subcommand or concept.\nSee 'git help git' for an overview of the system.\n""
[0m15:55:18.466335 [debug] [MainThread]: STDERR: "b''"
[0m15:55:18.466569 [info ] [MainThread]:  - git [[32mOK found[0m]

[0m15:55:18.466858 [info ] [MainThread]: Connection test skipped since no profile was found
[0m15:55:18.467245 [info ] [MainThread]: [31m1 check failed:[0m
[0m15:55:18.467517 [info ] [MainThread]: Profile loading failed for the following reason:
Runtime Error
  Could not find profile named 'stock_analysis'


[0m15:55:18.468592 [debug] [MainThread]: Resource report: {"command_name": "debug", "command_success": false, "command_wall_clock_time": 0.15060556, "process_in_blocks": "55312", "process_kernel_time": 0.133896, "process_mem_max_rss": "96768", "process_out_blocks": "16", "process_user_time": 0.97272}
[0m15:55:18.468952 [debug] [MainThread]: Command `dbt debug` failed at 15:55:18.468876 after 0.15 seconds
[0m15:55:18.469238 [debug] [MainThread]: Sending event: {'category': 'dbt', 'action': 'invocation', 'label': 'end', 'context': [<snowplow_tracker.self_describing_json.SelfDescribingJson object at 0x70e3ff1cca30>, <snowplow_tracker.self_describing_json.SelfDescribingJson object at 0x70e3fe345cf0>, <snowplow_tracker.self_describing_json.SelfDescribingJson object at 0x70e3ff076a10>]}
[0m15:55:18.469517 [debug] [MainThread]: Flushing usage events
[0m15:55:19.682954 [debug] [MainThread]: An error was encountered while trying to flush usage events
[0m15:56:35.026695 [debug] [MainThread]: Sending event: {'category': 'dbt', 'action': 'invocation', 'label': 'start', 'context': [<snowplow_tracker.self_describing_json.SelfDescribingJson object at 0x73b8feed09a0>, <snowplow_tracker.self_describing_json.SelfDescribingJson object at 0x73b8fe049c90>, <snowplow_tracker.self_describing_json.SelfDescribingJson object at 0x73b8fe049c30>]}


============================== 15:56:35.028927 | 7b22aeda-1e1e-453e-93ef-e24a93c6acf4 ==============================
[0m15:56:35.028927 [info ] [MainThread]: Running with dbt=1.9.8
[0m15:56:35.029583 [debug] [MainThread]: running dbt with arguments {'printer_width': '80', 'indirect_selection': 'eager', 'write_json': 'True', 'log_cache_events': 'False', 'partial_parse': 'True', 'cache_selected_only': 'False', 'warn_error': 'None', 'debug': 'False', 'profiles_dir': '/home/norman/NTU-Project-Data-Science-AI_Norman/NTU-Project-Data-Science-AI/TA_undervalue_stock', 'log_path': '/home/norman/NTU-Project-Data-Science-AI_Norman/NTU-Project-Data-Science-AI/TA_undervalue_stock/logs', 'version_check': 'True', 'fail_fast': 'False', 'use_colors': 'True', 'use_experimental_parser': 'False', 'no_print': 'None', 'quiet': 'False', 'empty': 'None', 'warn_error_options': 'WarnErrorOptions(include=[], exclude=[])', 'static_parser': 'True', 'log_format': 'default', 'invocation_command': 'dbt debug', 'target_path': 'None', 'introspect': 'True', 'send_anonymous_usage_stats': 'True'}
[0m15:56:35.035005 [info ] [MainThread]: dbt version: 1.9.8
[0m15:56:35.035451 [info ] [MainThread]: python version: 3.10.18
[0m15:56:35.035713 [info ] [MainThread]: python path: /home/norman/miniconda3/envs/meltano_env/bin/python3.10
[0m15:56:35.035943 [info ] [MainThread]: os info: Linux-6.6.87.1-microsoft-standard-WSL2-x86_64-with-glibc2.39
[0m15:56:37.617078 [info ] [MainThread]: Using profiles dir at /home/norman/NTU-Project-Data-Science-AI_Norman/NTU-Project-Data-Science-AI/TA_undervalue_stock
[0m15:56:37.617609 [info ] [MainThread]: Using profiles.yml file at /home/norman/NTU-Project-Data-Science-AI_Norman/NTU-Project-Data-Science-AI/TA_undervalue_stock/profiles.yml
[0m15:56:37.617906 [info ] [MainThread]: Using dbt_project.yml file at /home/norman/NTU-Project-Data-Science-AI_Norman/NTU-Project-Data-Science-AI/TA_undervalue_stock/dbt_project.yml
[0m15:56:37.618180 [info ] [MainThread]: adapter type: bigquery
[0m15:56:37.618401 [info ] [MainThread]: adapter version: 1.9.2
[0m15:56:37.692629 [info ] [MainThread]: Configuration:
[0m15:56:37.693139 [info ] [MainThread]:   profiles.yml file [[32mOK found and valid[0m]
[0m15:56:37.693472 [info ] [MainThread]:   dbt_project.yml file [[32mOK found and valid[0m]
[0m15:56:37.693759 [info ] [MainThread]: Required dependencies:
[0m15:56:37.694020 [debug] [MainThread]: Executing "git --help"
[0m15:56:37.696089 [debug] [MainThread]: STDOUT: "b"usage: git [-v | --version] [-h | --help] [-C <path>] [-c <name>=<value>]\n           [--exec-path[=<path>]] [--html-path] [--man-path] [--info-path]\n           [-p | --paginate | -P | --no-pager] [--no-replace-objects] [--no-lazy-fetch]\n           [--no-optional-locks] [--no-advice] [--bare] [--git-dir=<path>]\n           [--work-tree=<path>] [--namespace=<name>] [--config-env=<name>=<envvar>]\n           <command> [<args>]\n\nThese are common Git commands used in various situations:\n\nstart a working area (see also: git help tutorial)\n   clone      Clone a repository into a new directory\n   init       Create an empty Git repository or reinitialize an existing one\n\nwork on the current change (see also: git help everyday)\n   add        Add file contents to the index\n   mv         Move or rename a file, a directory, or a symlink\n   restore    Restore working tree files\n   rm         Remove files from the working tree and from the index\n\nexamine the history and state (see also: git help revisions)\n   bisect     Use binary search to find the commit that introduced a bug\n   diff       Show changes between commits, commit and working tree, etc\n   grep       Print lines matching a pattern\n   log        Show commit logs\n   show       Show various types of objects\n   status     Show the working tree status\n\ngrow, mark and tweak your common history\n   backfill   Download missing objects in a partial clone\n   branch     List, create, or delete branches\n   commit     Record changes to the repository\n   merge      Join two or more development histories together\n   rebase     Reapply commits on top of another base tip\n   reset      Reset current HEAD to the specified state\n   switch     Switch branches\n   tag        Create, list, delete or verify a tag object signed with GPG\n\ncollaborate (see also: git help workflows)\n   fetch      Download objects and refs from another repository\n   pull       Fetch from and integrate with another repository or a local branch\n   push       Update remote refs along with associated objects\n\n'git help -a' and 'git help -g' list available subcommands and some\nconcept guides. See 'git help <command>' or 'git help <concept>'\nto read about a specific subcommand or concept.\nSee 'git help git' for an overview of the system.\n""
[0m15:56:37.696831 [debug] [MainThread]: STDERR: "b''"
[0m15:56:37.697141 [info ] [MainThread]:  - git [[32mOK found[0m]

[0m15:56:37.697428 [info ] [MainThread]: Connection:
[0m15:56:37.697685 [info ] [MainThread]:   method: oauth
[0m15:56:37.697902 [info ] [MainThread]:   database: deft-beacon-354008
[0m15:56:37.698106 [info ] [MainThread]:   execution_project: deft-beacon-354008
[0m15:56:37.698408 [info ] [MainThread]:   schema: stock_analysis
[0m15:56:37.698873 [info ] [MainThread]:   location: US
[0m15:56:37.699472 [info ] [MainThread]:   priority: interactive
[0m15:56:37.700155 [info ] [MainThread]:   maximum_bytes_billed: None
[0m15:56:37.701191 [info ] [MainThread]:   impersonate_service_account: None
[0m15:56:37.701587 [info ] [MainThread]:   job_retry_deadline_seconds: None
[0m15:56:37.702062 [info ] [MainThread]:   job_retries: 2
[0m15:56:37.702468 [info ] [MainThread]:   job_creation_timeout_seconds: None
[0m15:56:37.702865 [info ] [MainThread]:   job_execution_timeout_seconds: None
[0m15:56:37.703289 [info ] [MainThread]:   timeout_seconds: None
[0m15:56:37.703570 [info ] [MainThread]:   client_id: None
[0m15:56:37.703833 [info ] [MainThread]:   token_uri: None
[0m15:56:37.704103 [info ] [MainThread]:   compute_region: None
[0m15:56:37.704406 [info ] [MainThread]:   dataproc_cluster_name: None
[0m15:56:37.704693 [info ] [MainThread]:   gcs_bucket: None
[0m15:56:37.704943 [info ] [MainThread]:   dataproc_batch: None
[0m15:56:37.705512 [info ] [MainThread]: Registered adapter: bigquery=1.9.2
[0m15:56:37.829066 [debug] [MainThread]: Acquiring new bigquery connection 'debug'
[0m15:56:37.829470 [debug] [MainThread]: On debug: select 1 as id
[0m15:56:37.829774 [debug] [MainThread]: Opening a new connection, currently in state init
[0m15:56:40.875708 [debug] [MainThread]: BigQuery adapter: https://console.cloud.google.com/bigquery?project=deft-beacon-354008&j=bq:US:089273c2-f4ca-43ed-81e5-27eb8c515a25&page=queryresults
[0m15:56:41.644832 [info ] [MainThread]:   Connection test: [[32mOK connection ok[0m]

[0m15:56:41.645822 [info ] [MainThread]: [32mAll checks passed![0m
[0m15:56:41.646788 [debug] [MainThread]: Resource report: {"command_name": "debug", "command_success": true, "command_wall_clock_time": 6.6574054, "process_in_blocks": "155384", "process_kernel_time": 0.413072, "process_mem_max_rss": "348580", "process_out_blocks": "32", "process_user_time": 3.790543}
[0m15:56:41.647509 [debug] [MainThread]: Command `dbt debug` succeeded at 15:56:41.647290 after 6.66 seconds
[0m15:56:41.647981 [debug] [MainThread]: Connection 'debug' was properly closed.
[0m15:56:41.648319 [debug] [MainThread]: Sending event: {'category': 'dbt', 'action': 'invocation', 'label': 'end', 'context': [<snowplow_tracker.self_describing_json.SelfDescribingJson object at 0x73b8feed09a0>, <snowplow_tracker.self_describing_json.SelfDescribingJson object at 0x73b8ca980040>, <snowplow_tracker.self_describing_json.SelfDescribingJson object at 0x73b8ca6bd000>]}
[0m15:56:41.648692 [debug] [MainThread]: Flushing usage events
[0m15:56:42.719971 [debug] [MainThread]: An error was encountered while trying to flush usage events
[0m15:57:15.718568 [debug] [MainThread]: Sending event: {'category': 'dbt', 'action': 'invocation', 'label': 'start', 'context': [<snowplow_tracker.self_describing_json.SelfDescribingJson object at 0x75d3ff9c4970>, <snowplow_tracker.self_describing_json.SelfDescribingJson object at 0x75d3feb7dde0>, <snowplow_tracker.self_describing_json.SelfDescribingJson object at 0x75d3feb7dd80>]}


============================== 15:57:15.720750 | 13bd0316-ae7a-4cee-a780-b78dfbfb2e94 ==============================
[0m15:57:15.720750 [info ] [MainThread]: Running with dbt=1.9.8
[0m15:57:15.721157 [debug] [MainThread]: running dbt with arguments {'printer_width': '80', 'indirect_selection': 'eager', 'write_json': 'True', 'log_cache_events': 'False', 'partial_parse': 'True', 'cache_selected_only': 'False', 'warn_error': 'None', 'version_check': 'True', 'fail_fast': 'False', 'log_path': '/home/norman/NTU-Project-Data-Science-AI_Norman/NTU-Project-Data-Science-AI/TA_undervalue_stock/logs', 'debug': 'False', 'profiles_dir': '/home/norman/NTU-Project-Data-Science-AI_Norman/NTU-Project-Data-Science-AI/TA_undervalue_stock', 'use_colors': 'True', 'use_experimental_parser': 'False', 'no_print': 'None', 'quiet': 'False', 'empty': 'False', 'warn_error_options': 'WarnErrorOptions(include=[], exclude=[])', 'introspect': 'True', 'log_format': 'default', 'invocation_command': 'dbt run -s fact_security', 'target_path': 'None', 'static_parser': 'True', 'send_anonymous_usage_stats': 'True'}
[0m15:57:17.500928 [debug] [MainThread]: Sending event: {'category': 'dbt', 'action': 'project_id', 'label': '13bd0316-ae7a-4cee-a780-b78dfbfb2e94', 'context': [<snowplow_tracker.self_describing_json.SelfDescribingJson object at 0x75d4012ed1b0>]}
[0m15:57:17.544407 [debug] [MainThread]: Sending event: {'category': 'dbt', 'action': 'adapter_info', 'label': '13bd0316-ae7a-4cee-a780-b78dfbfb2e94', 'context': [<snowplow_tracker.self_describing_json.SelfDescribingJson object at 0x75d3ff225db0>]}
[0m15:57:17.545034 [info ] [MainThread]: Registered adapter: bigquery=1.9.2
[0m15:57:17.673205 [debug] [MainThread]: checksum: 2898e47e730fa32147e5ae95c02f42c1d51b8fd2b81922b9b731f0208caf4dff, vars: {}, profile: , target: , version: 1.9.8
[0m15:57:17.753487 [info ] [MainThread]: Unable to do partial parsing because profile has changed
[0m15:57:17.753997 [debug] [MainThread]: Sending event: {'category': 'dbt', 'action': 'partial_parser', 'label': '13bd0316-ae7a-4cee-a780-b78dfbfb2e94', 'context': [<snowplow_tracker.self_describing_json.SelfDescribingJson object at 0x75d3ff177730>]}
[0m15:57:18.855676 [debug] [MainThread]: Sending event: {'category': 'dbt', 'action': 'load_project', 'label': '13bd0316-ae7a-4cee-a780-b78dfbfb2e94', 'context': [<snowplow_tracker.self_describing_json.SelfDescribingJson object at 0x75d3c9870430>]}
[0m15:57:18.916428 [debug] [MainThread]: Wrote artifact WritableManifest to /home/norman/NTU-Project-Data-Science-AI_Norman/NTU-Project-Data-Science-AI/TA_undervalue_stock/target/manifest.json
[0m15:57:18.919332 [debug] [MainThread]: Wrote artifact SemanticManifest to /home/norman/NTU-Project-Data-Science-AI_Norman/NTU-Project-Data-Science-AI/TA_undervalue_stock/target/semantic_manifest.json
[0m15:57:18.936289 [debug] [MainThread]: Sending event: {'category': 'dbt', 'action': 'resource_counts', 'label': '13bd0316-ae7a-4cee-a780-b78dfbfb2e94', 'context': [<snowplow_tracker.self_describing_json.SelfDescribingJson object at 0x75d3c98721d0>]}
[0m15:57:18.936866 [info ] [MainThread]: Found 3 models, 29 data tests, 4 sources, 493 macros
[0m15:57:18.937206 [debug] [MainThread]: Sending event: {'category': 'dbt', 'action': 'runnable_timing', 'label': '13bd0316-ae7a-4cee-a780-b78dfbfb2e94', 'context': [<snowplow_tracker.self_describing_json.SelfDescribingJson object at 0x75d3c9872b60>]}
[0m15:57:18.938402 [info ] [MainThread]: 
[0m15:57:18.938888 [info ] [MainThread]: Concurrency: 1 threads (target='dev')
[0m15:57:18.939289 [info ] [MainThread]: 
[0m15:57:18.939859 [debug] [MainThread]: Acquiring new bigquery connection 'master'
[0m15:57:18.941112 [debug] [ThreadPool]: Acquiring new bigquery connection 'list_deft-beacon-354008'
[0m15:57:18.941870 [debug] [ThreadPool]: Opening a new connection, currently in state init
[0m15:57:20.145969 [debug] [ThreadPool]: Re-using an available connection from the pool (formerly list_deft-beacon-354008, now list_deft-beacon-354008_stock_analysis)
[0m15:57:20.146971 [debug] [ThreadPool]: Opening a new connection, currently in state closed
[0m15:57:20.523693 [debug] [MainThread]: Sending event: {'category': 'dbt', 'action': 'runnable_timing', 'label': '13bd0316-ae7a-4cee-a780-b78dfbfb2e94', 'context': [<snowplow_tracker.self_describing_json.SelfDescribingJson object at 0x75d3caec0760>]}
[0m15:57:20.524158 [debug] [MainThread]: Opening a new connection, currently in state init
[0m15:57:20.533113 [debug] [Thread-1 (]: Began running node model.stock_analysis.fact_security
[0m15:57:20.533835 [info ] [Thread-1 (]: 1 of 1 START sql table model stock_analysis.fact_security ...................... [RUN]
[0m15:57:20.534295 [debug] [Thread-1 (]: Re-using an available connection from the pool (formerly list_deft-beacon-354008_stock_analysis, now model.stock_analysis.fact_security)
[0m15:57:20.534576 [debug] [Thread-1 (]: Began compiling node model.stock_analysis.fact_security
[0m15:57:20.541132 [debug] [Thread-1 (]: Writing injected SQL for node "model.stock_analysis.fact_security"
[0m15:57:20.541815 [debug] [Thread-1 (]: Began executing node model.stock_analysis.fact_security
[0m15:57:20.559489 [debug] [Thread-1 (]: Opening a new connection, currently in state closed
[0m15:57:20.995931 [debug] [Thread-1 (]: Writing runtime sql for node "model.stock_analysis.fact_security"
[0m15:57:20.996641 [debug] [Thread-1 (]: On model.stock_analysis.fact_security: /* {"app": "dbt", "dbt_version": "1.9.8", "profile_name": "stock_analysis", "target_name": "dev", "node_id": "model.stock_analysis.fact_security"} */

  
    

    create or replace table `deft-beacon-354008`.`stock_analysis`.`fact_security`
      
    
    

    OPTIONS()
    as (
      

WITH dup_data AS (
SELECT
  t.ticker_symbol,
  DATE(t.date) AS date,
  t.close_price,
  t.high_price,
  t.low_price,
  t.open_price,
  t.stock_splits,
  t.dividend,
  t.volume_traded,
  f.GDP_growth_rate,
  f.UMCSENT,
  f.inflation_rate,
  f.interest_rate,
  f.unemployment_rate,
  f.industrial_production,
  f.ten_yr_treasury,
  i.forward_eps,
  i.forward_pe,
  i.market_cap,
  i.trailing_eps,
  i.trailing_pe,
  ta.ema_50,
  ta.rsi_14,
  ta.sma_50
FROM `deft-beacon-354008`.`stock_analysis`.`combined_tickers` t
LEFT JOIN `deft-beacon-354008`.`stock_analysis`.`fred` f
  ON DATE(t.date) = DATE(f.date)
LEFT JOIN `deft-beacon-354008`.`stock_analysis`.`stock_info` i
  ON t.ticker_symbol = i.ticker_symbol AND DATE(t.date) BETWEEN '2025-04-01' AND '2025-06-30'
LEFT JOIN `deft-beacon-354008`.`stock_analysis`.`techincal_indicator` ta
  ON DATE(t.date) = DATE(ta.date) and t.ticker_symbol = ta.ticker_symbol
)
SELECT 
  ticker_symbol,
  date,
  ANY_VALUE(close_price) AS close_price,
  ANY_VALUE(high_price) AS high_price,
  ANY_VALUE(low_price) AS low_price,
  ANY_VALUE(open_price) AS open_price,
  ANY_VALUE(stock_splits) AS stock_splits,
  ANY_VALUE(dividend) AS dividend,
  ANY_VALUE(volume_traded) AS volume_traded,
  ANY_VALUE(GDP_growth_rate) AS GDP_growth_rate,
  ANY_VALUE(UMCSENT) AS UMCSENT,
  ANY_VALUE(inflation_rate) AS inflation_rate,
  ANY_VALUE(interest_rate) AS interest_rate,
  ANY_VALUE(unemployment_rate) AS unemployment_rate,
  ANY_VALUE(ten_yr_treasury) AS ten_yr_treasury,
  ANY_VALUE(industrial_production) AS industrial_production,
  ANY_VALUE(forward_eps) AS forward_eps,
  ANY_VALUE(forward_pe) AS forward_pe,
  ANY_VALUE(market_cap) AS market_cap,
  ANY_VALUE(trailing_eps) AS trailing_eps,
  ANY_VALUE(trailing_pe) AS trailing_pe,
  ANY_VALUE(ema_50) AS ema_50,
  ANY_VALUE(rsi_14) AS rsi_14,
  ANY_VALUE(sma_50) AS sma_50
FROM dup_data 
GROUP BY ticker_symbol, date
    );
  
[0m15:57:21.587696 [debug] [Thread-1 (]: BigQuery adapter: https://console.cloud.google.com/bigquery?project=deft-beacon-354008&j=bq:US:8faa5a68-f904-4764-a85f-1fa10ab1587a&page=queryresults
[0m15:57:24.223946 [debug] [Thread-1 (]: Sending event: {'category': 'dbt', 'action': 'run_model', 'label': '13bd0316-ae7a-4cee-a780-b78dfbfb2e94', 'context': [<snowplow_tracker.self_describing_json.SelfDescribingJson object at 0x75d3d4479270>]}
[0m15:57:24.224992 [info ] [Thread-1 (]: 1 of 1 OK created sql table model stock_analysis.fact_security ................. [[32mCREATE TABLE (5.0k rows, 718.8 KiB processed)[0m in 3.68s]
[0m15:57:24.225545 [debug] [Thread-1 (]: Finished running node model.stock_analysis.fact_security
[0m15:57:24.226776 [debug] [MainThread]: Opening a new connection, currently in state closed
[0m15:57:24.227456 [debug] [MainThread]: Connection 'master' was properly closed.
[0m15:57:24.227756 [debug] [MainThread]: Connection 'model.stock_analysis.fact_security' was properly closed.
[0m15:57:24.228037 [info ] [MainThread]: 
[0m15:57:24.228469 [info ] [MainThread]: Finished running 1 table model in 0 hours 0 minutes and 5.29 seconds (5.29s).
[0m15:57:24.229040 [debug] [MainThread]: Command end result
[0m15:57:24.251305 [debug] [MainThread]: Wrote artifact WritableManifest to /home/norman/NTU-Project-Data-Science-AI_Norman/NTU-Project-Data-Science-AI/TA_undervalue_stock/target/manifest.json
[0m15:57:24.252914 [debug] [MainThread]: Wrote artifact SemanticManifest to /home/norman/NTU-Project-Data-Science-AI_Norman/NTU-Project-Data-Science-AI/TA_undervalue_stock/target/semantic_manifest.json
[0m15:57:24.257567 [debug] [MainThread]: Wrote artifact RunExecutionResult to /home/norman/NTU-Project-Data-Science-AI_Norman/NTU-Project-Data-Science-AI/TA_undervalue_stock/target/run_results.json
[0m15:57:24.257904 [info ] [MainThread]: 
[0m15:57:24.258225 [info ] [MainThread]: [32mCompleted successfully[0m
[0m15:57:24.258579 [info ] [MainThread]: 
[0m15:57:24.259094 [info ] [MainThread]: Done. PASS=1 WARN=0 ERROR=0 SKIP=0 TOTAL=1
[0m15:57:24.260405 [debug] [MainThread]: Resource report: {"command_name": "run", "command_success": true, "command_wall_clock_time": 8.579282, "process_in_blocks": "7472", "process_kernel_time": 0.322049, "process_mem_max_rss": "365464", "process_out_blocks": "3552", "process_user_time": 5.060198}
[0m15:57:24.260944 [debug] [MainThread]: Command `dbt run` succeeded at 15:57:24.260775 after 8.58 seconds
[0m15:57:24.261421 [debug] [MainThread]: Sending event: {'category': 'dbt', 'action': 'invocation', 'label': 'end', 'context': [<snowplow_tracker.self_describing_json.SelfDescribingJson object at 0x75d3ff9c4970>, <snowplow_tracker.self_describing_json.SelfDescribingJson object at 0x75d3c99b5450>, <snowplow_tracker.self_describing_json.SelfDescribingJson object at 0x75d3ff225db0>]}
[0m15:57:24.261814 [debug] [MainThread]: Flushing usage events
[0m15:57:25.303325 [debug] [MainThread]: An error was encountered while trying to flush usage events
[0m15:57:41.694153 [debug] [MainThread]: Sending event: {'category': 'dbt', 'action': 'invocation', 'label': 'start', 'context': [<snowplow_tracker.self_describing_json.SelfDescribingJson object at 0x7efe5dfc8a90>, <snowplow_tracker.self_describing_json.SelfDescribingJson object at 0x7efe5d181ed0>, <snowplow_tracker.self_describing_json.SelfDescribingJson object at 0x7efe5d181e70>]}


============================== 15:57:41.696584 | ef814776-ea06-4a13-9c61-8aef91698d4e ==============================
[0m15:57:41.696584 [info ] [MainThread]: Running with dbt=1.9.8
[0m15:57:41.697048 [debug] [MainThread]: running dbt with arguments {'printer_width': '80', 'indirect_selection': 'eager', 'log_cache_events': 'False', 'write_json': 'True', 'partial_parse': 'True', 'cache_selected_only': 'False', 'warn_error': 'None', 'version_check': 'True', 'profiles_dir': '/home/norman/NTU-Project-Data-Science-AI_Norman/NTU-Project-Data-Science-AI/TA_undervalue_stock', 'log_path': '/home/norman/NTU-Project-Data-Science-AI_Norman/NTU-Project-Data-Science-AI/TA_undervalue_stock/logs', 'debug': 'False', 'fail_fast': 'False', 'use_colors': 'True', 'use_experimental_parser': 'False', 'no_print': 'None', 'quiet': 'False', 'empty': 'False', 'log_format': 'default', 'invocation_command': 'dbt run -s schema.yml', 'introspect': 'True', 'warn_error_options': 'WarnErrorOptions(include=[], exclude=[])', 'target_path': 'None', 'static_parser': 'True', 'send_anonymous_usage_stats': 'True'}
[0m15:57:43.396654 [debug] [MainThread]: Sending event: {'category': 'dbt', 'action': 'project_id', 'label': 'ef814776-ea06-4a13-9c61-8aef91698d4e', 'context': [<snowplow_tracker.self_describing_json.SelfDescribingJson object at 0x7efe2ea989d0>]}
[0m15:57:43.440477 [debug] [MainThread]: Sending event: {'category': 'dbt', 'action': 'adapter_info', 'label': 'ef814776-ea06-4a13-9c61-8aef91698d4e', 'context': [<snowplow_tracker.self_describing_json.SelfDescribingJson object at 0x7efe5f6fcb20>]}
[0m15:57:43.441165 [info ] [MainThread]: Registered adapter: bigquery=1.9.2
[0m15:57:43.561543 [debug] [MainThread]: checksum: 2898e47e730fa32147e5ae95c02f42c1d51b8fd2b81922b9b731f0208caf4dff, vars: {}, profile: , target: , version: 1.9.8
[0m15:57:43.665157 [debug] [MainThread]: Partial parsing enabled: 0 files deleted, 0 files added, 0 files changed.
[0m15:57:43.665641 [debug] [MainThread]: Partial parsing enabled, no changes found, skipping parsing
[0m15:57:43.716022 [debug] [MainThread]: Sending event: {'category': 'dbt', 'action': 'load_project', 'label': 'ef814776-ea06-4a13-9c61-8aef91698d4e', 'context': [<snowplow_tracker.self_describing_json.SelfDescribingJson object at 0x7efe294385b0>]}
[0m15:57:43.791599 [debug] [MainThread]: Wrote artifact WritableManifest to /home/norman/NTU-Project-Data-Science-AI_Norman/NTU-Project-Data-Science-AI/TA_undervalue_stock/target/manifest.json
[0m15:57:43.793205 [debug] [MainThread]: Wrote artifact SemanticManifest to /home/norman/NTU-Project-Data-Science-AI_Norman/NTU-Project-Data-Science-AI/TA_undervalue_stock/target/semantic_manifest.json
[0m15:57:43.803891 [debug] [MainThread]: Sending event: {'category': 'dbt', 'action': 'resource_counts', 'label': 'ef814776-ea06-4a13-9c61-8aef91698d4e', 'context': [<snowplow_tracker.self_describing_json.SelfDescribingJson object at 0x7efe29423280>]}
[0m15:57:43.804529 [info ] [MainThread]: Found 3 models, 29 data tests, 4 sources, 493 macros
[0m15:57:43.804927 [debug] [MainThread]: Sending event: {'category': 'dbt', 'action': 'runnable_timing', 'label': 'ef814776-ea06-4a13-9c61-8aef91698d4e', 'context': [<snowplow_tracker.self_describing_json.SelfDescribingJson object at 0x7efe294231c0>]}
[0m15:57:43.805635 [warn ] [MainThread]: The selection criterion 'schema.yml' does not match any enabled nodes
[0m15:57:43.806641 [warn ] [MainThread]: Nothing to do. Try checking your model configs and model specification args
[0m15:57:43.808728 [debug] [MainThread]: Command end result
[0m15:57:43.847993 [debug] [MainThread]: Wrote artifact WritableManifest to /home/norman/NTU-Project-Data-Science-AI_Norman/NTU-Project-Data-Science-AI/TA_undervalue_stock/target/manifest.json
[0m15:57:43.851570 [debug] [MainThread]: Wrote artifact SemanticManifest to /home/norman/NTU-Project-Data-Science-AI_Norman/NTU-Project-Data-Science-AI/TA_undervalue_stock/target/semantic_manifest.json
[0m15:57:43.855587 [debug] [MainThread]: Wrote artifact RunExecutionResult to /home/norman/NTU-Project-Data-Science-AI_Norman/NTU-Project-Data-Science-AI/TA_undervalue_stock/target/run_results.json
[0m15:57:43.856580 [debug] [MainThread]: Resource report: {"command_name": "run", "command_success": true, "command_wall_clock_time": 2.2007933, "process_in_blocks": "0", "process_kernel_time": 0.319312, "process_mem_max_rss": "350116", "process_out_blocks": "2400", "process_user_time": 3.961097}
[0m15:57:43.857095 [debug] [MainThread]: Command `dbt run` succeeded at 15:57:43.857005 after 2.20 seconds
[0m15:57:43.857607 [debug] [MainThread]: Sending event: {'category': 'dbt', 'action': 'invocation', 'label': 'end', 'context': [<snowplow_tracker.self_describing_json.SelfDescribingJson object at 0x7efe5dfc8a90>, <snowplow_tracker.self_describing_json.SelfDescribingJson object at 0x7efe5de96cb0>, <snowplow_tracker.self_describing_json.SelfDescribingJson object at 0x7efe5f6fcb20>]}
[0m15:57:43.858098 [debug] [MainThread]: Flushing usage events
[0m15:57:45.212187 [debug] [MainThread]: An error was encountered while trying to flush usage events
[0m16:55:43.330884 [debug] [MainThread]: Sending event: {'category': 'dbt', 'action': 'invocation', 'label': 'start', 'context': [<snowplow_tracker.self_describing_json.SelfDescribingJson object at 0x7eb44a5a89d0>, <snowplow_tracker.self_describing_json.SelfDescribingJson object at 0x7eb449721cf0>, <snowplow_tracker.self_describing_json.SelfDescribingJson object at 0x7eb449721c90>]}


============================== 16:55:43.339190 | 8dec1329-3f96-45e1-afef-8e1e6a379d3b ==============================
[0m16:55:43.339190 [info ] [MainThread]: Running with dbt=1.9.8
[0m16:55:43.340600 [debug] [MainThread]: running dbt with arguments {'printer_width': '80', 'indirect_selection': 'eager', 'log_cache_events': 'False', 'write_json': 'True', 'partial_parse': 'True', 'cache_selected_only': 'False', 'profiles_dir': '/home/norman/NTU-Project-Data-Science-AI_Norman/NTU-Project-Data-Science-AI/TA_undervalue_stock', 'version_check': 'True', 'warn_error': 'None', 'log_path': '/home/norman/NTU-Project-Data-Science-AI_Norman/NTU-Project-Data-Science-AI/TA_undervalue_stock/logs', 'debug': 'False', 'fail_fast': 'False', 'use_colors': 'True', 'use_experimental_parser': 'False', 'empty': 'None', 'quiet': 'False', 'no_print': 'None', 'log_format': 'default', 'static_parser': 'True', 'warn_error_options': 'WarnErrorOptions(include=[], exclude=[])', 'invocation_command': 'dbt debug', 'target_path': 'None', 'introspect': 'True', 'send_anonymous_usage_stats': 'True'}
[0m16:55:43.357889 [info ] [MainThread]: dbt version: 1.9.8
[0m16:55:43.358313 [info ] [MainThread]: python version: 3.10.18
[0m16:55:43.358584 [info ] [MainThread]: python path: /home/norman/miniconda3/envs/meltano_env/bin/python3.10
[0m16:55:43.358824 [info ] [MainThread]: os info: Linux-6.6.87.2-microsoft-standard-WSL2-x86_64-with-glibc2.39
[0m16:55:46.755477 [info ] [MainThread]: Using profiles dir at /home/norman/NTU-Project-Data-Science-AI_Norman/NTU-Project-Data-Science-AI/TA_undervalue_stock
[0m16:55:46.756166 [info ] [MainThread]: Using profiles.yml file at /home/norman/NTU-Project-Data-Science-AI_Norman/NTU-Project-Data-Science-AI/TA_undervalue_stock/profiles.yml
[0m16:55:46.757104 [info ] [MainThread]: Using dbt_project.yml file at /home/norman/NTU-Project-Data-Science-AI_Norman/NTU-Project-Data-Science-AI/TA_undervalue_stock/dbt_project.yml
[0m16:55:46.757773 [info ] [MainThread]: adapter type: bigquery
[0m16:55:46.758140 [info ] [MainThread]: adapter version: 1.9.2
[0m16:55:46.847640 [info ] [MainThread]: Configuration:
[0m16:55:46.848267 [info ] [MainThread]:   profiles.yml file [[32mOK found and valid[0m]
[0m16:55:46.849026 [info ] [MainThread]:   dbt_project.yml file [[32mOK found and valid[0m]
[0m16:55:46.849584 [info ] [MainThread]: Required dependencies:
[0m16:55:46.850255 [debug] [MainThread]: Executing "git --help"
[0m16:55:46.866592 [debug] [MainThread]: STDOUT: "b"usage: git [-v | --version] [-h | --help] [-C <path>] [-c <name>=<value>]\n           [--exec-path[=<path>]] [--html-path] [--man-path] [--info-path]\n           [-p | --paginate | -P | --no-pager] [--no-replace-objects] [--no-lazy-fetch]\n           [--no-optional-locks] [--no-advice] [--bare] [--git-dir=<path>]\n           [--work-tree=<path>] [--namespace=<name>] [--config-env=<name>=<envvar>]\n           <command> [<args>]\n\nThese are common Git commands used in various situations:\n\nstart a working area (see also: git help tutorial)\n   clone      Clone a repository into a new directory\n   init       Create an empty Git repository or reinitialize an existing one\n\nwork on the current change (see also: git help everyday)\n   add        Add file contents to the index\n   mv         Move or rename a file, a directory, or a symlink\n   restore    Restore working tree files\n   rm         Remove files from the working tree and from the index\n\nexamine the history and state (see also: git help revisions)\n   bisect     Use binary search to find the commit that introduced a bug\n   diff       Show changes between commits, commit and working tree, etc\n   grep       Print lines matching a pattern\n   log        Show commit logs\n   show       Show various types of objects\n   status     Show the working tree status\n\ngrow, mark and tweak your common history\n   backfill   Download missing objects in a partial clone\n   branch     List, create, or delete branches\n   commit     Record changes to the repository\n   merge      Join two or more development histories together\n   rebase     Reapply commits on top of another base tip\n   reset      Reset current HEAD to the specified state\n   switch     Switch branches\n   tag        Create, list, delete or verify a tag object signed with GPG\n\ncollaborate (see also: git help workflows)\n   fetch      Download objects and refs from another repository\n   pull       Fetch from and integrate with another repository or a local branch\n   push       Update remote refs along with associated objects\n\n'git help -a' and 'git help -g' list available subcommands and some\nconcept guides. See 'git help <command>' or 'git help <concept>'\nto read about a specific subcommand or concept.\nSee 'git help git' for an overview of the system.\n""
[0m16:55:46.867707 [debug] [MainThread]: STDERR: "b''"
[0m16:55:46.868422 [info ] [MainThread]:  - git [[32mOK found[0m]

[0m16:55:46.868864 [info ] [MainThread]: Connection:
[0m16:55:46.869252 [info ] [MainThread]:   method: oauth
[0m16:55:46.869588 [info ] [MainThread]:   database: deft-beacon-354008
[0m16:55:46.869957 [info ] [MainThread]:   execution_project: deft-beacon-354008
[0m16:55:46.870281 [info ] [MainThread]:   schema: stock_analysis
[0m16:55:46.870568 [info ] [MainThread]:   location: US
[0m16:55:46.870848 [info ] [MainThread]:   priority: interactive
[0m16:55:46.871122 [info ] [MainThread]:   maximum_bytes_billed: None
[0m16:55:46.871417 [info ] [MainThread]:   impersonate_service_account: None
[0m16:55:46.871677 [info ] [MainThread]:   job_retry_deadline_seconds: None
[0m16:55:46.871985 [info ] [MainThread]:   job_retries: 2
[0m16:55:46.872282 [info ] [MainThread]:   job_creation_timeout_seconds: None
[0m16:55:46.872626 [info ] [MainThread]:   job_execution_timeout_seconds: None
[0m16:55:46.873584 [info ] [MainThread]:   timeout_seconds: None
[0m16:55:46.874041 [info ] [MainThread]:   client_id: None
[0m16:55:46.874546 [info ] [MainThread]:   token_uri: None
[0m16:55:46.874918 [info ] [MainThread]:   compute_region: None
[0m16:55:46.875269 [info ] [MainThread]:   dataproc_cluster_name: None
[0m16:55:46.875634 [info ] [MainThread]:   gcs_bucket: None
[0m16:55:46.876037 [info ] [MainThread]:   dataproc_batch: None
[0m16:55:46.876732 [info ] [MainThread]: Registered adapter: bigquery=1.9.2
[0m16:55:47.018261 [debug] [MainThread]: Acquiring new bigquery connection 'debug'
[0m16:55:47.018761 [debug] [MainThread]: On debug: select 1 as id
[0m16:55:47.019118 [debug] [MainThread]: Opening a new connection, currently in state init
[0m16:55:50.302880 [debug] [MainThread]: BigQuery adapter: https://console.cloud.google.com/bigquery?project=deft-beacon-354008&j=bq:US:f3e19006-05fd-4cc0-9d9e-29791a6ab608&page=queryresults
[0m16:55:50.911664 [info ] [MainThread]:   Connection test: [[32mOK connection ok[0m]

[0m16:55:50.912430 [info ] [MainThread]: [32mAll checks passed![0m
[0m16:55:50.919001 [debug] [MainThread]: Resource report: {"command_name": "debug", "command_success": true, "command_wall_clock_time": 7.64034, "process_in_blocks": "235640", "process_kernel_time": 0.723894, "process_mem_max_rss": "350144", "process_out_blocks": "16", "process_user_time": 4.20621}
[0m16:55:50.919798 [debug] [MainThread]: Command `dbt debug` succeeded at 16:55:50.919652 after 7.64 seconds
[0m16:55:50.920521 [debug] [MainThread]: Connection 'debug' was properly closed.
[0m16:55:50.921728 [debug] [MainThread]: Sending event: {'category': 'dbt', 'action': 'invocation', 'label': 'end', 'context': [<snowplow_tracker.self_describing_json.SelfDescribingJson object at 0x7eb44a5a89d0>, <snowplow_tracker.self_describing_json.SelfDescribingJson object at 0x7eb415ff30d0>, <snowplow_tracker.self_describing_json.SelfDescribingJson object at 0x7eb44a62bca0>]}
[0m16:55:50.923245 [debug] [MainThread]: Flushing usage events
[0m16:55:51.847395 [debug] [MainThread]: An error was encountered while trying to flush usage events
[0m16:58:36.487282 [debug] [MainThread]: Sending event: {'category': 'dbt', 'action': 'invocation', 'label': 'start', 'context': [<snowplow_tracker.self_describing_json.SelfDescribingJson object at 0x71b1dff88af0>, <snowplow_tracker.self_describing_json.SelfDescribingJson object at 0x71b1df11df60>, <snowplow_tracker.self_describing_json.SelfDescribingJson object at 0x71b1df11df00>]}


============================== 16:58:36.490637 | 7fa8edff-eef0-44ab-8be5-1e8949637aba ==============================
[0m16:58:36.490637 [info ] [MainThread]: Running with dbt=1.9.8
[0m16:58:36.491148 [debug] [MainThread]: running dbt with arguments {'printer_width': '80', 'indirect_selection': 'eager', 'log_cache_events': 'False', 'write_json': 'True', 'partial_parse': 'True', 'cache_selected_only': 'False', 'profiles_dir': '/home/norman/NTU-Project-Data-Science-AI_Norman/NTU-Project-Data-Science-AI/TA_undervalue_stock', 'version_check': 'True', 'debug': 'False', 'log_path': '/home/norman/NTU-Project-Data-Science-AI_Norman/NTU-Project-Data-Science-AI/TA_undervalue_stock/logs', 'fail_fast': 'False', 'warn_error': 'None', 'use_colors': 'True', 'use_experimental_parser': 'False', 'empty': 'False', 'quiet': 'False', 'no_print': 'None', 'warn_error_options': 'WarnErrorOptions(include=[], exclude=[])', 'invocation_command': 'dbt run --select dim_date', 'log_format': 'default', 'introspect': 'True', 'target_path': 'None', 'static_parser': 'True', 'send_anonymous_usage_stats': 'True'}
[0m16:58:39.089898 [debug] [MainThread]: Sending event: {'category': 'dbt', 'action': 'project_id', 'label': '7fa8edff-eef0-44ab-8be5-1e8949637aba', 'context': [<snowplow_tracker.self_describing_json.SelfDescribingJson object at 0x71b1b48d04f0>]}
[0m16:58:39.134014 [debug] [MainThread]: Sending event: {'category': 'dbt', 'action': 'adapter_info', 'label': '7fa8edff-eef0-44ab-8be5-1e8949637aba', 'context': [<snowplow_tracker.self_describing_json.SelfDescribingJson object at 0x71b1dfd01bd0>]}
[0m16:58:39.134749 [info ] [MainThread]: Registered adapter: bigquery=1.9.2
[0m16:58:39.269445 [debug] [MainThread]: checksum: 2898e47e730fa32147e5ae95c02f42c1d51b8fd2b81922b9b731f0208caf4dff, vars: {}, profile: , target: , version: 1.9.8
[0m16:58:39.401713 [debug] [MainThread]: Partial parsing enabled: 0 files deleted, 0 files added, 0 files changed.
[0m16:58:39.402184 [debug] [MainThread]: Partial parsing enabled, no changes found, skipping parsing
[0m16:58:39.438467 [debug] [MainThread]: Sending event: {'category': 'dbt', 'action': 'load_project', 'label': '7fa8edff-eef0-44ab-8be5-1e8949637aba', 'context': [<snowplow_tracker.self_describing_json.SelfDescribingJson object at 0x71b1ab4bbdf0>]}
[0m16:58:39.510999 [debug] [MainThread]: Wrote artifact WritableManifest to /home/norman/NTU-Project-Data-Science-AI_Norman/NTU-Project-Data-Science-AI/TA_undervalue_stock/target/manifest.json
[0m16:58:39.516579 [debug] [MainThread]: Wrote artifact SemanticManifest to /home/norman/NTU-Project-Data-Science-AI_Norman/NTU-Project-Data-Science-AI/TA_undervalue_stock/target/semantic_manifest.json
[0m16:58:39.537019 [debug] [MainThread]: Sending event: {'category': 'dbt', 'action': 'resource_counts', 'label': '7fa8edff-eef0-44ab-8be5-1e8949637aba', 'context': [<snowplow_tracker.self_describing_json.SelfDescribingJson object at 0x71b1ab4ce1d0>]}
[0m16:58:39.537521 [info ] [MainThread]: Found 3 models, 29 data tests, 4 sources, 493 macros
[0m16:58:39.537932 [debug] [MainThread]: Sending event: {'category': 'dbt', 'action': 'runnable_timing', 'label': '7fa8edff-eef0-44ab-8be5-1e8949637aba', 'context': [<snowplow_tracker.self_describing_json.SelfDescribingJson object at 0x71b1ab4cf520>]}
[0m16:58:39.539140 [info ] [MainThread]: 
[0m16:58:39.539541 [info ] [MainThread]: Concurrency: 1 threads (target='dev')
[0m16:58:39.539839 [info ] [MainThread]: 
[0m16:58:39.540247 [debug] [MainThread]: Acquiring new bigquery connection 'master'
[0m16:58:39.541291 [debug] [ThreadPool]: Acquiring new bigquery connection 'list_deft-beacon-354008'
[0m16:58:39.541935 [debug] [ThreadPool]: Opening a new connection, currently in state init
[0m16:58:42.382325 [debug] [ThreadPool]: Re-using an available connection from the pool (formerly list_deft-beacon-354008, now list_deft-beacon-354008_stock_analysis)
[0m16:58:42.382766 [debug] [ThreadPool]: Opening a new connection, currently in state closed
[0m16:58:42.751351 [debug] [MainThread]: Sending event: {'category': 'dbt', 'action': 'runnable_timing', 'label': '7fa8edff-eef0-44ab-8be5-1e8949637aba', 'context': [<snowplow_tracker.self_describing_json.SelfDescribingJson object at 0x71b1e1adbdc0>]}
[0m16:58:42.752098 [debug] [MainThread]: Opening a new connection, currently in state init
[0m16:58:42.757561 [debug] [Thread-1 (]: Began running node model.stock_analysis.dim_date
[0m16:58:42.758255 [info ] [Thread-1 (]: 1 of 1 START sql table model stock_analysis.dim_date ........................... [RUN]
[0m16:58:42.758997 [debug] [Thread-1 (]: Re-using an available connection from the pool (formerly list_deft-beacon-354008_stock_analysis, now model.stock_analysis.dim_date)
[0m16:58:42.759363 [debug] [Thread-1 (]: Began compiling node model.stock_analysis.dim_date
[0m16:58:42.766794 [debug] [Thread-1 (]: Writing injected SQL for node "model.stock_analysis.dim_date"
[0m16:58:42.767872 [debug] [Thread-1 (]: Began executing node model.stock_analysis.dim_date
[0m16:58:42.778387 [debug] [Thread-1 (]: Opening a new connection, currently in state closed
[0m16:58:43.192568 [debug] [Thread-1 (]: Writing runtime sql for node "model.stock_analysis.dim_date"
[0m16:58:43.193637 [debug] [Thread-1 (]: On model.stock_analysis.dim_date: /* {"app": "dbt", "dbt_version": "1.9.8", "profile_name": "stock_analysis", "target_name": "dev", "node_id": "model.stock_analysis.dim_date"} */

  
    

    create or replace table `deft-beacon-354008`.`stock_analysis`.`dim_date`
      
    
    

    OPTIONS()
    as (
      

WITH deduplicated_dates AS (
    SELECT DISTINCT date
    FROM `deft-beacon-354008`.`stock_analysis`.`combined_tickers`
)
SELECT
    DATE(date) AS date,
    EXTRACT(YEAR FROM date) AS year,
    EXTRACT(MONTH FROM date) AS month,
    EXTRACT(DAY FROM date) AS day,
    EXTRACT(QUARTER FROM date) AS quarter,
    FORMAT_TIMESTAMP('%A', date) AS day_of_week
FROM 
    deduplicated_dates
    );
  
[0m16:58:43.756850 [debug] [Thread-1 (]: BigQuery adapter: https://console.cloud.google.com/bigquery?project=deft-beacon-354008&j=bq:US:8a15c63b-c54d-40cc-924b-07015284bbb1&page=queryresults
[0m16:58:46.170136 [debug] [Thread-1 (]: Sending event: {'category': 'dbt', 'action': 'run_model', 'label': '7fa8edff-eef0-44ab-8be5-1e8949637aba', 'context': [<snowplow_tracker.self_describing_json.SelfDescribingJson object at 0x71b1a92378e0>]}
[0m16:58:46.170966 [info ] [Thread-1 (]: 1 of 1 OK created sql table model stock_analysis.dim_date ...................... [[32mCREATE TABLE (1.3k rows, 39.3 KiB processed)[0m in 3.41s]
[0m16:58:46.171551 [debug] [Thread-1 (]: Finished running node model.stock_analysis.dim_date
[0m16:58:46.173427 [debug] [MainThread]: Opening a new connection, currently in state closed
[0m16:58:46.174382 [debug] [MainThread]: Connection 'master' was properly closed.
[0m16:58:46.174673 [debug] [MainThread]: Connection 'model.stock_analysis.dim_date' was properly closed.
[0m16:58:46.174955 [info ] [MainThread]: 
[0m16:58:46.175241 [info ] [MainThread]: Finished running 1 table model in 0 hours 0 minutes and 6.63 seconds (6.63s).
[0m16:58:46.175782 [debug] [MainThread]: Command end result
[0m16:58:46.200033 [debug] [MainThread]: Wrote artifact WritableManifest to /home/norman/NTU-Project-Data-Science-AI_Norman/NTU-Project-Data-Science-AI/TA_undervalue_stock/target/manifest.json
[0m16:58:46.201635 [debug] [MainThread]: Wrote artifact SemanticManifest to /home/norman/NTU-Project-Data-Science-AI_Norman/NTU-Project-Data-Science-AI/TA_undervalue_stock/target/semantic_manifest.json
[0m16:58:46.206155 [debug] [MainThread]: Wrote artifact RunExecutionResult to /home/norman/NTU-Project-Data-Science-AI_Norman/NTU-Project-Data-Science-AI/TA_undervalue_stock/target/run_results.json
[0m16:58:46.206490 [info ] [MainThread]: 
[0m16:58:46.206860 [info ] [MainThread]: [32mCompleted successfully[0m
[0m16:58:46.207245 [info ] [MainThread]: 
[0m16:58:46.207881 [info ] [MainThread]: Done. PASS=1 WARN=0 ERROR=0 SKIP=0 TOTAL=1
[0m16:58:46.210423 [debug] [MainThread]: Resource report: {"command_name": "run", "command_success": true, "command_wall_clock_time": 9.75886, "process_in_blocks": "224640", "process_kernel_time": 0.556079, "process_mem_max_rss": "357148", "process_out_blocks": "2432", "process_user_time": 4.364381}
[0m16:58:46.211010 [debug] [MainThread]: Command `dbt run` succeeded at 16:58:46.210900 after 9.76 seconds
[0m16:58:46.211325 [debug] [MainThread]: Sending event: {'category': 'dbt', 'action': 'invocation', 'label': 'end', 'context': [<snowplow_tracker.self_describing_json.SelfDescribingJson object at 0x71b1dff88af0>, <snowplow_tracker.self_describing_json.SelfDescribingJson object at 0x71b1dffa3850>, <snowplow_tracker.self_describing_json.SelfDescribingJson object at 0x71b1ab45eda0>]}
[0m16:58:46.211970 [debug] [MainThread]: Flushing usage events
[0m16:58:47.466753 [debug] [MainThread]: An error was encountered while trying to flush usage events
[0m16:58:56.954168 [debug] [MainThread]: Sending event: {'category': 'dbt', 'action': 'invocation', 'label': 'start', 'context': [<snowplow_tracker.self_describing_json.SelfDescribingJson object at 0x79094bcc4a60>, <snowplow_tracker.self_describing_json.SelfDescribingJson object at 0x79094ae7df00>, <snowplow_tracker.self_describing_json.SelfDescribingJson object at 0x79094ae7dea0>]}


============================== 16:58:56.956268 | 6f197886-5195-4da5-ba2f-1489f150f91e ==============================
[0m16:58:56.956268 [info ] [MainThread]: Running with dbt=1.9.8
[0m16:58:56.956662 [debug] [MainThread]: running dbt with arguments {'printer_width': '80', 'indirect_selection': 'eager', 'write_json': 'True', 'log_cache_events': 'False', 'partial_parse': 'True', 'cache_selected_only': 'False', 'profiles_dir': '/home/norman/NTU-Project-Data-Science-AI_Norman/NTU-Project-Data-Science-AI/TA_undervalue_stock', 'debug': 'False', 'fail_fast': 'False', 'log_path': '/home/norman/NTU-Project-Data-Science-AI_Norman/NTU-Project-Data-Science-AI/TA_undervalue_stock/logs', 'warn_error': 'None', 'version_check': 'True', 'use_colors': 'True', 'use_experimental_parser': 'False', 'empty': 'False', 'quiet': 'False', 'no_print': 'None', 'warn_error_options': 'WarnErrorOptions(include=[], exclude=[])', 'invocation_command': 'dbt run --select fact_security', 'log_format': 'default', 'introspect': 'True', 'target_path': 'None', 'static_parser': 'True', 'send_anonymous_usage_stats': 'True'}
[0m16:58:59.650287 [debug] [MainThread]: Sending event: {'category': 'dbt', 'action': 'project_id', 'label': '6f197886-5195-4da5-ba2f-1489f150f91e', 'context': [<snowplow_tracker.self_describing_json.SelfDescribingJson object at 0x79094d5f0340>]}
[0m16:58:59.692431 [debug] [MainThread]: Sending event: {'category': 'dbt', 'action': 'adapter_info', 'label': '6f197886-5195-4da5-ba2f-1489f150f91e', 'context': [<snowplow_tracker.self_describing_json.SelfDescribingJson object at 0x79094ae4ed10>]}
[0m16:58:59.693041 [info ] [MainThread]: Registered adapter: bigquery=1.9.2
[0m16:58:59.812787 [debug] [MainThread]: checksum: 2898e47e730fa32147e5ae95c02f42c1d51b8fd2b81922b9b731f0208caf4dff, vars: {}, profile: , target: , version: 1.9.8
[0m16:58:59.912460 [debug] [MainThread]: Partial parsing enabled: 0 files deleted, 0 files added, 0 files changed.
[0m16:58:59.912906 [debug] [MainThread]: Partial parsing enabled, no changes found, skipping parsing
[0m16:58:59.953047 [debug] [MainThread]: Sending event: {'category': 'dbt', 'action': 'load_project', 'label': '6f197886-5195-4da5-ba2f-1489f150f91e', 'context': [<snowplow_tracker.self_describing_json.SelfDescribingJson object at 0x7909171b4640>]}
[0m16:59:00.021843 [debug] [MainThread]: Wrote artifact WritableManifest to /home/norman/NTU-Project-Data-Science-AI_Norman/NTU-Project-Data-Science-AI/TA_undervalue_stock/target/manifest.json
[0m16:59:00.023472 [debug] [MainThread]: Wrote artifact SemanticManifest to /home/norman/NTU-Project-Data-Science-AI_Norman/NTU-Project-Data-Science-AI/TA_undervalue_stock/target/semantic_manifest.json
[0m16:59:00.033637 [debug] [MainThread]: Sending event: {'category': 'dbt', 'action': 'resource_counts', 'label': '6f197886-5195-4da5-ba2f-1489f150f91e', 'context': [<snowplow_tracker.self_describing_json.SelfDescribingJson object at 0x7909171328c0>]}
[0m16:59:00.034155 [info ] [MainThread]: Found 3 models, 29 data tests, 4 sources, 493 macros
[0m16:59:00.034507 [debug] [MainThread]: Sending event: {'category': 'dbt', 'action': 'runnable_timing', 'label': '6f197886-5195-4da5-ba2f-1489f150f91e', 'context': [<snowplow_tracker.self_describing_json.SelfDescribingJson object at 0x7909171b7550>]}
[0m16:59:00.035835 [info ] [MainThread]: 
[0m16:59:00.036223 [info ] [MainThread]: Concurrency: 1 threads (target='dev')
[0m16:59:00.036529 [info ] [MainThread]: 
[0m16:59:00.037085 [debug] [MainThread]: Acquiring new bigquery connection 'master'
[0m16:59:00.038254 [debug] [ThreadPool]: Acquiring new bigquery connection 'list_deft-beacon-354008'
[0m16:59:00.038886 [debug] [ThreadPool]: Opening a new connection, currently in state init
[0m16:59:01.362018 [debug] [ThreadPool]: Re-using an available connection from the pool (formerly list_deft-beacon-354008, now list_deft-beacon-354008_stock_analysis)
[0m16:59:01.362515 [debug] [ThreadPool]: Opening a new connection, currently in state closed
[0m16:59:01.720432 [debug] [MainThread]: Sending event: {'category': 'dbt', 'action': 'runnable_timing', 'label': '6f197886-5195-4da5-ba2f-1489f150f91e', 'context': [<snowplow_tracker.self_describing_json.SelfDescribingJson object at 0x79094bf5c040>]}
[0m16:59:01.721208 [debug] [MainThread]: Opening a new connection, currently in state init
[0m16:59:01.724994 [debug] [Thread-1 (]: Began running node model.stock_analysis.fact_security
[0m16:59:01.725607 [info ] [Thread-1 (]: 1 of 1 START sql table model stock_analysis.fact_security ...................... [RUN]
[0m16:59:01.726137 [debug] [Thread-1 (]: Re-using an available connection from the pool (formerly list_deft-beacon-354008_stock_analysis, now model.stock_analysis.fact_security)
[0m16:59:01.726475 [debug] [Thread-1 (]: Began compiling node model.stock_analysis.fact_security
[0m16:59:01.733888 [debug] [Thread-1 (]: Writing injected SQL for node "model.stock_analysis.fact_security"
[0m16:59:01.736260 [debug] [Thread-1 (]: Began executing node model.stock_analysis.fact_security
[0m16:59:01.747515 [debug] [Thread-1 (]: Opening a new connection, currently in state closed
[0m16:59:02.111387 [debug] [Thread-1 (]: Writing runtime sql for node "model.stock_analysis.fact_security"
[0m16:59:02.112168 [debug] [Thread-1 (]: On model.stock_analysis.fact_security: /* {"app": "dbt", "dbt_version": "1.9.8", "profile_name": "stock_analysis", "target_name": "dev", "node_id": "model.stock_analysis.fact_security"} */

  
    

    create or replace table `deft-beacon-354008`.`stock_analysis`.`fact_security`
      
    
    

    OPTIONS()
    as (
      

WITH dup_data AS (
SELECT
  t.ticker_symbol,
  DATE(t.date) AS date,
  t.close_price,
  t.high_price,
  t.low_price,
  t.open_price,
  t.stock_splits,
  t.dividend,
  t.volume_traded,
  f.GDP_growth_rate,
  f.UMCSENT,
  f.inflation_rate,
  f.interest_rate,
  f.unemployment_rate,
  f.industrial_production,
  f.ten_yr_treasury,
  i.forward_eps,
  i.forward_pe,
  i.market_cap,
  i.trailing_eps,
  i.trailing_pe,
  ta.ema_50,
  ta.rsi_14,
  ta.sma_50
FROM `deft-beacon-354008`.`stock_analysis`.`combined_tickers` t
LEFT JOIN `deft-beacon-354008`.`stock_analysis`.`fred` f
  ON DATE(t.date) = DATE(f.date)
LEFT JOIN `deft-beacon-354008`.`stock_analysis`.`stock_info` i
  ON t.ticker_symbol = i.ticker_symbol AND DATE(t.date) BETWEEN '2025-04-01' AND '2025-06-30'
LEFT JOIN `deft-beacon-354008`.`stock_analysis`.`techincal_indicator` ta
  ON DATE(t.date) = DATE(ta.date) and t.ticker_symbol = ta.ticker_symbol
)
SELECT 
  ticker_symbol,
  date,
  ANY_VALUE(close_price) AS close_price,
  ANY_VALUE(high_price) AS high_price,
  ANY_VALUE(low_price) AS low_price,
  ANY_VALUE(open_price) AS open_price,
  ANY_VALUE(stock_splits) AS stock_splits,
  ANY_VALUE(dividend) AS dividend,
  ANY_VALUE(volume_traded) AS volume_traded,
  ANY_VALUE(GDP_growth_rate) AS GDP_growth_rate,
  ANY_VALUE(UMCSENT) AS UMCSENT,
  ANY_VALUE(inflation_rate) AS inflation_rate,
  ANY_VALUE(interest_rate) AS interest_rate,
  ANY_VALUE(unemployment_rate) AS unemployment_rate,
  ANY_VALUE(ten_yr_treasury) AS ten_yr_treasury,
  ANY_VALUE(industrial_production) AS industrial_production,
  ANY_VALUE(forward_eps) AS forward_eps,
  ANY_VALUE(forward_pe) AS forward_pe,
  ANY_VALUE(market_cap) AS market_cap,
  ANY_VALUE(trailing_eps) AS trailing_eps,
  ANY_VALUE(trailing_pe) AS trailing_pe,
  ANY_VALUE(ema_50) AS ema_50,
  ANY_VALUE(rsi_14) AS rsi_14,
  ANY_VALUE(sma_50) AS sma_50
FROM dup_data 
GROUP BY ticker_symbol, date
    );
  
[0m16:59:02.619525 [debug] [Thread-1 (]: BigQuery adapter: https://console.cloud.google.com/bigquery?project=deft-beacon-354008&j=bq:US:79a2f1cd-5bc1-4013-ac98-caa47ecee4c1&page=queryresults
[0m16:59:05.749177 [debug] [Thread-1 (]: Sending event: {'category': 'dbt', 'action': 'run_model', 'label': '6f197886-5195-4da5-ba2f-1489f150f91e', 'context': [<snowplow_tracker.self_describing_json.SelfDescribingJson object at 0x79094bfe7190>]}
[0m16:59:05.749849 [info ] [Thread-1 (]: 1 of 1 OK created sql table model stock_analysis.fact_security ................. [[32mCREATE TABLE (5.0k rows, 1.5 MiB processed)[0m in 4.02s]
[0m16:59:05.750469 [debug] [Thread-1 (]: Finished running node model.stock_analysis.fact_security
[0m16:59:05.752393 [debug] [MainThread]: Opening a new connection, currently in state closed
[0m16:59:05.752948 [debug] [MainThread]: Connection 'master' was properly closed.
[0m16:59:05.753174 [debug] [MainThread]: Connection 'model.stock_analysis.fact_security' was properly closed.
[0m16:59:05.753416 [info ] [MainThread]: 
[0m16:59:05.753672 [info ] [MainThread]: Finished running 1 table model in 0 hours 0 minutes and 5.72 seconds (5.72s).
[0m16:59:05.754121 [debug] [MainThread]: Command end result
[0m16:59:05.774325 [debug] [MainThread]: Wrote artifact WritableManifest to /home/norman/NTU-Project-Data-Science-AI_Norman/NTU-Project-Data-Science-AI/TA_undervalue_stock/target/manifest.json
[0m16:59:05.776273 [debug] [MainThread]: Wrote artifact SemanticManifest to /home/norman/NTU-Project-Data-Science-AI_Norman/NTU-Project-Data-Science-AI/TA_undervalue_stock/target/semantic_manifest.json
[0m16:59:05.780846 [debug] [MainThread]: Wrote artifact RunExecutionResult to /home/norman/NTU-Project-Data-Science-AI_Norman/NTU-Project-Data-Science-AI/TA_undervalue_stock/target/run_results.json
[0m16:59:05.781624 [info ] [MainThread]: 
[0m16:59:05.782085 [info ] [MainThread]: [32mCompleted successfully[0m
[0m16:59:05.782342 [info ] [MainThread]: 
[0m16:59:05.782647 [info ] [MainThread]: Done. PASS=1 WARN=0 ERROR=0 SKIP=0 TOTAL=1
[0m16:59:05.783650 [debug] [MainThread]: Resource report: {"command_name": "run", "command_success": true, "command_wall_clock_time": 7.8874927, "process_in_blocks": "16", "process_kernel_time": 0.25684, "process_mem_max_rss": "357980", "process_out_blocks": "2440", "process_user_time": 4.345233}
[0m16:59:05.784176 [debug] [MainThread]: Command `dbt run` succeeded at 16:59:05.784043 after 7.89 seconds
[0m16:59:05.784702 [debug] [MainThread]: Sending event: {'category': 'dbt', 'action': 'invocation', 'label': 'end', 'context': [<snowplow_tracker.self_describing_json.SelfDescribingJson object at 0x79094bcc4a60>, <snowplow_tracker.self_describing_json.SelfDescribingJson object at 0x79091719d5d0>, <snowplow_tracker.self_describing_json.SelfDescribingJson object at 0x790914f24280>]}
[0m16:59:05.785425 [debug] [MainThread]: Flushing usage events
[0m16:59:07.151387 [debug] [MainThread]: An error was encountered while trying to flush usage events
[0m17:00:11.257754 [debug] [MainThread]: Sending event: {'category': 'dbt', 'action': 'invocation', 'label': 'start', 'context': [<snowplow_tracker.self_describing_json.SelfDescribingJson object at 0x79a49b3d8a90>, <snowplow_tracker.self_describing_json.SelfDescribingJson object at 0x79a49a591ed0>, <snowplow_tracker.self_describing_json.SelfDescribingJson object at 0x79a49a591e70>]}


============================== 17:00:11.259902 | 520e949d-1e5d-4893-9cf6-75c42165c94e ==============================
[0m17:00:11.259902 [info ] [MainThread]: Running with dbt=1.9.8
[0m17:00:11.260292 [debug] [MainThread]: running dbt with arguments {'printer_width': '80', 'indirect_selection': 'eager', 'write_json': 'True', 'log_cache_events': 'False', 'partial_parse': 'True', 'cache_selected_only': 'False', 'profiles_dir': '/home/norman/NTU-Project-Data-Science-AI_Norman/NTU-Project-Data-Science-AI/TA_undervalue_stock', 'debug': 'False', 'warn_error': 'None', 'log_path': '/home/norman/NTU-Project-Data-Science-AI_Norman/NTU-Project-Data-Science-AI/TA_undervalue_stock/logs', 'version_check': 'True', 'fail_fast': 'False', 'use_colors': 'True', 'use_experimental_parser': 'False', 'no_print': 'None', 'quiet': 'False', 'empty': 'False', 'log_format': 'default', 'static_parser': 'True', 'introspect': 'True', 'warn_error_options': 'WarnErrorOptions(include=[], exclude=[])', 'target_path': 'None', 'invocation_command': 'dbt run --select dim_info', 'send_anonymous_usage_stats': 'True'}
[0m17:00:12.958132 [debug] [MainThread]: Sending event: {'category': 'dbt', 'action': 'project_id', 'label': '520e949d-1e5d-4893-9cf6-75c42165c94e', 'context': [<snowplow_tracker.self_describing_json.SelfDescribingJson object at 0x79a466e5ded0>]}
[0m17:00:13.001077 [debug] [MainThread]: Sending event: {'category': 'dbt', 'action': 'adapter_info', 'label': '520e949d-1e5d-4893-9cf6-75c42165c94e', 'context': [<snowplow_tracker.self_describing_json.SelfDescribingJson object at 0x79a46bc8ab30>]}
[0m17:00:13.001674 [info ] [MainThread]: Registered adapter: bigquery=1.9.2
[0m17:00:13.129369 [debug] [MainThread]: checksum: 2898e47e730fa32147e5ae95c02f42c1d51b8fd2b81922b9b731f0208caf4dff, vars: {}, profile: , target: , version: 1.9.8
[0m17:00:13.225533 [debug] [MainThread]: Partial parsing enabled: 0 files deleted, 0 files added, 0 files changed.
[0m17:00:13.225983 [debug] [MainThread]: Partial parsing enabled, no changes found, skipping parsing
[0m17:00:13.262520 [debug] [MainThread]: Sending event: {'category': 'dbt', 'action': 'load_project', 'label': '520e949d-1e5d-4893-9cf6-75c42165c94e', 'context': [<snowplow_tracker.self_describing_json.SelfDescribingJson object at 0x79a4668b8a30>]}
[0m17:00:13.334389 [debug] [MainThread]: Wrote artifact WritableManifest to /home/norman/NTU-Project-Data-Science-AI_Norman/NTU-Project-Data-Science-AI/TA_undervalue_stock/target/manifest.json
[0m17:00:13.335842 [debug] [MainThread]: Wrote artifact SemanticManifest to /home/norman/NTU-Project-Data-Science-AI_Norman/NTU-Project-Data-Science-AI/TA_undervalue_stock/target/semantic_manifest.json
[0m17:00:13.345407 [debug] [MainThread]: Sending event: {'category': 'dbt', 'action': 'resource_counts', 'label': '520e949d-1e5d-4893-9cf6-75c42165c94e', 'context': [<snowplow_tracker.self_describing_json.SelfDescribingJson object at 0x79a46683af80>]}
[0m17:00:13.345909 [info ] [MainThread]: Found 3 models, 29 data tests, 4 sources, 493 macros
[0m17:00:13.346293 [debug] [MainThread]: Sending event: {'category': 'dbt', 'action': 'runnable_timing', 'label': '520e949d-1e5d-4893-9cf6-75c42165c94e', 'context': [<snowplow_tracker.self_describing_json.SelfDescribingJson object at 0x79a466a66f50>]}
[0m17:00:13.347602 [info ] [MainThread]: 
[0m17:00:13.348131 [info ] [MainThread]: Concurrency: 1 threads (target='dev')
[0m17:00:13.348555 [info ] [MainThread]: 
[0m17:00:13.349152 [debug] [MainThread]: Acquiring new bigquery connection 'master'
[0m17:00:13.350277 [debug] [ThreadPool]: Acquiring new bigquery connection 'list_deft-beacon-354008'
[0m17:00:13.350780 [debug] [ThreadPool]: Opening a new connection, currently in state init
[0m17:00:14.561799 [debug] [ThreadPool]: Re-using an available connection from the pool (formerly list_deft-beacon-354008, now list_deft-beacon-354008_stock_analysis)
[0m17:00:14.563470 [debug] [ThreadPool]: Opening a new connection, currently in state closed
[0m17:00:14.942883 [debug] [MainThread]: Sending event: {'category': 'dbt', 'action': 'runnable_timing', 'label': '520e949d-1e5d-4893-9cf6-75c42165c94e', 'context': [<snowplow_tracker.self_describing_json.SelfDescribingJson object at 0x79a49bf7ee90>]}
[0m17:00:14.943416 [debug] [MainThread]: Opening a new connection, currently in state init
[0m17:00:14.946475 [debug] [Thread-1 (]: Began running node model.stock_analysis.dim_info
[0m17:00:14.947016 [info ] [Thread-1 (]: 1 of 1 START sql table model stock_analysis.dim_info ........................... [RUN]
[0m17:00:14.947510 [debug] [Thread-1 (]: Re-using an available connection from the pool (formerly list_deft-beacon-354008_stock_analysis, now model.stock_analysis.dim_info)
[0m17:00:14.947790 [debug] [Thread-1 (]: Began compiling node model.stock_analysis.dim_info
[0m17:00:14.955331 [debug] [Thread-1 (]: Writing injected SQL for node "model.stock_analysis.dim_info"
[0m17:00:14.956144 [debug] [Thread-1 (]: Began executing node model.stock_analysis.dim_info
[0m17:00:14.966456 [debug] [Thread-1 (]: Opening a new connection, currently in state closed
[0m17:00:15.368435 [debug] [Thread-1 (]: Writing runtime sql for node "model.stock_analysis.dim_info"
[0m17:00:15.369378 [debug] [Thread-1 (]: On model.stock_analysis.dim_info: /* {"app": "dbt", "dbt_version": "1.9.8", "profile_name": "stock_analysis", "target_name": "dev", "node_id": "model.stock_analysis.dim_info"} */

  
    

    create or replace table `deft-beacon-354008`.`stock_analysis`.`dim_info`
      
    
    

    OPTIONS()
    as (
      

SELECT
  ticker_symbol,
  company_description,
  company_name,
  country,
  industry,
  sector
FROM `deft-beacon-354008`.`stock_analysis`.`stock_info`
    );
  
[0m17:00:15.925513 [debug] [Thread-1 (]: BigQuery adapter: https://console.cloud.google.com/bigquery?project=deft-beacon-354008&j=bq:US:cbd6bd04-85f6-4af8-aa15-c2378b86d759&page=queryresults
[0m17:00:18.472427 [debug] [Thread-1 (]: Sending event: {'category': 'dbt', 'action': 'run_model', 'label': '520e949d-1e5d-4893-9cf6-75c42165c94e', 'context': [<snowplow_tracker.self_describing_json.SelfDescribingJson object at 0x79a49b6faec0>]}
[0m17:00:18.473198 [info ] [Thread-1 (]: 1 of 1 OK created sql table model stock_analysis.dim_info ...................... [[32mCREATE TABLE (4.0 rows, 7.0 KiB processed)[0m in 3.52s]
[0m17:00:18.473815 [debug] [Thread-1 (]: Finished running node model.stock_analysis.dim_info
[0m17:00:18.477539 [debug] [MainThread]: Opening a new connection, currently in state closed
[0m17:00:18.478801 [debug] [MainThread]: Connection 'master' was properly closed.
[0m17:00:18.479092 [debug] [MainThread]: Connection 'model.stock_analysis.dim_info' was properly closed.
[0m17:00:18.479359 [info ] [MainThread]: 
[0m17:00:18.479677 [info ] [MainThread]: Finished running 1 table model in 0 hours 0 minutes and 5.13 seconds (5.13s).
[0m17:00:18.480265 [debug] [MainThread]: Command end result
[0m17:00:18.502192 [debug] [MainThread]: Wrote artifact WritableManifest to /home/norman/NTU-Project-Data-Science-AI_Norman/NTU-Project-Data-Science-AI/TA_undervalue_stock/target/manifest.json
[0m17:00:18.503933 [debug] [MainThread]: Wrote artifact SemanticManifest to /home/norman/NTU-Project-Data-Science-AI_Norman/NTU-Project-Data-Science-AI/TA_undervalue_stock/target/semantic_manifest.json
[0m17:00:18.509204 [debug] [MainThread]: Wrote artifact RunExecutionResult to /home/norman/NTU-Project-Data-Science-AI_Norman/NTU-Project-Data-Science-AI/TA_undervalue_stock/target/run_results.json
[0m17:00:18.509603 [info ] [MainThread]: 
[0m17:00:18.510045 [info ] [MainThread]: [32mCompleted successfully[0m
[0m17:00:18.510420 [info ] [MainThread]: 
[0m17:00:18.510722 [info ] [MainThread]: Done. PASS=1 WARN=0 ERROR=0 SKIP=0 TOTAL=1
[0m17:00:18.511574 [debug] [MainThread]: Resource report: {"command_name": "run", "command_success": true, "command_wall_clock_time": 7.286887, "process_in_blocks": "0", "process_kernel_time": 0.349593, "process_mem_max_rss": "357788", "process_out_blocks": "2432", "process_user_time": 4.320281}
[0m17:00:18.512110 [debug] [MainThread]: Command `dbt run` succeeded at 17:00:18.511898 after 7.29 seconds
[0m17:00:18.512764 [debug] [MainThread]: Sending event: {'category': 'dbt', 'action': 'invocation', 'label': 'end', 'context': [<snowplow_tracker.self_describing_json.SelfDescribingJson object at 0x79a49b3d8a90>, <snowplow_tracker.self_describing_json.SelfDescribingJson object at 0x79a4668e5420>, <snowplow_tracker.self_describing_json.SelfDescribingJson object at 0x79a4668e4bb0>]}
[0m17:00:18.513250 [debug] [MainThread]: Flushing usage events
[0m17:00:19.506898 [debug] [MainThread]: An error was encountered while trying to flush usage events
[0m17:05:49.628586 [debug] [MainThread]: Sending event: {'category': 'dbt', 'action': 'invocation', 'label': 'start', 'context': [<snowplow_tracker.self_describing_json.SelfDescribingJson object at 0x7f6b071c4a00>, <snowplow_tracker.self_describing_json.SelfDescribingJson object at 0x7f6b0637de70>, <snowplow_tracker.self_describing_json.SelfDescribingJson object at 0x7f6b0637de10>]}


============================== 17:05:49.630619 | 3bb19ab6-6123-4079-b730-3e1449245ab4 ==============================
[0m17:05:49.630619 [info ] [MainThread]: Running with dbt=1.9.8
[0m17:05:49.631355 [debug] [MainThread]: running dbt with arguments {'printer_width': '80', 'indirect_selection': 'eager', 'write_json': 'True', 'log_cache_events': 'False', 'partial_parse': 'True', 'cache_selected_only': 'False', 'warn_error': 'None', 'debug': 'False', 'profiles_dir': '/home/norman/NTU-Project-Data-Science-AI_Norman/NTU-Project-Data-Science-AI/TA_undervalue_stock', 'log_path': '/home/norman/NTU-Project-Data-Science-AI_Norman/NTU-Project-Data-Science-AI/TA_undervalue_stock/logs', 'version_check': 'True', 'fail_fast': 'False', 'use_colors': 'True', 'use_experimental_parser': 'False', 'no_print': 'None', 'quiet': 'False', 'empty': 'False', 'log_format': 'default', 'static_parser': 'True', 'warn_error_options': 'WarnErrorOptions(include=[], exclude=[])', 'introspect': 'True', 'target_path': 'None', 'invocation_command': 'dbt run --select fact_security', 'send_anonymous_usage_stats': 'True'}
[0m17:05:51.333750 [debug] [MainThread]: Sending event: {'category': 'dbt', 'action': 'project_id', 'label': '3bb19ab6-6123-4079-b730-3e1449245ab4', 'context': [<snowplow_tracker.self_describing_json.SelfDescribingJson object at 0x7f6b069e87c0>]}
[0m17:05:51.376387 [debug] [MainThread]: Sending event: {'category': 'dbt', 'action': 'adapter_info', 'label': '3bb19ab6-6123-4079-b730-3e1449245ab4', 'context': [<snowplow_tracker.self_describing_json.SelfDescribingJson object at 0x7f6b065a6c80>]}
[0m17:05:51.376994 [info ] [MainThread]: Registered adapter: bigquery=1.9.2
[0m17:05:51.494003 [debug] [MainThread]: checksum: 2898e47e730fa32147e5ae95c02f42c1d51b8fd2b81922b9b731f0208caf4dff, vars: {}, profile: , target: , version: 1.9.8
[0m17:05:51.579229 [debug] [MainThread]: Partial parsing enabled: 0 files deleted, 0 files added, 0 files changed.
[0m17:05:51.579636 [debug] [MainThread]: Partial parsing enabled, no changes found, skipping parsing
[0m17:05:51.613315 [debug] [MainThread]: Sending event: {'category': 'dbt', 'action': 'load_project', 'label': '3bb19ab6-6123-4079-b730-3e1449245ab4', 'context': [<snowplow_tracker.self_describing_json.SelfDescribingJson object at 0x7f6ad2497fd0>]}
[0m17:05:51.701286 [debug] [MainThread]: Wrote artifact WritableManifest to /home/norman/NTU-Project-Data-Science-AI_Norman/NTU-Project-Data-Science-AI/TA_undervalue_stock/target/manifest.json
[0m17:05:51.702699 [debug] [MainThread]: Wrote artifact SemanticManifest to /home/norman/NTU-Project-Data-Science-AI_Norman/NTU-Project-Data-Science-AI/TA_undervalue_stock/target/semantic_manifest.json
[0m17:05:51.710960 [debug] [MainThread]: Sending event: {'category': 'dbt', 'action': 'resource_counts', 'label': '3bb19ab6-6123-4079-b730-3e1449245ab4', 'context': [<snowplow_tracker.self_describing_json.SelfDescribingJson object at 0x7f6ad24b8cd0>]}
[0m17:05:51.711399 [info ] [MainThread]: Found 3 models, 29 data tests, 4 sources, 493 macros
[0m17:05:51.711704 [debug] [MainThread]: Sending event: {'category': 'dbt', 'action': 'runnable_timing', 'label': '3bb19ab6-6123-4079-b730-3e1449245ab4', 'context': [<snowplow_tracker.self_describing_json.SelfDescribingJson object at 0x7f6ad24b8f10>]}
[0m17:05:51.712779 [info ] [MainThread]: 
[0m17:05:51.713086 [info ] [MainThread]: Concurrency: 1 threads (target='dev')
[0m17:05:51.713341 [info ] [MainThread]: 
[0m17:05:51.713786 [debug] [MainThread]: Acquiring new bigquery connection 'master'
[0m17:05:51.714843 [debug] [ThreadPool]: Acquiring new bigquery connection 'list_deft-beacon-354008'
[0m17:05:51.715182 [debug] [ThreadPool]: Opening a new connection, currently in state init
[0m17:05:52.904698 [debug] [ThreadPool]: Acquiring new bigquery connection 'list_deft-beacon-354008_stock_analysis'
[0m17:05:52.905456 [debug] [ThreadPool]: Opening a new connection, currently in state init
[0m17:05:53.254214 [debug] [MainThread]: Sending event: {'category': 'dbt', 'action': 'runnable_timing', 'label': '3bb19ab6-6123-4079-b730-3e1449245ab4', 'context': [<snowplow_tracker.self_describing_json.SelfDescribingJson object at 0x7f6ad2a95c00>]}
[0m17:05:53.254889 [debug] [MainThread]: Opening a new connection, currently in state init
[0m17:05:53.258666 [debug] [Thread-1 (]: Began running node model.stock_analysis.fact_security
[0m17:05:53.259382 [info ] [Thread-1 (]: 1 of 1 START sql table model stock_analysis.fact_security ...................... [RUN]
[0m17:05:53.260016 [debug] [Thread-1 (]: Re-using an available connection from the pool (formerly list_deft-beacon-354008_stock_analysis, now model.stock_analysis.fact_security)
[0m17:05:53.260482 [debug] [Thread-1 (]: Began compiling node model.stock_analysis.fact_security
[0m17:05:53.270844 [debug] [Thread-1 (]: Writing injected SQL for node "model.stock_analysis.fact_security"
[0m17:05:53.271531 [debug] [Thread-1 (]: Began executing node model.stock_analysis.fact_security
[0m17:05:53.281611 [debug] [Thread-1 (]: Opening a new connection, currently in state closed
[0m17:05:53.652518 [debug] [Thread-1 (]: Writing runtime sql for node "model.stock_analysis.fact_security"
[0m17:05:53.653616 [debug] [Thread-1 (]: On model.stock_analysis.fact_security: /* {"app": "dbt", "dbt_version": "1.9.8", "profile_name": "stock_analysis", "target_name": "dev", "node_id": "model.stock_analysis.fact_security"} */

  
    

    create or replace table `deft-beacon-354008`.`stock_analysis`.`fact_security`
      
    
    

    OPTIONS()
    as (
      

WITH dup_data AS (
SELECT
  t.ticker_symbol,
  DATE(t.date) AS date,
  t.close_price,
  t.high_price,
  t.low_price,
  t.open_price,
  t.stock_splits,
  t.dividend,
  t.volume_traded,
  f.GDP_growth_rate,
  f.UMCSENT,
  f.inflation_rate,
  f.interest_rate,
  f.unemployment_rate,
  f.industrial_production,
  f.ten_yr_treasury,
  i.forward_eps,
  i.forward_pe,
  i.market_cap,
  i.trailing_eps,
  i.trailing_pe,
  ta.ema_50,
  ta.rsi_14,
  ta.sma_50
FROM `deft-beacon-354008`.`stock_analysis`.`combined_tickers` t
LEFT JOIN `deft-beacon-354008`.`stock_analysis`.`fred` f
  ON DATE(t.date) = DATE(f.date)
LEFT JOIN `deft-beacon-354008`.`stock_analysis`.`stock_info` i
  ON t.ticker_symbol = i.ticker_symbol AND DATE(t.date) BETWEEN '2025-04-01' AND '2025-06-30'
LEFT JOIN `deft-beacon-354008`.`stock_analysis`.`techincal_indicator` ta
  ON DATE(t.date) = DATE(ta.date) and t.ticker_symbol = ta.ticker_symbol
)
SELECT 
  ticker_symbol,
  date,
  ANY_VALUE(close_price) AS close_price,
  ANY_VALUE(high_price) AS high_price,
  ANY_VALUE(low_price) AS low_price,
  ANY_VALUE(open_price) AS open_price,
  ANY_VALUE(stock_splits) AS stock_splits,
  ANY_VALUE(dividend) AS dividend,
  ANY_VALUE(volume_traded) AS volume_traded,
  ANY_VALUE(GDP_growth_rate) AS GDP_growth_rate,
  ANY_VALUE(UMCSENT) AS UMCSENT,
  ANY_VALUE(inflation_rate) AS inflation_rate,
  ANY_VALUE(interest_rate) AS interest_rate,
  ANY_VALUE(unemployment_rate) AS unemployment_rate,
  ANY_VALUE(ten_yr_treasury) AS ten_yr_treasury,
  ANY_VALUE(industrial_production) AS industrial_production,
  ANY_VALUE(forward_eps) AS forward_eps,
  ANY_VALUE(forward_pe) AS forward_pe,
  ANY_VALUE(market_cap) AS market_cap,
  ANY_VALUE(trailing_eps) AS trailing_eps,
  ANY_VALUE(trailing_pe) AS trailing_pe,
  ANY_VALUE(ema_50) AS ema_50,
  ANY_VALUE(rsi_14) AS rsi_14,
  ANY_VALUE(sma_50) AS sma_50
FROM dup_data 
GROUP BY ticker_symbol, date
    );
  
[0m17:05:54.141420 [debug] [Thread-1 (]: BigQuery adapter: https://console.cloud.google.com/bigquery?project=deft-beacon-354008&j=bq:US:76aacd8c-a391-4608-929d-fb63e16f1ac4&page=queryresults
[0m17:06:01.108609 [debug] [Thread-1 (]: Sending event: {'category': 'dbt', 'action': 'run_model', 'label': '3bb19ab6-6123-4079-b730-3e1449245ab4', 'context': [<snowplow_tracker.self_describing_json.SelfDescribingJson object at 0x7f6b07069510>]}
[0m17:06:01.109299 [info ] [Thread-1 (]: 1 of 1 OK created sql table model stock_analysis.fact_security ................. [[32mCREATE TABLE (22.6k rows, 2.6 MiB processed)[0m in 7.85s]
[0m17:06:01.110267 [debug] [Thread-1 (]: Finished running node model.stock_analysis.fact_security
[0m17:06:01.111980 [debug] [MainThread]: Opening a new connection, currently in state closed
[0m17:06:01.112616 [debug] [MainThread]: Connection 'master' was properly closed.
[0m17:06:01.112883 [debug] [MainThread]: Connection 'list_deft-beacon-354008' was properly closed.
[0m17:06:01.113157 [debug] [MainThread]: Connection 'model.stock_analysis.fact_security' was properly closed.
[0m17:06:01.113525 [info ] [MainThread]: 
[0m17:06:01.113968 [info ] [MainThread]: Finished running 1 table model in 0 hours 0 minutes and 9.40 seconds (9.40s).
[0m17:06:01.114640 [debug] [MainThread]: Command end result
[0m17:06:01.134533 [debug] [MainThread]: Wrote artifact WritableManifest to /home/norman/NTU-Project-Data-Science-AI_Norman/NTU-Project-Data-Science-AI/TA_undervalue_stock/target/manifest.json
[0m17:06:01.136149 [debug] [MainThread]: Wrote artifact SemanticManifest to /home/norman/NTU-Project-Data-Science-AI_Norman/NTU-Project-Data-Science-AI/TA_undervalue_stock/target/semantic_manifest.json
[0m17:06:01.140516 [debug] [MainThread]: Wrote artifact RunExecutionResult to /home/norman/NTU-Project-Data-Science-AI_Norman/NTU-Project-Data-Science-AI/TA_undervalue_stock/target/run_results.json
[0m17:06:01.140844 [info ] [MainThread]: 
[0m17:06:01.141282 [info ] [MainThread]: [32mCompleted successfully[0m
[0m17:06:01.141711 [info ] [MainThread]: 
[0m17:06:01.142141 [info ] [MainThread]: Done. PASS=1 WARN=0 ERROR=0 SKIP=0 TOTAL=1
[0m17:06:01.142937 [debug] [MainThread]: Resource report: {"command_name": "run", "command_success": true, "command_wall_clock_time": 11.549329, "process_in_blocks": "0", "process_kernel_time": 0.310117, "process_mem_max_rss": "357928", "process_out_blocks": "2464", "process_user_time": 4.267218}
[0m17:06:01.143344 [debug] [MainThread]: Command `dbt run` succeeded at 17:06:01.143266 after 11.55 seconds
[0m17:06:01.143629 [debug] [MainThread]: Sending event: {'category': 'dbt', 'action': 'invocation', 'label': 'end', 'context': [<snowplow_tracker.self_describing_json.SelfDescribingJson object at 0x7f6b071c4a00>, <snowplow_tracker.self_describing_json.SelfDescribingJson object at 0x7f6b06f3c880>, <snowplow_tracker.self_describing_json.SelfDescribingJson object at 0x7f6ad2643af0>]}
[0m17:06:01.144001 [debug] [MainThread]: Flushing usage events
[0m17:06:02.498243 [debug] [MainThread]: An error was encountered while trying to flush usage events
[0m17:49:49.683368 [debug] [MainThread]: Sending event: {'category': 'dbt', 'action': 'invocation', 'label': 'start', 'context': [<snowplow_tracker.self_describing_json.SelfDescribingJson object at 0x79f7ee5a8a90>, <snowplow_tracker.self_describing_json.SelfDescribingJson object at 0x79f7ed761ed0>, <snowplow_tracker.self_describing_json.SelfDescribingJson object at 0x79f7ed761e70>]}


============================== 17:49:49.687178 | ace2a438-874a-4532-8002-6b14dca1cc7e ==============================
[0m17:49:49.687178 [info ] [MainThread]: Running with dbt=1.9.8
[0m17:49:49.687653 [debug] [MainThread]: running dbt with arguments {'printer_width': '80', 'indirect_selection': 'eager', 'write_json': 'True', 'log_cache_events': 'False', 'partial_parse': 'True', 'cache_selected_only': 'False', 'warn_error': 'None', 'debug': 'False', 'fail_fast': 'False', 'log_path': '/home/norman/NTU-Project-Data-Science-AI_Norman/NTU-Project-Data-Science-AI/TA_undervalue_stock/logs', 'version_check': 'True', 'profiles_dir': '/home/norman/NTU-Project-Data-Science-AI_Norman/NTU-Project-Data-Science-AI/TA_undervalue_stock', 'use_colors': 'True', 'use_experimental_parser': 'False', 'no_print': 'None', 'quiet': 'False', 'empty': 'False', 'warn_error_options': 'WarnErrorOptions(include=[], exclude=[])', 'invocation_command': 'dbt run --select fact_security', 'static_parser': 'True', 'log_format': 'default', 'target_path': 'None', 'introspect': 'True', 'send_anonymous_usage_stats': 'True'}
[0m17:49:52.344081 [debug] [MainThread]: Sending event: {'category': 'dbt', 'action': 'project_id', 'label': 'ace2a438-874a-4532-8002-6b14dca1cc7e', 'context': [<snowplow_tracker.self_describing_json.SelfDescribingJson object at 0x79f7ba0d9b10>]}
[0m17:49:52.386394 [debug] [MainThread]: Sending event: {'category': 'dbt', 'action': 'adapter_info', 'label': 'ace2a438-874a-4532-8002-6b14dca1cc7e', 'context': [<snowplow_tracker.self_describing_json.SelfDescribingJson object at 0x79f7ba08a170>]}
[0m17:49:52.387047 [info ] [MainThread]: Registered adapter: bigquery=1.9.2
[0m17:49:52.526121 [debug] [MainThread]: checksum: 2898e47e730fa32147e5ae95c02f42c1d51b8fd2b81922b9b731f0208caf4dff, vars: {}, profile: , target: , version: 1.9.8
[0m17:49:52.651350 [debug] [MainThread]: Partial parsing enabled: 0 files deleted, 0 files added, 0 files changed.
[0m17:49:52.651740 [debug] [MainThread]: Partial parsing enabled, no changes found, skipping parsing
[0m17:49:52.689200 [debug] [MainThread]: Sending event: {'category': 'dbt', 'action': 'load_project', 'label': 'ace2a438-874a-4532-8002-6b14dca1cc7e', 'context': [<snowplow_tracker.self_describing_json.SelfDescribingJson object at 0x79f7b9b00b50>]}
[0m17:49:52.759516 [debug] [MainThread]: Wrote artifact WritableManifest to /home/norman/NTU-Project-Data-Science-AI_Norman/NTU-Project-Data-Science-AI/TA_undervalue_stock/target/manifest.json
[0m17:49:52.764685 [debug] [MainThread]: Wrote artifact SemanticManifest to /home/norman/NTU-Project-Data-Science-AI_Norman/NTU-Project-Data-Science-AI/TA_undervalue_stock/target/semantic_manifest.json
[0m17:49:52.782660 [debug] [MainThread]: Sending event: {'category': 'dbt', 'action': 'resource_counts', 'label': 'ace2a438-874a-4532-8002-6b14dca1cc7e', 'context': [<snowplow_tracker.self_describing_json.SelfDescribingJson object at 0x79f7b9b00b80>]}
[0m17:49:52.783171 [info ] [MainThread]: Found 3 models, 29 data tests, 4 sources, 493 macros
[0m17:49:52.783481 [debug] [MainThread]: Sending event: {'category': 'dbt', 'action': 'runnable_timing', 'label': 'ace2a438-874a-4532-8002-6b14dca1cc7e', 'context': [<snowplow_tracker.self_describing_json.SelfDescribingJson object at 0x79f7b9b02380>]}
[0m17:49:52.784648 [info ] [MainThread]: 
[0m17:49:52.785038 [info ] [MainThread]: Concurrency: 1 threads (target='dev')
[0m17:49:52.785295 [info ] [MainThread]: 
[0m17:49:52.785700 [debug] [MainThread]: Acquiring new bigquery connection 'master'
[0m17:49:52.786786 [debug] [ThreadPool]: Acquiring new bigquery connection 'list_deft-beacon-354008'
[0m17:49:52.787864 [debug] [ThreadPool]: Opening a new connection, currently in state init
[0m17:49:54.003707 [debug] [ThreadPool]: Re-using an available connection from the pool (formerly list_deft-beacon-354008, now list_deft-beacon-354008_stock_analysis)
[0m17:49:54.005318 [debug] [ThreadPool]: Opening a new connection, currently in state closed
[0m17:49:54.371068 [debug] [MainThread]: Sending event: {'category': 'dbt', 'action': 'runnable_timing', 'label': 'ace2a438-874a-4532-8002-6b14dca1cc7e', 'context': [<snowplow_tracker.self_describing_json.SelfDescribingJson object at 0x79f7ee8461d0>]}
[0m17:49:54.371560 [debug] [MainThread]: Opening a new connection, currently in state init
[0m17:49:54.380804 [debug] [Thread-1 (]: Began running node model.stock_analysis.fact_security
[0m17:49:54.381359 [info ] [Thread-1 (]: 1 of 1 START sql table model stock_analysis.fact_security ...................... [RUN]
[0m17:49:54.381833 [debug] [Thread-1 (]: Re-using an available connection from the pool (formerly list_deft-beacon-354008_stock_analysis, now model.stock_analysis.fact_security)
[0m17:49:54.382095 [debug] [Thread-1 (]: Began compiling node model.stock_analysis.fact_security
[0m17:49:54.389301 [debug] [Thread-1 (]: Writing injected SQL for node "model.stock_analysis.fact_security"
[0m17:49:54.390027 [debug] [Thread-1 (]: Began executing node model.stock_analysis.fact_security
[0m17:49:54.528022 [debug] [Thread-1 (]: Opening a new connection, currently in state closed
[0m17:49:54.904873 [debug] [Thread-1 (]: Writing runtime sql for node "model.stock_analysis.fact_security"
[0m17:49:54.906292 [debug] [Thread-1 (]: On model.stock_analysis.fact_security: /* {"app": "dbt", "dbt_version": "1.9.8", "profile_name": "stock_analysis", "target_name": "dev", "node_id": "model.stock_analysis.fact_security"} */

  
    

    create or replace table `deft-beacon-354008`.`stock_analysis`.`fact_security`
      
    
    

    OPTIONS()
    as (
      

WITH dup_data AS (
SELECT
  t.ticker_symbol,
  DATE(t.date) AS date,
  t.close_price,
  t.high_price,
  t.low_price,
  t.open_price,
  t.stock_splits,
  t.dividend,
  t.volume_traded,
  f.GDP_growth_rate,
  f.UMCSENT,
  f.inflation_rate,
  f.interest_rate,
  f.unemployment_rate,
  f.industrial_production,
  f.ten_yr_treasury,
  i.forward_eps,
  i.forward_pe,
  i.market_cap,
  i.trailing_eps,
  i.trailing_pe,
  ta.ema_50,
  ta.rsi_14,
  ta.sma_50
FROM `deft-beacon-354008`.`stock_analysis`.`combined_tickers` t
LEFT JOIN `deft-beacon-354008`.`stock_analysis`.`fred` f
  ON DATE(t.date) = DATE(f.date)
LEFT JOIN `deft-beacon-354008`.`stock_analysis`.`stock_info` i
  ON t.ticker_symbol = i.ticker_symbol AND DATE(t.date) BETWEEN '2025-04-01' AND '2025-06-30'
LEFT JOIN `deft-beacon-354008`.`stock_analysis`.`techincal_indicator` ta
  ON DATE(t.date) = DATE(ta.date) and t.ticker_symbol = ta.ticker_symbol
)
SELECT 
  ticker_symbol,
  date,
  ANY_VALUE(close_price) AS close_price,
  ANY_VALUE(high_price) AS high_price,
  ANY_VALUE(low_price) AS low_price,
  ANY_VALUE(open_price) AS open_price,
  ANY_VALUE(stock_splits) AS stock_splits,
  ANY_VALUE(dividend) AS dividend,
  ANY_VALUE(volume_traded) AS volume_traded,
  ANY_VALUE(GDP_growth_rate) AS GDP_growth_rate,
  ANY_VALUE(UMCSENT) AS UMCSENT,
  ANY_VALUE(inflation_rate) AS inflation_rate,
  ANY_VALUE(interest_rate) AS interest_rate,
  ANY_VALUE(unemployment_rate) AS unemployment_rate,
  ANY_VALUE(ten_yr_treasury) AS ten_yr_treasury,
  ANY_VALUE(industrial_production) AS industrial_production,
  ANY_VALUE(forward_eps) AS forward_eps,
  ANY_VALUE(forward_pe) AS forward_pe,
  ANY_VALUE(market_cap) AS market_cap,
  ANY_VALUE(trailing_eps) AS trailing_eps,
  ANY_VALUE(trailing_pe) AS trailing_pe,
  ANY_VALUE(ema_50) AS ema_50,
  ANY_VALUE(rsi_14) AS rsi_14,
  ANY_VALUE(sma_50) AS sma_50
FROM dup_data 
GROUP BY ticker_symbol, date
    );
  
[0m17:49:55.517023 [debug] [Thread-1 (]: BigQuery adapter: https://console.cloud.google.com/bigquery?project=deft-beacon-354008&j=bq:US:63b561e8-74e6-40ce-b837-2c0243557701&page=queryresults
[0m17:49:58.356400 [debug] [Thread-1 (]: Sending event: {'category': 'dbt', 'action': 'run_model', 'label': 'ace2a438-874a-4532-8002-6b14dca1cc7e', 'context': [<snowplow_tracker.self_describing_json.SelfDescribingJson object at 0x79f7ee525e10>]}
[0m17:49:58.357100 [info ] [Thread-1 (]: 1 of 1 OK created sql table model stock_analysis.fact_security ................. [[32mCREATE TABLE (28.7k rows, 4.0 MiB processed)[0m in 3.97s]
[0m17:49:58.357590 [debug] [Thread-1 (]: Finished running node model.stock_analysis.fact_security
[0m17:49:58.359176 [debug] [MainThread]: Opening a new connection, currently in state closed
[0m17:49:58.360052 [debug] [MainThread]: Connection 'master' was properly closed.
[0m17:49:58.360392 [debug] [MainThread]: Connection 'model.stock_analysis.fact_security' was properly closed.
[0m17:49:58.360640 [info ] [MainThread]: 
[0m17:49:58.360941 [info ] [MainThread]: Finished running 1 table model in 0 hours 0 minutes and 5.58 seconds (5.58s).
[0m17:49:58.361442 [debug] [MainThread]: Command end result
[0m17:49:58.382136 [debug] [MainThread]: Wrote artifact WritableManifest to /home/norman/NTU-Project-Data-Science-AI_Norman/NTU-Project-Data-Science-AI/TA_undervalue_stock/target/manifest.json
[0m17:49:58.383513 [debug] [MainThread]: Wrote artifact SemanticManifest to /home/norman/NTU-Project-Data-Science-AI_Norman/NTU-Project-Data-Science-AI/TA_undervalue_stock/target/semantic_manifest.json
[0m17:49:58.392071 [debug] [MainThread]: Wrote artifact RunExecutionResult to /home/norman/NTU-Project-Data-Science-AI_Norman/NTU-Project-Data-Science-AI/TA_undervalue_stock/target/run_results.json
[0m17:49:58.394337 [info ] [MainThread]: 
[0m17:49:58.397401 [info ] [MainThread]: [32mCompleted successfully[0m
[0m17:49:58.397658 [info ] [MainThread]: 
[0m17:49:58.397907 [info ] [MainThread]: Done. PASS=1 WARN=0 ERROR=0 SKIP=0 TOTAL=1
[0m17:49:58.400103 [debug] [MainThread]: Resource report: {"command_name": "run", "command_success": true, "command_wall_clock_time": 8.752863, "process_in_blocks": "203024", "process_kernel_time": 0.557014, "process_mem_max_rss": "357496", "process_out_blocks": "2448", "process_user_time": 4.557759}
[0m17:49:58.400591 [debug] [MainThread]: Command `dbt run` succeeded at 17:49:58.400511 after 8.75 seconds
[0m17:49:58.400899 [debug] [MainThread]: Sending event: {'category': 'dbt', 'action': 'invocation', 'label': 'end', 'context': [<snowplow_tracker.self_describing_json.SelfDescribingJson object at 0x79f7ee5a8a90>, <snowplow_tracker.self_describing_json.SelfDescribingJson object at 0x79f7b9a6f2e0>, <snowplow_tracker.self_describing_json.SelfDescribingJson object at 0x79f7ee44d000>]}
[0m17:49:58.401213 [debug] [MainThread]: Flushing usage events
[0m17:49:59.404077 [debug] [MainThread]: An error was encountered while trying to flush usage events
[0m17:50:25.785794 [debug] [MainThread]: Sending event: {'category': 'dbt', 'action': 'invocation', 'label': 'start', 'context': [<snowplow_tracker.self_describing_json.SelfDescribingJson object at 0x7223a8890ac0>, <snowplow_tracker.self_describing_json.SelfDescribingJson object at 0x7223a7a49f00>, <snowplow_tracker.self_describing_json.SelfDescribingJson object at 0x7223a7a49ea0>]}


============================== 17:50:25.787921 | 9b46d655-6ed4-4554-a933-43a5cd515613 ==============================
[0m17:50:25.787921 [info ] [MainThread]: Running with dbt=1.9.8
[0m17:50:25.788508 [debug] [MainThread]: running dbt with arguments {'printer_width': '80', 'indirect_selection': 'eager', 'write_json': 'True', 'log_cache_events': 'False', 'partial_parse': 'True', 'cache_selected_only': 'False', 'warn_error': 'None', 'debug': 'False', 'version_check': 'True', 'log_path': '/home/norman/NTU-Project-Data-Science-AI_Norman/NTU-Project-Data-Science-AI/TA_undervalue_stock/logs', 'fail_fast': 'False', 'profiles_dir': '/home/norman/NTU-Project-Data-Science-AI_Norman/NTU-Project-Data-Science-AI/TA_undervalue_stock', 'use_colors': 'True', 'use_experimental_parser': 'False', 'empty': 'False', 'quiet': 'False', 'no_print': 'None', 'warn_error_options': 'WarnErrorOptions(include=[], exclude=[])', 'invocation_command': 'dbt run --select dim_info', 'log_format': 'default', 'introspect': 'True', 'target_path': 'None', 'static_parser': 'True', 'send_anonymous_usage_stats': 'True'}
[0m17:50:27.661064 [debug] [MainThread]: Sending event: {'category': 'dbt', 'action': 'project_id', 'label': '9b46d655-6ed4-4554-a933-43a5cd515613', 'context': [<snowplow_tracker.self_describing_json.SelfDescribingJson object at 0x7223a8079b70>]}
[0m17:50:27.707274 [debug] [MainThread]: Sending event: {'category': 'dbt', 'action': 'adapter_info', 'label': '9b46d655-6ed4-4554-a933-43a5cd515613', 'context': [<snowplow_tracker.self_describing_json.SelfDescribingJson object at 0x7223a7c729b0>]}
[0m17:50:27.708089 [info ] [MainThread]: Registered adapter: bigquery=1.9.2
[0m17:50:27.839411 [debug] [MainThread]: checksum: 2898e47e730fa32147e5ae95c02f42c1d51b8fd2b81922b9b731f0208caf4dff, vars: {}, profile: , target: , version: 1.9.8
[0m17:50:27.937274 [debug] [MainThread]: Partial parsing enabled: 0 files deleted, 0 files added, 0 files changed.
[0m17:50:27.937682 [debug] [MainThread]: Partial parsing enabled, no changes found, skipping parsing
[0m17:50:27.974365 [debug] [MainThread]: Sending event: {'category': 'dbt', 'action': 'load_project', 'label': '9b46d655-6ed4-4554-a933-43a5cd515613', 'context': [<snowplow_tracker.self_describing_json.SelfDescribingJson object at 0x722373df8f40>]}
[0m17:50:28.049759 [debug] [MainThread]: Wrote artifact WritableManifest to /home/norman/NTU-Project-Data-Science-AI_Norman/NTU-Project-Data-Science-AI/TA_undervalue_stock/target/manifest.json
[0m17:50:28.051438 [debug] [MainThread]: Wrote artifact SemanticManifest to /home/norman/NTU-Project-Data-Science-AI_Norman/NTU-Project-Data-Science-AI/TA_undervalue_stock/target/semantic_manifest.json
[0m17:50:28.063580 [debug] [MainThread]: Sending event: {'category': 'dbt', 'action': 'resource_counts', 'label': '9b46d655-6ed4-4554-a933-43a5cd515613', 'context': [<snowplow_tracker.self_describing_json.SelfDescribingJson object at 0x722373df9750>]}
[0m17:50:28.064136 [info ] [MainThread]: Found 3 models, 29 data tests, 4 sources, 493 macros
[0m17:50:28.064521 [debug] [MainThread]: Sending event: {'category': 'dbt', 'action': 'runnable_timing', 'label': '9b46d655-6ed4-4554-a933-43a5cd515613', 'context': [<snowplow_tracker.self_describing_json.SelfDescribingJson object at 0x722373df94e0>]}
[0m17:50:28.065922 [info ] [MainThread]: 
[0m17:50:28.066302 [info ] [MainThread]: Concurrency: 1 threads (target='dev')
[0m17:50:28.066582 [info ] [MainThread]: 
[0m17:50:28.067048 [debug] [MainThread]: Acquiring new bigquery connection 'master'
[0m17:50:28.068370 [debug] [ThreadPool]: Acquiring new bigquery connection 'list_deft-beacon-354008'
[0m17:50:28.069277 [debug] [ThreadPool]: Opening a new connection, currently in state init
[0m17:50:29.348239 [debug] [ThreadPool]: Re-using an available connection from the pool (formerly list_deft-beacon-354008, now list_deft-beacon-354008_stock_analysis)
[0m17:50:29.349502 [debug] [ThreadPool]: Opening a new connection, currently in state closed
[0m17:50:29.711091 [debug] [MainThread]: Sending event: {'category': 'dbt', 'action': 'runnable_timing', 'label': '9b46d655-6ed4-4554-a933-43a5cd515613', 'context': [<snowplow_tracker.self_describing_json.SelfDescribingJson object at 0x7223aa2d4a30>]}
[0m17:50:29.711626 [debug] [MainThread]: Opening a new connection, currently in state init
[0m17:50:29.714674 [debug] [Thread-1 (]: Began running node model.stock_analysis.dim_info
[0m17:50:29.715161 [info ] [Thread-1 (]: 1 of 1 START sql table model stock_analysis.dim_info ........................... [RUN]
[0m17:50:29.715597 [debug] [Thread-1 (]: Re-using an available connection from the pool (formerly list_deft-beacon-354008_stock_analysis, now model.stock_analysis.dim_info)
[0m17:50:29.715911 [debug] [Thread-1 (]: Began compiling node model.stock_analysis.dim_info
[0m17:50:29.723373 [debug] [Thread-1 (]: Writing injected SQL for node "model.stock_analysis.dim_info"
[0m17:50:29.724095 [debug] [Thread-1 (]: Began executing node model.stock_analysis.dim_info
[0m17:50:29.734412 [debug] [Thread-1 (]: Opening a new connection, currently in state closed
[0m17:50:30.241102 [debug] [Thread-1 (]: Writing runtime sql for node "model.stock_analysis.dim_info"
[0m17:50:30.241806 [debug] [Thread-1 (]: On model.stock_analysis.dim_info: /* {"app": "dbt", "dbt_version": "1.9.8", "profile_name": "stock_analysis", "target_name": "dev", "node_id": "model.stock_analysis.dim_info"} */

  
    

    create or replace table `deft-beacon-354008`.`stock_analysis`.`dim_info`
      
    
    

    OPTIONS()
    as (
      

SELECT
  ticker_symbol,
  company_description,
  company_name,
  country,
  industry,
  sector
FROM `deft-beacon-354008`.`stock_analysis`.`stock_info`
    );
  
[0m17:50:30.782233 [debug] [Thread-1 (]: BigQuery adapter: https://console.cloud.google.com/bigquery?project=deft-beacon-354008&j=bq:US:ae0c7e9a-5d63-4b1c-9ddb-34da03729083&page=queryresults
[0m17:50:33.152599 [debug] [Thread-1 (]: Sending event: {'category': 'dbt', 'action': 'run_model', 'label': '9b46d655-6ed4-4554-a933-43a5cd515613', 'context': [<snowplow_tracker.self_describing_json.SelfDescribingJson object at 0x72237926e9b0>]}
[0m17:50:33.153508 [info ] [Thread-1 (]: 1 of 1 OK created sql table model stock_analysis.dim_info ...................... [[32mCREATE TABLE (20.0 rows, 18.1 KiB processed)[0m in 3.44s]
[0m17:50:33.154175 [debug] [Thread-1 (]: Finished running node model.stock_analysis.dim_info
[0m17:50:33.156124 [debug] [MainThread]: Opening a new connection, currently in state closed
[0m17:50:33.157405 [debug] [MainThread]: Connection 'master' was properly closed.
[0m17:50:33.157813 [debug] [MainThread]: Connection 'model.stock_analysis.dim_info' was properly closed.
[0m17:50:33.158204 [info ] [MainThread]: 
[0m17:50:33.158534 [info ] [MainThread]: Finished running 1 table model in 0 hours 0 minutes and 5.09 seconds (5.09s).
[0m17:50:33.159098 [debug] [MainThread]: Command end result
[0m17:50:33.179132 [debug] [MainThread]: Wrote artifact WritableManifest to /home/norman/NTU-Project-Data-Science-AI_Norman/NTU-Project-Data-Science-AI/TA_undervalue_stock/target/manifest.json
[0m17:50:33.180685 [debug] [MainThread]: Wrote artifact SemanticManifest to /home/norman/NTU-Project-Data-Science-AI_Norman/NTU-Project-Data-Science-AI/TA_undervalue_stock/target/semantic_manifest.json
[0m17:50:33.184979 [debug] [MainThread]: Wrote artifact RunExecutionResult to /home/norman/NTU-Project-Data-Science-AI_Norman/NTU-Project-Data-Science-AI/TA_undervalue_stock/target/run_results.json
[0m17:50:33.185296 [info ] [MainThread]: 
[0m17:50:33.185858 [info ] [MainThread]: [32mCompleted successfully[0m
[0m17:50:33.186130 [info ] [MainThread]: 
[0m17:50:33.186519 [info ] [MainThread]: Done. PASS=1 WARN=0 ERROR=0 SKIP=0 TOTAL=1
[0m17:50:33.187741 [debug] [MainThread]: Resource report: {"command_name": "run", "command_success": true, "command_wall_clock_time": 7.439897, "process_in_blocks": "0", "process_kernel_time": 0.387662, "process_mem_max_rss": "357712", "process_out_blocks": "2432", "process_user_time": 4.289035}
[0m17:50:33.188235 [debug] [MainThread]: Command `dbt run` succeeded at 17:50:33.188154 after 7.44 seconds
[0m17:50:33.188516 [debug] [MainThread]: Sending event: {'category': 'dbt', 'action': 'invocation', 'label': 'end', 'context': [<snowplow_tracker.self_describing_json.SelfDescribingJson object at 0x7223a8890ac0>, <snowplow_tracker.self_describing_json.SelfDescribingJson object at 0x7223a8079b70>, <snowplow_tracker.self_describing_json.SelfDescribingJson object at 0x7223a875ebc0>]}
[0m17:50:33.188799 [debug] [MainThread]: Flushing usage events
[0m17:50:34.177357 [debug] [MainThread]: An error was encountered while trying to flush usage events
[0m17:50:40.940781 [debug] [MainThread]: Sending event: {'category': 'dbt', 'action': 'invocation', 'label': 'start', 'context': [<snowplow_tracker.self_describing_json.SelfDescribingJson object at 0x77a4cd4bca60>, <snowplow_tracker.self_describing_json.SelfDescribingJson object at 0x77a4cc675f00>, <snowplow_tracker.self_describing_json.SelfDescribingJson object at 0x77a4cc675ea0>]}


============================== 17:50:40.943182 | b5fa67f2-8288-40ba-9c8a-cf76904479a5 ==============================
[0m17:50:40.943182 [info ] [MainThread]: Running with dbt=1.9.8
[0m17:50:40.943796 [debug] [MainThread]: running dbt with arguments {'printer_width': '80', 'indirect_selection': 'eager', 'log_cache_events': 'False', 'write_json': 'True', 'partial_parse': 'True', 'cache_selected_only': 'False', 'profiles_dir': '/home/norman/NTU-Project-Data-Science-AI_Norman/NTU-Project-Data-Science-AI/TA_undervalue_stock', 'debug': 'False', 'fail_fast': 'False', 'log_path': '/home/norman/NTU-Project-Data-Science-AI_Norman/NTU-Project-Data-Science-AI/TA_undervalue_stock/logs', 'version_check': 'True', 'warn_error': 'None', 'use_colors': 'True', 'use_experimental_parser': 'False', 'empty': 'False', 'quiet': 'False', 'no_print': 'None', 'warn_error_options': 'WarnErrorOptions(include=[], exclude=[])', 'static_parser': 'True', 'invocation_command': 'dbt run --select dim_date', 'introspect': 'True', 'target_path': 'None', 'log_format': 'default', 'send_anonymous_usage_stats': 'True'}
[0m17:50:42.762312 [debug] [MainThread]: Sending event: {'category': 'dbt', 'action': 'project_id', 'label': 'b5fa67f2-8288-40ba-9c8a-cf76904479a5', 'context': [<snowplow_tracker.self_describing_json.SelfDescribingJson object at 0x77a4cccd5cf0>]}
[0m17:50:42.808513 [debug] [MainThread]: Sending event: {'category': 'dbt', 'action': 'adapter_info', 'label': 'b5fa67f2-8288-40ba-9c8a-cf76904479a5', 'context': [<snowplow_tracker.self_describing_json.SelfDescribingJson object at 0x77a4cc89e710>]}
[0m17:50:42.809314 [info ] [MainThread]: Registered adapter: bigquery=1.9.2
[0m17:50:42.947264 [debug] [MainThread]: checksum: 2898e47e730fa32147e5ae95c02f42c1d51b8fd2b81922b9b731f0208caf4dff, vars: {}, profile: , target: , version: 1.9.8
[0m17:50:43.042761 [debug] [MainThread]: Partial parsing enabled: 0 files deleted, 0 files added, 0 files changed.
[0m17:50:43.043226 [debug] [MainThread]: Partial parsing enabled, no changes found, skipping parsing
[0m17:50:43.080553 [debug] [MainThread]: Sending event: {'category': 'dbt', 'action': 'load_project', 'label': 'b5fa67f2-8288-40ba-9c8a-cf76904479a5', 'context': [<snowplow_tracker.self_describing_json.SelfDescribingJson object at 0x77a498818ac0>]}
[0m17:50:43.150255 [debug] [MainThread]: Wrote artifact WritableManifest to /home/norman/NTU-Project-Data-Science-AI_Norman/NTU-Project-Data-Science-AI/TA_undervalue_stock/target/manifest.json
[0m17:50:43.151777 [debug] [MainThread]: Wrote artifact SemanticManifest to /home/norman/NTU-Project-Data-Science-AI_Norman/NTU-Project-Data-Science-AI/TA_undervalue_stock/target/semantic_manifest.json
[0m17:50:43.161728 [debug] [MainThread]: Sending event: {'category': 'dbt', 'action': 'resource_counts', 'label': 'b5fa67f2-8288-40ba-9c8a-cf76904479a5', 'context': [<snowplow_tracker.self_describing_json.SelfDescribingJson object at 0x77a498990c10>]}
[0m17:50:43.162251 [info ] [MainThread]: Found 3 models, 29 data tests, 4 sources, 493 macros
[0m17:50:43.162612 [debug] [MainThread]: Sending event: {'category': 'dbt', 'action': 'runnable_timing', 'label': 'b5fa67f2-8288-40ba-9c8a-cf76904479a5', 'context': [<snowplow_tracker.self_describing_json.SelfDescribingJson object at 0x77a498bb2e90>]}
[0m17:50:43.163897 [info ] [MainThread]: 
[0m17:50:43.164281 [info ] [MainThread]: Concurrency: 1 threads (target='dev')
[0m17:50:43.164617 [info ] [MainThread]: 
[0m17:50:43.165192 [debug] [MainThread]: Acquiring new bigquery connection 'master'
[0m17:50:43.166115 [debug] [ThreadPool]: Acquiring new bigquery connection 'list_deft-beacon-354008'
[0m17:50:43.166420 [debug] [ThreadPool]: Opening a new connection, currently in state init
[0m17:50:44.486683 [debug] [ThreadPool]: Re-using an available connection from the pool (formerly list_deft-beacon-354008, now list_deft-beacon-354008_stock_analysis)
[0m17:50:44.487390 [debug] [ThreadPool]: Opening a new connection, currently in state closed
[0m17:50:44.838341 [debug] [MainThread]: Sending event: {'category': 'dbt', 'action': 'runnable_timing', 'label': 'b5fa67f2-8288-40ba-9c8a-cf76904479a5', 'context': [<snowplow_tracker.self_describing_json.SelfDescribingJson object at 0x77a498e19c90>]}
[0m17:50:44.838981 [debug] [MainThread]: Opening a new connection, currently in state init
[0m17:50:44.842937 [debug] [Thread-1 (]: Began running node model.stock_analysis.dim_date
[0m17:50:44.843559 [info ] [Thread-1 (]: 1 of 1 START sql table model stock_analysis.dim_date ........................... [RUN]
[0m17:50:44.844169 [debug] [Thread-1 (]: Re-using an available connection from the pool (formerly list_deft-beacon-354008_stock_analysis, now model.stock_analysis.dim_date)
[0m17:50:44.844502 [debug] [Thread-1 (]: Began compiling node model.stock_analysis.dim_date
[0m17:50:44.852236 [debug] [Thread-1 (]: Writing injected SQL for node "model.stock_analysis.dim_date"
[0m17:50:44.852894 [debug] [Thread-1 (]: Began executing node model.stock_analysis.dim_date
[0m17:50:44.864562 [debug] [Thread-1 (]: Opening a new connection, currently in state closed
[0m17:50:45.487744 [debug] [Thread-1 (]: Writing runtime sql for node "model.stock_analysis.dim_date"
[0m17:50:45.488564 [debug] [Thread-1 (]: On model.stock_analysis.dim_date: /* {"app": "dbt", "dbt_version": "1.9.8", "profile_name": "stock_analysis", "target_name": "dev", "node_id": "model.stock_analysis.dim_date"} */

  
    

    create or replace table `deft-beacon-354008`.`stock_analysis`.`dim_date`
      
    
    

    OPTIONS()
    as (
      

WITH deduplicated_dates AS (
    SELECT DISTINCT date
    FROM `deft-beacon-354008`.`stock_analysis`.`combined_tickers`
)
SELECT
    DATE(date) AS date,
    EXTRACT(YEAR FROM date) AS year,
    EXTRACT(MONTH FROM date) AS month,
    EXTRACT(DAY FROM date) AS day,
    EXTRACT(QUARTER FROM date) AS quarter,
    FORMAT_TIMESTAMP('%A', date) AS day_of_week
FROM 
    deduplicated_dates
    );
  
[0m17:50:45.949119 [debug] [Thread-1 (]: BigQuery adapter: https://console.cloud.google.com/bigquery?project=deft-beacon-354008&j=bq:US:05106030-cace-4aba-a891-b49f89b19b76&page=queryresults
[0m17:50:48.271556 [debug] [Thread-1 (]: Sending event: {'category': 'dbt', 'action': 'run_model', 'label': 'b5fa67f2-8288-40ba-9c8a-cf76904479a5', 'context': [<snowplow_tracker.self_describing_json.SelfDescribingJson object at 0x77a498862320>]}
[0m17:50:48.272312 [info ] [Thread-1 (]: 1 of 1 OK created sql table model stock_analysis.dim_date ...................... [[32mCREATE TABLE (1.5k rows, 224.0 KiB processed)[0m in 3.43s]
[0m17:50:48.272878 [debug] [Thread-1 (]: Finished running node model.stock_analysis.dim_date
[0m17:50:48.274815 [debug] [MainThread]: Opening a new connection, currently in state closed
[0m17:50:48.275598 [debug] [MainThread]: Connection 'master' was properly closed.
[0m17:50:48.276037 [debug] [MainThread]: Connection 'model.stock_analysis.dim_date' was properly closed.
[0m17:50:48.276348 [info ] [MainThread]: 
[0m17:50:48.276707 [info ] [MainThread]: Finished running 1 table model in 0 hours 0 minutes and 5.11 seconds (5.11s).
[0m17:50:48.277378 [debug] [MainThread]: Command end result
[0m17:50:48.302335 [debug] [MainThread]: Wrote artifact WritableManifest to /home/norman/NTU-Project-Data-Science-AI_Norman/NTU-Project-Data-Science-AI/TA_undervalue_stock/target/manifest.json
[0m17:50:48.303917 [debug] [MainThread]: Wrote artifact SemanticManifest to /home/norman/NTU-Project-Data-Science-AI_Norman/NTU-Project-Data-Science-AI/TA_undervalue_stock/target/semantic_manifest.json
[0m17:50:48.309471 [debug] [MainThread]: Wrote artifact RunExecutionResult to /home/norman/NTU-Project-Data-Science-AI_Norman/NTU-Project-Data-Science-AI/TA_undervalue_stock/target/run_results.json
[0m17:50:48.309963 [info ] [MainThread]: 
[0m17:50:48.310388 [info ] [MainThread]: [32mCompleted successfully[0m
[0m17:50:48.310662 [info ] [MainThread]: 
[0m17:50:48.310959 [info ] [MainThread]: Done. PASS=1 WARN=0 ERROR=0 SKIP=0 TOTAL=1
[0m17:50:48.311945 [debug] [MainThread]: Resource report: {"command_name": "run", "command_success": true, "command_wall_clock_time": 7.4074764, "process_in_blocks": "0", "process_kernel_time": 0.278228, "process_mem_max_rss": "357704", "process_out_blocks": "2424", "process_user_time": 4.391176}
[0m17:50:48.312343 [debug] [MainThread]: Command `dbt run` succeeded at 17:50:48.312258 after 7.41 seconds
[0m17:50:48.312632 [debug] [MainThread]: Sending event: {'category': 'dbt', 'action': 'invocation', 'label': 'end', 'context': [<snowplow_tracker.self_describing_json.SelfDescribingJson object at 0x77a4cd4bca60>, <snowplow_tracker.self_describing_json.SelfDescribingJson object at 0x77a4cccd5cf0>, <snowplow_tracker.self_describing_json.SelfDescribingJson object at 0x77a4cd38feb0>]}
[0m17:50:48.312932 [debug] [MainThread]: Flushing usage events
[0m17:50:49.486295 [debug] [MainThread]: An error was encountered while trying to flush usage events
[0m18:15:12.239126 [debug] [MainThread]: Sending event: {'category': 'dbt', 'action': 'invocation', 'label': 'start', 'context': [<snowplow_tracker.self_describing_json.SelfDescribingJson object at 0x7ad1ddfd0a60>, <snowplow_tracker.self_describing_json.SelfDescribingJson object at 0x7ad1dd189f00>, <snowplow_tracker.self_describing_json.SelfDescribingJson object at 0x7ad1dd189ea0>]}


============================== 18:15:12.243647 | 9abed624-8d7d-4eaa-85b3-89bf54522714 ==============================
[0m18:15:12.243647 [info ] [MainThread]: Running with dbt=1.9.8
[0m18:15:12.244132 [debug] [MainThread]: running dbt with arguments {'printer_width': '80', 'indirect_selection': 'eager', 'log_cache_events': 'False', 'write_json': 'True', 'partial_parse': 'True', 'cache_selected_only': 'False', 'profiles_dir': '/home/norman/NTU-Project-Data-Science-AI_Norman/NTU-Project-Data-Science-AI/TA_undervalue_stock', 'version_check': 'True', 'debug': 'False', 'log_path': '/home/norman/NTU-Project-Data-Science-AI_Norman/NTU-Project-Data-Science-AI/TA_undervalue_stock/logs', 'warn_error': 'None', 'fail_fast': 'False', 'use_colors': 'True', 'use_experimental_parser': 'False', 'no_print': 'None', 'quiet': 'False', 'empty': 'False', 'warn_error_options': 'WarnErrorOptions(include=[], exclude=[])', 'introspect': 'True', 'log_format': 'default', 'static_parser': 'True', 'target_path': 'None', 'invocation_command': 'dbt run --select dim_date', 'send_anonymous_usage_stats': 'True'}
[0m18:15:15.225073 [debug] [MainThread]: Sending event: {'category': 'dbt', 'action': 'project_id', 'label': '9abed624-8d7d-4eaa-85b3-89bf54522714', 'context': [<snowplow_tracker.self_describing_json.SelfDescribingJson object at 0x7ad1dd7c52d0>]}
[0m18:15:15.268287 [debug] [MainThread]: Sending event: {'category': 'dbt', 'action': 'adapter_info', 'label': '9abed624-8d7d-4eaa-85b3-89bf54522714', 'context': [<snowplow_tracker.self_describing_json.SelfDescribingJson object at 0x7ad1ae953d90>]}
[0m18:15:15.268918 [info ] [MainThread]: Registered adapter: bigquery=1.9.2
[0m18:15:15.418366 [debug] [MainThread]: checksum: 2898e47e730fa32147e5ae95c02f42c1d51b8fd2b81922b9b731f0208caf4dff, vars: {}, profile: , target: , version: 1.9.8
[0m18:15:15.565807 [debug] [MainThread]: Partial parsing enabled: 0 files deleted, 0 files added, 0 files changed.
[0m18:15:15.566207 [debug] [MainThread]: Partial parsing enabled, no changes found, skipping parsing
[0m18:15:15.605168 [debug] [MainThread]: Sending event: {'category': 'dbt', 'action': 'load_project', 'label': '9abed624-8d7d-4eaa-85b3-89bf54522714', 'context': [<snowplow_tracker.self_describing_json.SelfDescribingJson object at 0x7ad1a92dcbe0>]}
[0m18:15:15.680708 [debug] [MainThread]: Wrote artifact WritableManifest to /home/norman/NTU-Project-Data-Science-AI_Norman/NTU-Project-Data-Science-AI/TA_undervalue_stock/target/manifest.json
[0m18:15:15.682676 [debug] [MainThread]: Wrote artifact SemanticManifest to /home/norman/NTU-Project-Data-Science-AI_Norman/NTU-Project-Data-Science-AI/TA_undervalue_stock/target/semantic_manifest.json
[0m18:15:15.708093 [debug] [MainThread]: Sending event: {'category': 'dbt', 'action': 'resource_counts', 'label': '9abed624-8d7d-4eaa-85b3-89bf54522714', 'context': [<snowplow_tracker.self_describing_json.SelfDescribingJson object at 0x7ad1a92c0100>]}
[0m18:15:15.708651 [info ] [MainThread]: Found 3 models, 29 data tests, 4 sources, 493 macros
[0m18:15:15.709014 [debug] [MainThread]: Sending event: {'category': 'dbt', 'action': 'runnable_timing', 'label': '9abed624-8d7d-4eaa-85b3-89bf54522714', 'context': [<snowplow_tracker.self_describing_json.SelfDescribingJson object at 0x7ad1a92ed420>]}
[0m18:15:15.710264 [info ] [MainThread]: 
[0m18:15:15.711041 [info ] [MainThread]: Concurrency: 1 threads (target='dev')
[0m18:15:15.711301 [info ] [MainThread]: 
[0m18:15:15.711844 [debug] [MainThread]: Acquiring new bigquery connection 'master'
[0m18:15:15.714168 [debug] [ThreadPool]: Acquiring new bigquery connection 'list_deft-beacon-354008'
[0m18:15:15.714510 [debug] [ThreadPool]: Opening a new connection, currently in state init
[0m18:15:18.908729 [debug] [ThreadPool]: Re-using an available connection from the pool (formerly list_deft-beacon-354008, now list_deft-beacon-354008_stock_analysis)
[0m18:15:18.909277 [debug] [ThreadPool]: Opening a new connection, currently in state closed
[0m18:15:19.241406 [debug] [MainThread]: Sending event: {'category': 'dbt', 'action': 'runnable_timing', 'label': '9abed624-8d7d-4eaa-85b3-89bf54522714', 'context': [<snowplow_tracker.self_describing_json.SelfDescribingJson object at 0x7ad1df9915d0>]}
[0m18:15:19.241971 [debug] [MainThread]: Opening a new connection, currently in state init
[0m18:15:19.249754 [debug] [Thread-1 (]: Began running node model.stock_analysis.dim_date
[0m18:15:19.250391 [info ] [Thread-1 (]: 1 of 1 START sql table model stock_analysis.dim_date ........................... [RUN]
[0m18:15:19.250965 [debug] [Thread-1 (]: Re-using an available connection from the pool (formerly list_deft-beacon-354008_stock_analysis, now model.stock_analysis.dim_date)
[0m18:15:19.251334 [debug] [Thread-1 (]: Began compiling node model.stock_analysis.dim_date
[0m18:15:19.259716 [debug] [Thread-1 (]: Writing injected SQL for node "model.stock_analysis.dim_date"
[0m18:15:19.260421 [debug] [Thread-1 (]: Began executing node model.stock_analysis.dim_date
[0m18:15:19.270375 [debug] [Thread-1 (]: Opening a new connection, currently in state closed
[0m18:15:19.790579 [debug] [Thread-1 (]: Writing runtime sql for node "model.stock_analysis.dim_date"
[0m18:15:19.791295 [debug] [Thread-1 (]: On model.stock_analysis.dim_date: /* {"app": "dbt", "dbt_version": "1.9.8", "profile_name": "stock_analysis", "target_name": "dev", "node_id": "model.stock_analysis.dim_date"} */

  
    

    create or replace table `deft-beacon-354008`.`stock_analysis`.`dim_date`
      
    
    

    OPTIONS()
    as (
      

WITH deduplicated_dates AS (
    SELECT DISTINCT date
    FROM `deft-beacon-354008`.`stock_analysis`.`combined_tickers`
)
SELECT
    DATE(date) AS date,
    EXTRACT(YEAR FROM date) AS year,
    EXTRACT(MONTH FROM date) AS month,
    EXTRACT(DAY FROM date) AS day,
    EXTRACT(QUARTER FROM date) AS quarter,
    FORMAT_TIMESTAMP('%A', date) AS day_of_week
FROM 
    deduplicated_dates
    );
  
[0m18:15:20.755839 [debug] [Thread-1 (]: BigQuery adapter: https://console.cloud.google.com/bigquery?project=deft-beacon-354008&j=bq:US:23d6b2df-ebad-493d-b093-6166f1cbb54a&page=queryresults
[0m18:15:22.973639 [debug] [Thread-1 (]: Sending event: {'category': 'dbt', 'action': 'run_model', 'label': '9abed624-8d7d-4eaa-85b3-89bf54522714', 'context': [<snowplow_tracker.self_describing_json.SelfDescribingJson object at 0x7ad1de2f3190>]}
[0m18:15:22.974467 [info ] [Thread-1 (]: 1 of 1 OK created sql table model stock_analysis.dim_date ...................... [[32mCREATE TABLE (1.5k rows, 106.1 KiB processed)[0m in 3.72s]
[0m18:15:22.975084 [debug] [Thread-1 (]: Finished running node model.stock_analysis.dim_date
[0m18:15:22.976877 [debug] [MainThread]: Opening a new connection, currently in state closed
[0m18:15:22.977566 [debug] [MainThread]: Connection 'master' was properly closed.
[0m18:15:22.977825 [debug] [MainThread]: Connection 'model.stock_analysis.dim_date' was properly closed.
[0m18:15:22.978144 [info ] [MainThread]: 
[0m18:15:22.978396 [info ] [MainThread]: Finished running 1 table model in 0 hours 0 minutes and 7.27 seconds (7.27s).
[0m18:15:22.978912 [debug] [MainThread]: Command end result
[0m18:15:23.003088 [debug] [MainThread]: Wrote artifact WritableManifest to /home/norman/NTU-Project-Data-Science-AI_Norman/NTU-Project-Data-Science-AI/TA_undervalue_stock/target/manifest.json
[0m18:15:23.005128 [debug] [MainThread]: Wrote artifact SemanticManifest to /home/norman/NTU-Project-Data-Science-AI_Norman/NTU-Project-Data-Science-AI/TA_undervalue_stock/target/semantic_manifest.json
[0m18:15:23.009363 [debug] [MainThread]: Wrote artifact RunExecutionResult to /home/norman/NTU-Project-Data-Science-AI_Norman/NTU-Project-Data-Science-AI/TA_undervalue_stock/target/run_results.json
[0m18:15:23.009823 [info ] [MainThread]: 
[0m18:15:23.010132 [info ] [MainThread]: [32mCompleted successfully[0m
[0m18:15:23.010344 [info ] [MainThread]: 
[0m18:15:23.010675 [info ] [MainThread]: Done. PASS=1 WARN=0 ERROR=0 SKIP=0 TOTAL=1
[0m18:15:23.012876 [debug] [MainThread]: Resource report: {"command_name": "run", "command_success": true, "command_wall_clock_time": 10.825605, "process_in_blocks": "213736", "process_kernel_time": 0.584735, "process_mem_max_rss": "357500", "process_out_blocks": "2432", "process_user_time": 5.043869}
[0m18:15:23.013269 [debug] [MainThread]: Command `dbt run` succeeded at 18:15:23.013186 after 10.83 seconds
[0m18:15:23.013543 [debug] [MainThread]: Sending event: {'category': 'dbt', 'action': 'invocation', 'label': 'end', 'context': [<snowplow_tracker.self_describing_json.SelfDescribingJson object at 0x7ad1ddfd0a60>, <snowplow_tracker.self_describing_json.SelfDescribingJson object at 0x7ad1dde9feb0>, <snowplow_tracker.self_describing_json.SelfDescribingJson object at 0x7ad1a963f940>]}
[0m18:15:23.013816 [debug] [MainThread]: Flushing usage events
[0m18:15:24.506777 [debug] [MainThread]: An error was encountered while trying to flush usage events
[0m18:15:30.232842 [debug] [MainThread]: Sending event: {'category': 'dbt', 'action': 'invocation', 'label': 'start', 'context': [<snowplow_tracker.self_describing_json.SelfDescribingJson object at 0x7820e8fd4ac0>, <snowplow_tracker.self_describing_json.SelfDescribingJson object at 0x7820e818df00>, <snowplow_tracker.self_describing_json.SelfDescribingJson object at 0x7820e818dea0>]}


============================== 18:15:30.235108 | 97e32d88-229e-46d1-9fa3-ef5b52bcb460 ==============================
[0m18:15:30.235108 [info ] [MainThread]: Running with dbt=1.9.8
[0m18:15:30.235590 [debug] [MainThread]: running dbt with arguments {'printer_width': '80', 'indirect_selection': 'eager', 'write_json': 'True', 'log_cache_events': 'False', 'partial_parse': 'True', 'cache_selected_only': 'False', 'warn_error': 'None', 'debug': 'False', 'version_check': 'True', 'log_path': '/home/norman/NTU-Project-Data-Science-AI_Norman/NTU-Project-Data-Science-AI/TA_undervalue_stock/logs', 'fail_fast': 'False', 'profiles_dir': '/home/norman/NTU-Project-Data-Science-AI_Norman/NTU-Project-Data-Science-AI/TA_undervalue_stock', 'use_colors': 'True', 'use_experimental_parser': 'False', 'empty': 'False', 'quiet': 'False', 'no_print': 'None', 'warn_error_options': 'WarnErrorOptions(include=[], exclude=[])', 'invocation_command': 'dbt run --select dim_info', 'static_parser': 'True', 'log_format': 'default', 'target_path': 'None', 'introspect': 'True', 'send_anonymous_usage_stats': 'True'}
[0m18:15:32.057091 [debug] [MainThread]: Sending event: {'category': 'dbt', 'action': 'project_id', 'label': '97e32d88-229e-46d1-9fa3-ef5b52bcb460', 'context': [<snowplow_tracker.self_describing_json.SelfDescribingJson object at 0x7820e818dff0>]}
[0m18:15:32.099394 [debug] [MainThread]: Sending event: {'category': 'dbt', 'action': 'adapter_info', 'label': '97e32d88-229e-46d1-9fa3-ef5b52bcb460', 'context': [<snowplow_tracker.self_describing_json.SelfDescribingJson object at 0x7820b4aca2c0>]}
[0m18:15:32.100058 [info ] [MainThread]: Registered adapter: bigquery=1.9.2
[0m18:15:32.224196 [debug] [MainThread]: checksum: 2898e47e730fa32147e5ae95c02f42c1d51b8fd2b81922b9b731f0208caf4dff, vars: {}, profile: , target: , version: 1.9.8
[0m18:15:32.319505 [debug] [MainThread]: Partial parsing enabled: 0 files deleted, 0 files added, 0 files changed.
[0m18:15:32.319978 [debug] [MainThread]: Partial parsing enabled, no changes found, skipping parsing
[0m18:15:32.358418 [debug] [MainThread]: Sending event: {'category': 'dbt', 'action': 'load_project', 'label': '97e32d88-229e-46d1-9fa3-ef5b52bcb460', 'context': [<snowplow_tracker.self_describing_json.SelfDescribingJson object at 0x7820b4348ca0>]}
[0m18:15:32.427966 [debug] [MainThread]: Wrote artifact WritableManifest to /home/norman/NTU-Project-Data-Science-AI_Norman/NTU-Project-Data-Science-AI/TA_undervalue_stock/target/manifest.json
[0m18:15:32.429511 [debug] [MainThread]: Wrote artifact SemanticManifest to /home/norman/NTU-Project-Data-Science-AI_Norman/NTU-Project-Data-Science-AI/TA_undervalue_stock/target/semantic_manifest.json
[0m18:15:32.438682 [debug] [MainThread]: Sending event: {'category': 'dbt', 'action': 'resource_counts', 'label': '97e32d88-229e-46d1-9fa3-ef5b52bcb460', 'context': [<snowplow_tracker.self_describing_json.SelfDescribingJson object at 0x7820b435a050>]}
[0m18:15:32.439167 [info ] [MainThread]: Found 3 models, 29 data tests, 4 sources, 493 macros
[0m18:15:32.439479 [debug] [MainThread]: Sending event: {'category': 'dbt', 'action': 'runnable_timing', 'label': '97e32d88-229e-46d1-9fa3-ef5b52bcb460', 'context': [<snowplow_tracker.self_describing_json.SelfDescribingJson object at 0x7820b435b010>]}
[0m18:15:32.440721 [info ] [MainThread]: 
[0m18:15:32.441089 [info ] [MainThread]: Concurrency: 1 threads (target='dev')
[0m18:15:32.441341 [info ] [MainThread]: 
[0m18:15:32.441770 [debug] [MainThread]: Acquiring new bigquery connection 'master'
[0m18:15:32.442874 [debug] [ThreadPool]: Acquiring new bigquery connection 'list_deft-beacon-354008'
[0m18:15:32.443574 [debug] [ThreadPool]: Opening a new connection, currently in state init
[0m18:15:33.663156 [debug] [ThreadPool]: Re-using an available connection from the pool (formerly list_deft-beacon-354008, now list_deft-beacon-354008_stock_analysis)
[0m18:15:33.664660 [debug] [ThreadPool]: Opening a new connection, currently in state closed
[0m18:15:34.014396 [debug] [MainThread]: Sending event: {'category': 'dbt', 'action': 'runnable_timing', 'label': '97e32d88-229e-46d1-9fa3-ef5b52bcb460', 'context': [<snowplow_tracker.self_describing_json.SelfDescribingJson object at 0x7820eaa20a30>]}
[0m18:15:34.014947 [debug] [MainThread]: Opening a new connection, currently in state init
[0m18:15:34.018245 [debug] [Thread-1 (]: Began running node model.stock_analysis.dim_info
[0m18:15:34.018824 [info ] [Thread-1 (]: 1 of 1 START sql table model stock_analysis.dim_info ........................... [RUN]
[0m18:15:34.019339 [debug] [Thread-1 (]: Re-using an available connection from the pool (formerly list_deft-beacon-354008_stock_analysis, now model.stock_analysis.dim_info)
[0m18:15:34.019625 [debug] [Thread-1 (]: Began compiling node model.stock_analysis.dim_info
[0m18:15:34.027961 [debug] [Thread-1 (]: Writing injected SQL for node "model.stock_analysis.dim_info"
[0m18:15:34.028713 [debug] [Thread-1 (]: Began executing node model.stock_analysis.dim_info
[0m18:15:34.039612 [debug] [Thread-1 (]: Opening a new connection, currently in state closed
[0m18:15:34.583901 [debug] [Thread-1 (]: Writing runtime sql for node "model.stock_analysis.dim_info"
[0m18:15:34.584700 [debug] [Thread-1 (]: On model.stock_analysis.dim_info: /* {"app": "dbt", "dbt_version": "1.9.8", "profile_name": "stock_analysis", "target_name": "dev", "node_id": "model.stock_analysis.dim_info"} */

  
    

    create or replace table `deft-beacon-354008`.`stock_analysis`.`dim_info`
      
    
    

    OPTIONS()
    as (
      

SELECT
  ticker_symbol,
  company_description,
  company_name,
  country,
  industry,
  sector
FROM `deft-beacon-354008`.`stock_analysis`.`stock_info`
    );
  
[0m18:15:35.146061 [debug] [Thread-1 (]: BigQuery adapter: https://console.cloud.google.com/bigquery?project=deft-beacon-354008&j=bq:US:d371197a-71f7-469c-a568-e2f0d8a18fff&page=queryresults
[0m18:15:37.601422 [debug] [Thread-1 (]: Sending event: {'category': 'dbt', 'action': 'run_model', 'label': '97e32d88-229e-46d1-9fa3-ef5b52bcb460', 'context': [<snowplow_tracker.self_describing_json.SelfDescribingJson object at 0x7820b99be9b0>]}
[0m18:15:37.602318 [info ] [Thread-1 (]: 1 of 1 OK created sql table model stock_analysis.dim_info ...................... [[32mCREATE TABLE (10.0 rows, 13.0 KiB processed)[0m in 3.58s]
[0m18:15:37.602976 [debug] [Thread-1 (]: Finished running node model.stock_analysis.dim_info
[0m18:15:37.605859 [debug] [MainThread]: Opening a new connection, currently in state closed
[0m18:15:37.606833 [debug] [MainThread]: Connection 'master' was properly closed.
[0m18:15:37.607135 [debug] [MainThread]: Connection 'model.stock_analysis.dim_info' was properly closed.
[0m18:15:37.607421 [info ] [MainThread]: 
[0m18:15:37.607697 [info ] [MainThread]: Finished running 1 table model in 0 hours 0 minutes and 5.17 seconds (5.17s).
[0m18:15:37.608276 [debug] [MainThread]: Command end result
[0m18:15:37.628995 [debug] [MainThread]: Wrote artifact WritableManifest to /home/norman/NTU-Project-Data-Science-AI_Norman/NTU-Project-Data-Science-AI/TA_undervalue_stock/target/manifest.json
[0m18:15:37.631216 [debug] [MainThread]: Wrote artifact SemanticManifest to /home/norman/NTU-Project-Data-Science-AI_Norman/NTU-Project-Data-Science-AI/TA_undervalue_stock/target/semantic_manifest.json
[0m18:15:37.636212 [debug] [MainThread]: Wrote artifact RunExecutionResult to /home/norman/NTU-Project-Data-Science-AI_Norman/NTU-Project-Data-Science-AI/TA_undervalue_stock/target/run_results.json
[0m18:15:37.636584 [info ] [MainThread]: 
[0m18:15:37.636916 [info ] [MainThread]: [32mCompleted successfully[0m
[0m18:15:37.637197 [info ] [MainThread]: 
[0m18:15:37.637978 [info ] [MainThread]: Done. PASS=1 WARN=0 ERROR=0 SKIP=0 TOTAL=1
[0m18:15:37.639018 [debug] [MainThread]: Resource report: {"command_name": "run", "command_success": true, "command_wall_clock_time": 7.452122, "process_in_blocks": "0", "process_kernel_time": 0.273346, "process_mem_max_rss": "357696", "process_out_blocks": "2424", "process_user_time": 4.468806}
[0m18:15:37.639503 [debug] [MainThread]: Command `dbt run` succeeded at 18:15:37.639382 after 7.45 seconds
[0m18:15:37.639973 [debug] [MainThread]: Sending event: {'category': 'dbt', 'action': 'invocation', 'label': 'end', 'context': [<snowplow_tracker.self_describing_json.SelfDescribingJson object at 0x7820e8fd4ac0>, <snowplow_tracker.self_describing_json.SelfDescribingJson object at 0x7820e818dff0>, <snowplow_tracker.self_describing_json.SelfDescribingJson object at 0x7820e8ea6bc0>]}
[0m18:15:37.640359 [debug] [MainThread]: Flushing usage events
[0m18:15:38.829818 [debug] [MainThread]: An error was encountered while trying to flush usage events
[0m18:15:44.999240 [debug] [MainThread]: Sending event: {'category': 'dbt', 'action': 'invocation', 'label': 'start', 'context': [<snowplow_tracker.self_describing_json.SelfDescribingJson object at 0x7143aa7c4a00>, <snowplow_tracker.self_describing_json.SelfDescribingJson object at 0x7143a997de70>, <snowplow_tracker.self_describing_json.SelfDescribingJson object at 0x7143a997de10>]}


============================== 18:15:45.001294 | ddfce13a-8e38-440a-95ba-5d5bb20267e2 ==============================
[0m18:15:45.001294 [info ] [MainThread]: Running with dbt=1.9.8
[0m18:15:45.001714 [debug] [MainThread]: running dbt with arguments {'printer_width': '80', 'indirect_selection': 'eager', 'log_cache_events': 'False', 'write_json': 'True', 'partial_parse': 'True', 'cache_selected_only': 'False', 'warn_error': 'None', 'version_check': 'True', 'fail_fast': 'False', 'log_path': '/home/norman/NTU-Project-Data-Science-AI_Norman/NTU-Project-Data-Science-AI/TA_undervalue_stock/logs', 'profiles_dir': '/home/norman/NTU-Project-Data-Science-AI_Norman/NTU-Project-Data-Science-AI/TA_undervalue_stock', 'debug': 'False', 'use_colors': 'True', 'use_experimental_parser': 'False', 'no_print': 'None', 'quiet': 'False', 'empty': 'False', 'log_format': 'default', 'introspect': 'True', 'warn_error_options': 'WarnErrorOptions(include=[], exclude=[])', 'invocation_command': 'dbt run --select fact_security', 'target_path': 'None', 'static_parser': 'True', 'send_anonymous_usage_stats': 'True'}
[0m18:15:46.729313 [debug] [MainThread]: Sending event: {'category': 'dbt', 'action': 'project_id', 'label': 'ddfce13a-8e38-440a-95ba-5d5bb20267e2', 'context': [<snowplow_tracker.self_describing_json.SelfDescribingJson object at 0x7143a994a860>]}
[0m18:15:46.772411 [debug] [MainThread]: Sending event: {'category': 'dbt', 'action': 'adapter_info', 'label': 'ddfce13a-8e38-440a-95ba-5d5bb20267e2', 'context': [<snowplow_tracker.self_describing_json.SelfDescribingJson object at 0x7143a997f490>]}
[0m18:15:46.773169 [info ] [MainThread]: Registered adapter: bigquery=1.9.2
[0m18:15:46.891849 [debug] [MainThread]: checksum: 2898e47e730fa32147e5ae95c02f42c1d51b8fd2b81922b9b731f0208caf4dff, vars: {}, profile: , target: , version: 1.9.8
[0m18:15:46.999054 [debug] [MainThread]: Partial parsing enabled: 0 files deleted, 0 files added, 0 files changed.
[0m18:15:46.999499 [debug] [MainThread]: Partial parsing enabled, no changes found, skipping parsing
[0m18:15:47.042077 [debug] [MainThread]: Sending event: {'category': 'dbt', 'action': 'load_project', 'label': 'ddfce13a-8e38-440a-95ba-5d5bb20267e2', 'context': [<snowplow_tracker.self_describing_json.SelfDescribingJson object at 0x714375cd4f40>]}
[0m18:15:47.115330 [debug] [MainThread]: Wrote artifact WritableManifest to /home/norman/NTU-Project-Data-Science-AI_Norman/NTU-Project-Data-Science-AI/TA_undervalue_stock/target/manifest.json
[0m18:15:47.116902 [debug] [MainThread]: Wrote artifact SemanticManifest to /home/norman/NTU-Project-Data-Science-AI_Norman/NTU-Project-Data-Science-AI/TA_undervalue_stock/target/semantic_manifest.json
[0m18:15:47.126514 [debug] [MainThread]: Sending event: {'category': 'dbt', 'action': 'resource_counts', 'label': 'ddfce13a-8e38-440a-95ba-5d5bb20267e2', 'context': [<snowplow_tracker.self_describing_json.SelfDescribingJson object at 0x714375cd5c00>]}
[0m18:15:47.127248 [info ] [MainThread]: Found 3 models, 29 data tests, 4 sources, 493 macros
[0m18:15:47.127972 [debug] [MainThread]: Sending event: {'category': 'dbt', 'action': 'runnable_timing', 'label': 'ddfce13a-8e38-440a-95ba-5d5bb20267e2', 'context': [<snowplow_tracker.self_describing_json.SelfDescribingJson object at 0x714375cd59c0>]}
[0m18:15:47.129850 [info ] [MainThread]: 
[0m18:15:47.130290 [info ] [MainThread]: Concurrency: 1 threads (target='dev')
[0m18:15:47.130708 [info ] [MainThread]: 
[0m18:15:47.131217 [debug] [MainThread]: Acquiring new bigquery connection 'master'
[0m18:15:47.132445 [debug] [ThreadPool]: Acquiring new bigquery connection 'list_deft-beacon-354008'
[0m18:15:47.133027 [debug] [ThreadPool]: Opening a new connection, currently in state init
[0m18:15:48.316823 [debug] [ThreadPool]: Re-using an available connection from the pool (formerly list_deft-beacon-354008, now list_deft-beacon-354008_stock_analysis)
[0m18:15:48.317586 [debug] [ThreadPool]: Opening a new connection, currently in state closed
[0m18:15:48.658445 [debug] [MainThread]: Sending event: {'category': 'dbt', 'action': 'runnable_timing', 'label': 'ddfce13a-8e38-440a-95ba-5d5bb20267e2', 'context': [<snowplow_tracker.self_describing_json.SelfDescribingJson object at 0x7143762d6110>]}
[0m18:15:48.658947 [debug] [MainThread]: Opening a new connection, currently in state init
[0m18:15:48.661681 [debug] [Thread-1 (]: Began running node model.stock_analysis.fact_security
[0m18:15:48.662229 [info ] [Thread-1 (]: 1 of 1 START sql table model stock_analysis.fact_security ...................... [RUN]
[0m18:15:48.662695 [debug] [Thread-1 (]: Re-using an available connection from the pool (formerly list_deft-beacon-354008_stock_analysis, now model.stock_analysis.fact_security)
[0m18:15:48.663005 [debug] [Thread-1 (]: Began compiling node model.stock_analysis.fact_security
[0m18:15:48.670665 [debug] [Thread-1 (]: Writing injected SQL for node "model.stock_analysis.fact_security"
[0m18:15:48.671452 [debug] [Thread-1 (]: Began executing node model.stock_analysis.fact_security
[0m18:15:48.840924 [debug] [Thread-1 (]: Opening a new connection, currently in state closed
[0m18:15:49.220828 [debug] [Thread-1 (]: Writing runtime sql for node "model.stock_analysis.fact_security"
[0m18:15:49.221636 [debug] [Thread-1 (]: On model.stock_analysis.fact_security: /* {"app": "dbt", "dbt_version": "1.9.8", "profile_name": "stock_analysis", "target_name": "dev", "node_id": "model.stock_analysis.fact_security"} */

  
    

    create or replace table `deft-beacon-354008`.`stock_analysis`.`fact_security`
      
    
    

    OPTIONS()
    as (
      

WITH dup_data AS (
SELECT
  t.ticker_symbol,
  DATE(t.date) AS date,
  t.close_price,
  t.high_price,
  t.low_price,
  t.open_price,
  t.stock_splits,
  t.dividend,
  t.volume_traded,
  f.GDP_growth_rate,
  f.UMCSENT,
  f.inflation_rate,
  f.interest_rate,
  f.unemployment_rate,
  f.industrial_production,
  f.ten_yr_treasury,
  i.forward_eps,
  i.forward_pe,
  i.market_cap,
  i.trailing_eps,
  i.trailing_pe,
  ta.ema_50,
  ta.rsi_14,
  ta.sma_50
FROM `deft-beacon-354008`.`stock_analysis`.`combined_tickers` t
LEFT JOIN `deft-beacon-354008`.`stock_analysis`.`fred` f
  ON DATE(t.date) = DATE(f.date)
LEFT JOIN `deft-beacon-354008`.`stock_analysis`.`stock_info` i
  ON t.ticker_symbol = i.ticker_symbol AND DATE(t.date) BETWEEN '2025-04-01' AND '2025-06-30'
LEFT JOIN `deft-beacon-354008`.`stock_analysis`.`techincal_indicator` ta
  ON DATE(t.date) = DATE(ta.date) and t.ticker_symbol = ta.ticker_symbol
)
SELECT 
  ticker_symbol,
  date,
  ANY_VALUE(close_price) AS close_price,
  ANY_VALUE(high_price) AS high_price,
  ANY_VALUE(low_price) AS low_price,
  ANY_VALUE(open_price) AS open_price,
  ANY_VALUE(stock_splits) AS stock_splits,
  ANY_VALUE(dividend) AS dividend,
  ANY_VALUE(volume_traded) AS volume_traded,
  ANY_VALUE(GDP_growth_rate) AS GDP_growth_rate,
  ANY_VALUE(UMCSENT) AS UMCSENT,
  ANY_VALUE(inflation_rate) AS inflation_rate,
  ANY_VALUE(interest_rate) AS interest_rate,
  ANY_VALUE(unemployment_rate) AS unemployment_rate,
  ANY_VALUE(ten_yr_treasury) AS ten_yr_treasury,
  ANY_VALUE(industrial_production) AS industrial_production,
  ANY_VALUE(forward_eps) AS forward_eps,
  ANY_VALUE(forward_pe) AS forward_pe,
  ANY_VALUE(market_cap) AS market_cap,
  ANY_VALUE(trailing_eps) AS trailing_eps,
  ANY_VALUE(trailing_pe) AS trailing_pe,
  ANY_VALUE(ema_50) AS ema_50,
  ANY_VALUE(rsi_14) AS rsi_14,
  ANY_VALUE(sma_50) AS sma_50
FROM dup_data 
GROUP BY ticker_symbol, date
    );
  
[0m18:15:49.697876 [debug] [Thread-1 (]: BigQuery adapter: https://console.cloud.google.com/bigquery?project=deft-beacon-354008&j=bq:US:0020425c-af02-4ed7-b9c9-d69250609004&page=queryresults
[0m18:15:52.715989 [debug] [Thread-1 (]: Sending event: {'category': 'dbt', 'action': 'run_model', 'label': 'ddfce13a-8e38-440a-95ba-5d5bb20267e2', 'context': [<snowplow_tracker.self_describing_json.SelfDescribingJson object at 0x7143a9989930>]}
[0m18:15:52.717274 [info ] [Thread-1 (]: 1 of 1 OK created sql table model stock_analysis.fact_security ................. [[32mCREATE TABLE (13.6k rows, 3.5 MiB processed)[0m in 4.05s]
[0m18:15:52.718100 [debug] [Thread-1 (]: Finished running node model.stock_analysis.fact_security
[0m18:15:52.721168 [debug] [MainThread]: Opening a new connection, currently in state closed
[0m18:15:52.722453 [debug] [MainThread]: Connection 'master' was properly closed.
[0m18:15:52.722737 [debug] [MainThread]: Connection 'model.stock_analysis.fact_security' was properly closed.
[0m18:15:52.723026 [info ] [MainThread]: 
[0m18:15:52.723295 [info ] [MainThread]: Finished running 1 table model in 0 hours 0 minutes and 5.59 seconds (5.59s).
[0m18:15:52.723876 [debug] [MainThread]: Command end result
[0m18:15:52.747546 [debug] [MainThread]: Wrote artifact WritableManifest to /home/norman/NTU-Project-Data-Science-AI_Norman/NTU-Project-Data-Science-AI/TA_undervalue_stock/target/manifest.json
[0m18:15:52.749074 [debug] [MainThread]: Wrote artifact SemanticManifest to /home/norman/NTU-Project-Data-Science-AI_Norman/NTU-Project-Data-Science-AI/TA_undervalue_stock/target/semantic_manifest.json
[0m18:15:52.754039 [debug] [MainThread]: Wrote artifact RunExecutionResult to /home/norman/NTU-Project-Data-Science-AI_Norman/NTU-Project-Data-Science-AI/TA_undervalue_stock/target/run_results.json
[0m18:15:52.754646 [info ] [MainThread]: 
[0m18:15:52.755053 [info ] [MainThread]: [32mCompleted successfully[0m
[0m18:15:52.755379 [info ] [MainThread]: 
[0m18:15:52.755886 [info ] [MainThread]: Done. PASS=1 WARN=0 ERROR=0 SKIP=0 TOTAL=1
[0m18:15:52.756816 [debug] [MainThread]: Resource report: {"command_name": "run", "command_success": true, "command_wall_clock_time": 7.7947245, "process_in_blocks": "0", "process_kernel_time": 0.223874, "process_mem_max_rss": "357912", "process_out_blocks": "2456", "process_user_time": 4.330947}
[0m18:15:52.757200 [debug] [MainThread]: Command `dbt run` succeeded at 18:15:52.757113 after 7.80 seconds
[0m18:15:52.757774 [debug] [MainThread]: Sending event: {'category': 'dbt', 'action': 'invocation', 'label': 'end', 'context': [<snowplow_tracker.self_describing_json.SelfDescribingJson object at 0x7143aa7c4a00>, <snowplow_tracker.self_describing_json.SelfDescribingJson object at 0x7143aa7fbbe0>, <snowplow_tracker.self_describing_json.SelfDescribingJson object at 0x714375d9b8e0>]}
[0m18:15:52.758158 [debug] [MainThread]: Flushing usage events
[0m18:15:53.773712 [debug] [MainThread]: An error was encountered while trying to flush usage events
[0m21:51:22.921550 [debug] [MainThread]: Sending event: {'category': 'dbt', 'action': 'invocation', 'label': 'start', 'context': [<snowplow_tracker.self_describing_json.SelfDescribingJson object at 0x78e1194bc9a0>, <snowplow_tracker.self_describing_json.SelfDescribingJson object at 0x78e118635c90>, <snowplow_tracker.self_describing_json.SelfDescribingJson object at 0x78e118635c30>]}


============================== 21:51:22.924762 | 0532fda4-6975-4a71-95f6-e4f759c0ab94 ==============================
[0m21:51:22.924762 [info ] [MainThread]: Running with dbt=1.9.8
[0m21:51:22.925316 [debug] [MainThread]: running dbt with arguments {'printer_width': '80', 'indirect_selection': 'eager', 'write_json': 'True', 'log_cache_events': 'False', 'partial_parse': 'True', 'cache_selected_only': 'False', 'profiles_dir': '/home/norman/NTU-Project-Data-Science-AI_Norman/NTU-Project-Data-Science-AI/TA_undervalue_stock', 'version_check': 'True', 'warn_error': 'None', 'log_path': '/home/norman/NTU-Project-Data-Science-AI_Norman/NTU-Project-Data-Science-AI/TA_undervalue_stock/logs', 'fail_fast': 'False', 'debug': 'False', 'use_colors': 'True', 'use_experimental_parser': 'False', 'no_print': 'None', 'quiet': 'False', 'empty': 'None', 'log_format': 'default', 'static_parser': 'True', 'introspect': 'True', 'warn_error_options': 'WarnErrorOptions(include=[], exclude=[])', 'target_path': 'None', 'invocation_command': 'dbt debug', 'send_anonymous_usage_stats': 'True'}
[0m21:51:22.940113 [info ] [MainThread]: dbt version: 1.9.8
[0m21:51:22.940496 [info ] [MainThread]: python version: 3.10.18
[0m21:51:22.940757 [info ] [MainThread]: python path: /home/norman/miniconda3/envs/meltano_env/bin/python3.10
[0m21:51:22.940988 [info ] [MainThread]: os info: Linux-6.6.87.2-microsoft-standard-WSL2-x86_64-with-glibc2.39
[0m21:51:25.416907 [info ] [MainThread]: Using profiles dir at /home/norman/NTU-Project-Data-Science-AI_Norman/NTU-Project-Data-Science-AI/TA_undervalue_stock
[0m21:51:25.417432 [info ] [MainThread]: Using profiles.yml file at /home/norman/NTU-Project-Data-Science-AI_Norman/NTU-Project-Data-Science-AI/TA_undervalue_stock/profiles.yml
[0m21:51:25.417748 [info ] [MainThread]: Using dbt_project.yml file at /home/norman/NTU-Project-Data-Science-AI_Norman/NTU-Project-Data-Science-AI/TA_undervalue_stock/dbt_project.yml
[0m21:51:25.417987 [info ] [MainThread]: adapter type: bigquery
[0m21:51:25.418207 [info ] [MainThread]: adapter version: 1.9.2
[0m21:51:25.492078 [info ] [MainThread]: Configuration:
[0m21:51:25.492527 [info ] [MainThread]:   profiles.yml file [[32mOK found and valid[0m]
[0m21:51:25.492840 [info ] [MainThread]:   dbt_project.yml file [[32mOK found and valid[0m]
[0m21:51:25.493100 [info ] [MainThread]: Required dependencies:
[0m21:51:25.493486 [debug] [MainThread]: Executing "git --help"
[0m21:51:25.505365 [debug] [MainThread]: STDOUT: "b"usage: git [-v | --version] [-h | --help] [-C <path>] [-c <name>=<value>]\n           [--exec-path[=<path>]] [--html-path] [--man-path] [--info-path]\n           [-p | --paginate | -P | --no-pager] [--no-replace-objects] [--no-lazy-fetch]\n           [--no-optional-locks] [--no-advice] [--bare] [--git-dir=<path>]\n           [--work-tree=<path>] [--namespace=<name>] [--config-env=<name>=<envvar>]\n           <command> [<args>]\n\nThese are common Git commands used in various situations:\n\nstart a working area (see also: git help tutorial)\n   clone      Clone a repository into a new directory\n   init       Create an empty Git repository or reinitialize an existing one\n\nwork on the current change (see also: git help everyday)\n   add        Add file contents to the index\n   mv         Move or rename a file, a directory, or a symlink\n   restore    Restore working tree files\n   rm         Remove files from the working tree and from the index\n\nexamine the history and state (see also: git help revisions)\n   bisect     Use binary search to find the commit that introduced a bug\n   diff       Show changes between commits, commit and working tree, etc\n   grep       Print lines matching a pattern\n   log        Show commit logs\n   show       Show various types of objects\n   status     Show the working tree status\n\ngrow, mark and tweak your common history\n   backfill   Download missing objects in a partial clone\n   branch     List, create, or delete branches\n   commit     Record changes to the repository\n   merge      Join two or more development histories together\n   rebase     Reapply commits on top of another base tip\n   reset      Reset current HEAD to the specified state\n   switch     Switch branches\n   tag        Create, list, delete or verify a tag object signed with GPG\n\ncollaborate (see also: git help workflows)\n   fetch      Download objects and refs from another repository\n   pull       Fetch from and integrate with another repository or a local branch\n   push       Update remote refs along with associated objects\n\n'git help -a' and 'git help -g' list available subcommands and some\nconcept guides. See 'git help <command>' or 'git help <concept>'\nto read about a specific subcommand or concept.\nSee 'git help git' for an overview of the system.\n""
[0m21:51:25.505866 [debug] [MainThread]: STDERR: "b''"
[0m21:51:25.506135 [info ] [MainThread]:  - git [[32mOK found[0m]

[0m21:51:25.506381 [info ] [MainThread]: Connection:
[0m21:51:25.506609 [info ] [MainThread]:   method: oauth
[0m21:51:25.506828 [info ] [MainThread]:   database: deft-beacon-354008
[0m21:51:25.507050 [info ] [MainThread]:   execution_project: deft-beacon-354008
[0m21:51:25.507248 [info ] [MainThread]:   schema: stock_analysis
[0m21:51:25.507430 [info ] [MainThread]:   location: US
[0m21:51:25.507617 [info ] [MainThread]:   priority: interactive
[0m21:51:25.507799 [info ] [MainThread]:   maximum_bytes_billed: None
[0m21:51:25.507982 [info ] [MainThread]:   impersonate_service_account: None
[0m21:51:25.508172 [info ] [MainThread]:   job_retry_deadline_seconds: None
[0m21:51:25.508372 [info ] [MainThread]:   job_retries: 2
[0m21:51:25.508584 [info ] [MainThread]:   job_creation_timeout_seconds: None
[0m21:51:25.508796 [info ] [MainThread]:   job_execution_timeout_seconds: None
[0m21:51:25.508996 [info ] [MainThread]:   timeout_seconds: None
[0m21:51:25.509178 [info ] [MainThread]:   client_id: None
[0m21:51:25.509371 [info ] [MainThread]:   token_uri: None
[0m21:51:25.509543 [info ] [MainThread]:   compute_region: None
[0m21:51:25.509727 [info ] [MainThread]:   dataproc_cluster_name: None
[0m21:51:25.509917 [info ] [MainThread]:   gcs_bucket: None
[0m21:51:25.510099 [info ] [MainThread]:   dataproc_batch: None
[0m21:51:25.510442 [info ] [MainThread]: Registered adapter: bigquery=1.9.2
[0m21:51:25.643368 [debug] [MainThread]: Acquiring new bigquery connection 'debug'
[0m21:51:25.643824 [debug] [MainThread]: On debug: select 1 as id
[0m21:51:25.644146 [debug] [MainThread]: Opening a new connection, currently in state init
[0m21:51:28.944321 [debug] [MainThread]: BigQuery adapter: https://console.cloud.google.com/bigquery?project=deft-beacon-354008&j=bq:US:cc2af1fe-6da4-4bcb-8026-b73748649cdc&page=queryresults
[0m21:51:29.613095 [info ] [MainThread]:   Connection test: [[32mOK connection ok[0m]

[0m21:51:29.614195 [info ] [MainThread]: [32mAll checks passed![0m
[0m21:51:29.620022 [debug] [MainThread]: Resource report: {"command_name": "debug", "command_success": true, "command_wall_clock_time": 6.7376375, "process_in_blocks": "238024", "process_kernel_time": 0.553694, "process_mem_max_rss": "349600", "process_out_blocks": "24", "process_user_time": 3.82628}
[0m21:51:29.620504 [debug] [MainThread]: Command `dbt debug` succeeded at 21:51:29.620404 after 6.74 seconds
[0m21:51:29.620784 [debug] [MainThread]: Connection 'debug' was properly closed.
[0m21:51:29.621087 [debug] [MainThread]: Sending event: {'category': 'dbt', 'action': 'invocation', 'label': 'end', 'context': [<snowplow_tracker.self_describing_json.SelfDescribingJson object at 0x78e1194bc9a0>, <snowplow_tracker.self_describing_json.SelfDescribingJson object at 0x78e11889e9e0>, <snowplow_tracker.self_describing_json.SelfDescribingJson object at 0x78e1186142b0>]}
[0m21:51:29.621421 [debug] [MainThread]: Flushing usage events
[0m21:51:30.759824 [debug] [MainThread]: An error was encountered while trying to flush usage events
[0m21:52:37.642869 [debug] [MainThread]: Sending event: {'category': 'dbt', 'action': 'invocation', 'label': 'start', 'context': [<snowplow_tracker.self_describing_json.SelfDescribingJson object at 0x7ded8d0c4a90>, <snowplow_tracker.self_describing_json.SelfDescribingJson object at 0x7ded8c27ded0>, <snowplow_tracker.self_describing_json.SelfDescribingJson object at 0x7ded8c27de70>]}


============================== 21:52:37.646984 | 2511b2aa-7ebb-4dd7-a500-536a73658cc7 ==============================
[0m21:52:37.646984 [info ] [MainThread]: Running with dbt=1.9.8
[0m21:52:37.647479 [debug] [MainThread]: running dbt with arguments {'printer_width': '80', 'indirect_selection': 'eager', 'write_json': 'True', 'log_cache_events': 'False', 'partial_parse': 'True', 'cache_selected_only': 'False', 'warn_error': 'None', 'debug': 'False', 'fail_fast': 'False', 'log_path': '/home/norman/NTU-Project-Data-Science-AI_Norman/NTU-Project-Data-Science-AI/TA_undervalue_stock/logs', 'version_check': 'True', 'profiles_dir': '/home/norman/NTU-Project-Data-Science-AI_Norman/NTU-Project-Data-Science-AI/TA_undervalue_stock', 'use_colors': 'True', 'use_experimental_parser': 'False', 'no_print': 'None', 'quiet': 'False', 'empty': 'False', 'log_format': 'default', 'introspect': 'True', 'warn_error_options': 'WarnErrorOptions(include=[], exclude=[])', 'static_parser': 'True', 'target_path': 'None', 'invocation_command': 'dbt run --select fact_security', 'send_anonymous_usage_stats': 'True'}
[0m21:52:40.409921 [debug] [MainThread]: Sending event: {'category': 'dbt', 'action': 'project_id', 'label': '2511b2aa-7ebb-4dd7-a500-536a73658cc7', 'context': [<snowplow_tracker.self_describing_json.SelfDescribingJson object at 0x7ded8c27e830>]}
[0m21:52:40.452410 [debug] [MainThread]: Sending event: {'category': 'dbt', 'action': 'adapter_info', 'label': '2511b2aa-7ebb-4dd7-a500-536a73658cc7', 'context': [<snowplow_tracker.self_describing_json.SelfDescribingJson object at 0x7ded8c27df60>]}
[0m21:52:40.453003 [info ] [MainThread]: Registered adapter: bigquery=1.9.2
[0m21:52:40.585794 [debug] [MainThread]: checksum: 2898e47e730fa32147e5ae95c02f42c1d51b8fd2b81922b9b731f0208caf4dff, vars: {}, profile: , target: , version: 1.9.8
[0m21:52:40.766916 [debug] [MainThread]: Partial parsing enabled: 0 files deleted, 0 files added, 0 files changed.
[0m21:52:40.767314 [debug] [MainThread]: Partial parsing enabled, no changes found, skipping parsing
[0m21:52:40.804719 [debug] [MainThread]: Sending event: {'category': 'dbt', 'action': 'load_project', 'label': '2511b2aa-7ebb-4dd7-a500-536a73658cc7', 'context': [<snowplow_tracker.self_describing_json.SelfDescribingJson object at 0x7ded583fcd90>]}
[0m21:52:40.873977 [debug] [MainThread]: Wrote artifact WritableManifest to /home/norman/NTU-Project-Data-Science-AI_Norman/NTU-Project-Data-Science-AI/TA_undervalue_stock/target/manifest.json
[0m21:52:40.876582 [debug] [MainThread]: Wrote artifact SemanticManifest to /home/norman/NTU-Project-Data-Science-AI_Norman/NTU-Project-Data-Science-AI/TA_undervalue_stock/target/semantic_manifest.json
[0m21:52:40.894783 [debug] [MainThread]: Sending event: {'category': 'dbt', 'action': 'resource_counts', 'label': '2511b2aa-7ebb-4dd7-a500-536a73658cc7', 'context': [<snowplow_tracker.self_describing_json.SelfDescribingJson object at 0x7ded583fcf70>]}
[0m21:52:40.895260 [info ] [MainThread]: Found 3 models, 29 data tests, 4 sources, 493 macros
[0m21:52:40.895582 [debug] [MainThread]: Sending event: {'category': 'dbt', 'action': 'runnable_timing', 'label': '2511b2aa-7ebb-4dd7-a500-536a73658cc7', 'context': [<snowplow_tracker.self_describing_json.SelfDescribingJson object at 0x7ded5865dc60>]}
[0m21:52:40.896838 [info ] [MainThread]: 
[0m21:52:40.897212 [info ] [MainThread]: Concurrency: 1 threads (target='dev')
[0m21:52:40.897458 [info ] [MainThread]: 
[0m21:52:40.897890 [debug] [MainThread]: Acquiring new bigquery connection 'master'
[0m21:52:40.899049 [debug] [ThreadPool]: Acquiring new bigquery connection 'list_deft-beacon-354008'
[0m21:52:40.899425 [debug] [ThreadPool]: Opening a new connection, currently in state init
[0m21:52:43.740537 [debug] [ThreadPool]: Re-using an available connection from the pool (formerly list_deft-beacon-354008, now list_deft-beacon-354008_stock_analysis)
[0m21:52:43.741357 [debug] [ThreadPool]: Opening a new connection, currently in state closed
[0m21:52:44.147305 [debug] [MainThread]: Sending event: {'category': 'dbt', 'action': 'runnable_timing', 'label': '2511b2aa-7ebb-4dd7-a500-536a73658cc7', 'context': [<snowplow_tracker.self_describing_json.SelfDescribingJson object at 0x7ded58bedf60>]}
[0m21:52:44.148957 [debug] [MainThread]: Opening a new connection, currently in state init
[0m21:52:44.174738 [debug] [Thread-1 (]: Began running node model.stock_analysis.fact_security
[0m21:52:44.175870 [info ] [Thread-1 (]: 1 of 1 START sql table model stock_analysis.fact_security ...................... [RUN]
[0m21:52:44.176450 [debug] [Thread-1 (]: Re-using an available connection from the pool (formerly list_deft-beacon-354008_stock_analysis, now model.stock_analysis.fact_security)
[0m21:52:44.176792 [debug] [Thread-1 (]: Began compiling node model.stock_analysis.fact_security
[0m21:52:44.186392 [debug] [Thread-1 (]: Writing injected SQL for node "model.stock_analysis.fact_security"
[0m21:52:44.187160 [debug] [Thread-1 (]: Began executing node model.stock_analysis.fact_security
[0m21:52:44.332243 [debug] [Thread-1 (]: Opening a new connection, currently in state closed
[0m21:52:44.731815 [debug] [Thread-1 (]: Writing runtime sql for node "model.stock_analysis.fact_security"
[0m21:52:44.732540 [debug] [Thread-1 (]: On model.stock_analysis.fact_security: /* {"app": "dbt", "dbt_version": "1.9.8", "profile_name": "stock_analysis", "target_name": "dev", "node_id": "model.stock_analysis.fact_security"} */

  
    

    create or replace table `deft-beacon-354008`.`stock_analysis`.`fact_security`
      
    
    

    OPTIONS()
    as (
      

WITH dup_data AS (
SELECT
  t.ticker_symbol,
  DATE(t.date) AS date,
  t.close_price,
  t.high_price,
  t.low_price,
  t.open_price,
  t.stock_splits,
  t.dividend,
  t.volume_traded,
  f.GDP_growth_rate,
  f.UMCSENT,
  f.inflation_rate,
  f.interest_rate,
  f.unemployment_rate,
  f.industrial_production,
  f.ten_yr_treasury,
  i.forward_eps,
  i.forward_pe,
  i.market_cap,
  i.trailing_eps,
  i.trailing_pe,
  ta.ema_50,
  ta.rsi_14,
  ta.sma_50
FROM `deft-beacon-354008`.`stock_analysis`.`combined_tickers` t
LEFT JOIN `deft-beacon-354008`.`stock_analysis`.`fred` f
  ON DATE(t.date) = DATE(f.date)
LEFT JOIN `deft-beacon-354008`.`stock_analysis`.`stock_info` i
  ON t.ticker_symbol = i.ticker_symbol AND DATE(t.date) BETWEEN '2025-04-01' AND '2025-06-30'
LEFT JOIN `deft-beacon-354008`.`stock_analysis`.`techincal_indicator` ta
  ON DATE(t.date) = DATE(ta.date) and t.ticker_symbol = ta.ticker_symbol
)
SELECT 
  ticker_symbol,
  date,
  ANY_VALUE(close_price) AS close_price,
  ANY_VALUE(high_price) AS high_price,
  ANY_VALUE(low_price) AS low_price,
  ANY_VALUE(open_price) AS open_price,
  ANY_VALUE(stock_splits) AS stock_splits,
  ANY_VALUE(dividend) AS dividend,
  ANY_VALUE(volume_traded) AS volume_traded,
  ANY_VALUE(GDP_growth_rate) AS GDP_growth_rate,
  ANY_VALUE(UMCSENT) AS UMCSENT,
  ANY_VALUE(inflation_rate) AS inflation_rate,
  ANY_VALUE(interest_rate) AS interest_rate,
  ANY_VALUE(unemployment_rate) AS unemployment_rate,
  ANY_VALUE(ten_yr_treasury) AS ten_yr_treasury,
  ANY_VALUE(industrial_production) AS industrial_production,
  ANY_VALUE(forward_eps) AS forward_eps,
  ANY_VALUE(forward_pe) AS forward_pe,
  ANY_VALUE(market_cap) AS market_cap,
  ANY_VALUE(trailing_eps) AS trailing_eps,
  ANY_VALUE(trailing_pe) AS trailing_pe,
  ANY_VALUE(ema_50) AS ema_50,
  ANY_VALUE(rsi_14) AS rsi_14,
  ANY_VALUE(sma_50) AS sma_50
FROM dup_data 
GROUP BY ticker_symbol, date
    );
  
[0m21:52:45.329400 [debug] [Thread-1 (]: BigQuery adapter: https://console.cloud.google.com/bigquery?project=deft-beacon-354008&j=bq:US:15fe23b9-9f18-410a-9a1d-dfcbadf8e278&page=queryresults
[0m21:52:47.964206 [debug] [Thread-1 (]: Sending event: {'category': 'dbt', 'action': 'run_model', 'label': '2511b2aa-7ebb-4dd7-a500-536a73658cc7', 'context': [<snowplow_tracker.self_describing_json.SelfDescribingJson object at 0x7ded8c2888e0>]}
[0m21:52:47.964868 [info ] [Thread-1 (]: 1 of 1 OK created sql table model stock_analysis.fact_security ................. [[32mCREATE TABLE (13.6k rows, 3.5 MiB processed)[0m in 3.78s]
[0m21:52:47.965479 [debug] [Thread-1 (]: Finished running node model.stock_analysis.fact_security
[0m21:52:47.967701 [debug] [MainThread]: Opening a new connection, currently in state closed
[0m21:52:47.968449 [debug] [MainThread]: Connection 'master' was properly closed.
[0m21:52:47.968774 [debug] [MainThread]: Connection 'model.stock_analysis.fact_security' was properly closed.
[0m21:52:47.969149 [info ] [MainThread]: 
[0m21:52:47.969456 [info ] [MainThread]: Finished running 1 table model in 0 hours 0 minutes and 7.07 seconds (7.07s).
[0m21:52:47.970007 [debug] [MainThread]: Command end result
[0m21:52:47.994785 [debug] [MainThread]: Wrote artifact WritableManifest to /home/norman/NTU-Project-Data-Science-AI_Norman/NTU-Project-Data-Science-AI/TA_undervalue_stock/target/manifest.json
[0m21:52:47.997951 [debug] [MainThread]: Wrote artifact SemanticManifest to /home/norman/NTU-Project-Data-Science-AI_Norman/NTU-Project-Data-Science-AI/TA_undervalue_stock/target/semantic_manifest.json
[0m21:52:48.003022 [debug] [MainThread]: Wrote artifact RunExecutionResult to /home/norman/NTU-Project-Data-Science-AI_Norman/NTU-Project-Data-Science-AI/TA_undervalue_stock/target/run_results.json
[0m21:52:48.003413 [info ] [MainThread]: 
[0m21:52:48.003806 [info ] [MainThread]: [32mCompleted successfully[0m
[0m21:52:48.004086 [info ] [MainThread]: 
[0m21:52:48.004959 [info ] [MainThread]: Done. PASS=1 WARN=0 ERROR=0 SKIP=0 TOTAL=1
[0m21:52:48.007730 [debug] [MainThread]: Resource report: {"command_name": "run", "command_success": true, "command_wall_clock_time": 10.407177, "process_in_blocks": "219512", "process_kernel_time": 0.555542, "process_mem_max_rss": "356764", "process_out_blocks": "2456", "process_user_time": 4.507465}
[0m21:52:48.008359 [debug] [MainThread]: Command `dbt run` succeeded at 21:52:48.008262 after 10.41 seconds
[0m21:52:48.008765 [debug] [MainThread]: Sending event: {'category': 'dbt', 'action': 'invocation', 'label': 'end', 'context': [<snowplow_tracker.self_describing_json.SelfDescribingJson object at 0x7ded8d0c4a90>, <snowplow_tracker.self_describing_json.SelfDescribingJson object at 0x7ded8c27df60>, <snowplow_tracker.self_describing_json.SelfDescribingJson object at 0x7ded8cf69000>]}
[0m21:52:48.009083 [debug] [MainThread]: Flushing usage events
[0m21:52:49.184612 [debug] [MainThread]: An error was encountered while trying to flush usage events
[0m21:53:13.561826 [debug] [MainThread]: Sending event: {'category': 'dbt', 'action': 'invocation', 'label': 'start', 'context': [<snowplow_tracker.self_describing_json.SelfDescribingJson object at 0x7a11a72bca60>, <snowplow_tracker.self_describing_json.SelfDescribingJson object at 0x7a11a6471f00>, <snowplow_tracker.self_describing_json.SelfDescribingJson object at 0x7a11a6471ea0>]}


============================== 21:53:13.569288 | c60a0d47-88d3-4e1f-8f1b-709d18ee00fa ==============================
[0m21:53:13.569288 [info ] [MainThread]: Running with dbt=1.9.8
[0m21:53:13.570547 [debug] [MainThread]: running dbt with arguments {'printer_width': '80', 'indirect_selection': 'eager', 'log_cache_events': 'False', 'write_json': 'True', 'partial_parse': 'True', 'cache_selected_only': 'False', 'profiles_dir': '/home/norman/NTU-Project-Data-Science-AI_Norman/NTU-Project-Data-Science-AI/TA_undervalue_stock', 'version_check': 'True', 'debug': 'False', 'log_path': '/home/norman/NTU-Project-Data-Science-AI_Norman/NTU-Project-Data-Science-AI/TA_undervalue_stock/logs', 'warn_error': 'None', 'fail_fast': 'False', 'use_colors': 'True', 'use_experimental_parser': 'False', 'no_print': 'None', 'quiet': 'False', 'empty': 'False', 'log_format': 'default', 'static_parser': 'True', 'introspect': 'True', 'invocation_command': 'dbt run --select fact_security', 'target_path': 'None', 'warn_error_options': 'WarnErrorOptions(include=[], exclude=[])', 'send_anonymous_usage_stats': 'True'}
[0m21:53:15.313234 [debug] [MainThread]: Sending event: {'category': 'dbt', 'action': 'project_id', 'label': 'c60a0d47-88d3-4e1f-8f1b-709d18ee00fa', 'context': [<snowplow_tracker.self_describing_json.SelfDescribingJson object at 0x7a11a6444100>]}
[0m21:53:15.360190 [debug] [MainThread]: Sending event: {'category': 'dbt', 'action': 'adapter_info', 'label': 'c60a0d47-88d3-4e1f-8f1b-709d18ee00fa', 'context': [<snowplow_tracker.self_describing_json.SelfDescribingJson object at 0x7a11a6471ff0>]}
[0m21:53:15.361227 [info ] [MainThread]: Registered adapter: bigquery=1.9.2
[0m21:53:15.482550 [debug] [MainThread]: checksum: 2898e47e730fa32147e5ae95c02f42c1d51b8fd2b81922b9b731f0208caf4dff, vars: {}, profile: , target: , version: 1.9.8
[0m21:53:15.569520 [debug] [MainThread]: Partial parsing enabled: 0 files deleted, 0 files added, 0 files changed.
[0m21:53:15.569907 [debug] [MainThread]: Partial parsing enabled, no changes found, skipping parsing
[0m21:53:15.605543 [debug] [MainThread]: Sending event: {'category': 'dbt', 'action': 'load_project', 'label': 'c60a0d47-88d3-4e1f-8f1b-709d18ee00fa', 'context': [<snowplow_tracker.self_describing_json.SelfDescribingJson object at 0x7a11728abe20>]}
[0m21:53:15.674027 [debug] [MainThread]: Wrote artifact WritableManifest to /home/norman/NTU-Project-Data-Science-AI_Norman/NTU-Project-Data-Science-AI/TA_undervalue_stock/target/manifest.json
[0m21:53:15.675647 [debug] [MainThread]: Wrote artifact SemanticManifest to /home/norman/NTU-Project-Data-Science-AI_Norman/NTU-Project-Data-Science-AI/TA_undervalue_stock/target/semantic_manifest.json
[0m21:53:15.684512 [debug] [MainThread]: Sending event: {'category': 'dbt', 'action': 'resource_counts', 'label': 'c60a0d47-88d3-4e1f-8f1b-709d18ee00fa', 'context': [<snowplow_tracker.self_describing_json.SelfDescribingJson object at 0x7a1172822170>]}
[0m21:53:15.684973 [info ] [MainThread]: Found 3 models, 29 data tests, 4 sources, 493 macros
[0m21:53:15.685289 [debug] [MainThread]: Sending event: {'category': 'dbt', 'action': 'runnable_timing', 'label': 'c60a0d47-88d3-4e1f-8f1b-709d18ee00fa', 'context': [<snowplow_tracker.self_describing_json.SelfDescribingJson object at 0x7a11728aa140>]}
[0m21:53:15.686419 [info ] [MainThread]: 
[0m21:53:15.686829 [info ] [MainThread]: Concurrency: 1 threads (target='dev')
[0m21:53:15.687106 [info ] [MainThread]: 
[0m21:53:15.687660 [debug] [MainThread]: Acquiring new bigquery connection 'master'
[0m21:53:15.688717 [debug] [ThreadPool]: Acquiring new bigquery connection 'list_deft-beacon-354008'
[0m21:53:15.689319 [debug] [ThreadPool]: Opening a new connection, currently in state init
[0m21:53:16.867028 [debug] [ThreadPool]: Re-using an available connection from the pool (formerly list_deft-beacon-354008, now list_deft-beacon-354008_stock_analysis)
[0m21:53:16.867714 [debug] [ThreadPool]: Opening a new connection, currently in state closed
[0m21:53:17.263795 [debug] [MainThread]: Sending event: {'category': 'dbt', 'action': 'runnable_timing', 'label': 'c60a0d47-88d3-4e1f-8f1b-709d18ee00fa', 'context': [<snowplow_tracker.self_describing_json.SelfDescribingJson object at 0x7a11a7ea9570>]}
[0m21:53:17.264447 [debug] [MainThread]: Opening a new connection, currently in state init
[0m21:53:17.267753 [debug] [Thread-1 (]: Began running node model.stock_analysis.fact_security
[0m21:53:17.268255 [info ] [Thread-1 (]: 1 of 1 START sql table model stock_analysis.fact_security ...................... [RUN]
[0m21:53:17.268693 [debug] [Thread-1 (]: Re-using an available connection from the pool (formerly list_deft-beacon-354008_stock_analysis, now model.stock_analysis.fact_security)
[0m21:53:17.268942 [debug] [Thread-1 (]: Began compiling node model.stock_analysis.fact_security
[0m21:53:17.276027 [debug] [Thread-1 (]: Writing injected SQL for node "model.stock_analysis.fact_security"
[0m21:53:17.276684 [debug] [Thread-1 (]: Began executing node model.stock_analysis.fact_security
[0m21:53:17.410988 [debug] [Thread-1 (]: Opening a new connection, currently in state closed
[0m21:53:17.798298 [debug] [Thread-1 (]: Writing runtime sql for node "model.stock_analysis.fact_security"
[0m21:53:17.799094 [debug] [Thread-1 (]: On model.stock_analysis.fact_security: /* {"app": "dbt", "dbt_version": "1.9.8", "profile_name": "stock_analysis", "target_name": "dev", "node_id": "model.stock_analysis.fact_security"} */

  
    

    create or replace table `deft-beacon-354008`.`stock_analysis`.`fact_security`
      
    
    

    OPTIONS()
    as (
      

WITH dup_data AS (
SELECT
  t.ticker_symbol,
  DATE(t.date) AS date,
  t.close_price,
  t.high_price,
  t.low_price,
  t.open_price,
  t.stock_splits,
  t.dividend,
  t.volume_traded,
  f.GDP_growth_rate,
  f.UMCSENT,
  f.inflation_rate,
  f.interest_rate,
  f.unemployment_rate,
  f.industrial_production,
  f.ten_yr_treasury,
  i.forward_eps,
  i.forward_pe,
  i.market_cap,
  i.trailing_eps,
  i.trailing_pe,
  ta.ema_50,
  ta.rsi_14,
  ta.sma_50
FROM `deft-beacon-354008`.`stock_analysis`.`combined_tickers` t
LEFT JOIN `deft-beacon-354008`.`stock_analysis`.`fred` f
  ON DATE(t.date) = DATE(f.date)
LEFT JOIN `deft-beacon-354008`.`stock_analysis`.`stock_info` i
  ON t.ticker_symbol = i.ticker_symbol AND DATE(t.date) BETWEEN '2025-04-01' AND '2025-06-30'
LEFT JOIN `deft-beacon-354008`.`stock_analysis`.`techincal_indicator` ta
  ON DATE(t.date) = DATE(ta.date) and t.ticker_symbol = ta.ticker_symbol
)
SELECT 
  ticker_symbol,
  date,
  ANY_VALUE(close_price) AS close_price,
  ANY_VALUE(high_price) AS high_price,
  ANY_VALUE(low_price) AS low_price,
  ANY_VALUE(open_price) AS open_price,
  ANY_VALUE(stock_splits) AS stock_splits,
  ANY_VALUE(dividend) AS dividend,
  ANY_VALUE(volume_traded) AS volume_traded,
  ANY_VALUE(GDP_growth_rate) AS GDP_growth_rate,
  ANY_VALUE(UMCSENT) AS UMCSENT,
  ANY_VALUE(inflation_rate) AS inflation_rate,
  ANY_VALUE(interest_rate) AS interest_rate,
  ANY_VALUE(unemployment_rate) AS unemployment_rate,
  ANY_VALUE(ten_yr_treasury) AS ten_yr_treasury,
  ANY_VALUE(industrial_production) AS industrial_production,
  ANY_VALUE(forward_eps) AS forward_eps,
  ANY_VALUE(forward_pe) AS forward_pe,
  ANY_VALUE(market_cap) AS market_cap,
  ANY_VALUE(trailing_eps) AS trailing_eps,
  ANY_VALUE(trailing_pe) AS trailing_pe,
  ANY_VALUE(ema_50) AS ema_50,
  ANY_VALUE(rsi_14) AS rsi_14,
  ANY_VALUE(sma_50) AS sma_50
FROM dup_data 
GROUP BY ticker_symbol, date
    );
  
[0m21:53:18.279548 [debug] [Thread-1 (]: BigQuery adapter: https://console.cloud.google.com/bigquery?project=deft-beacon-354008&j=bq:US:90196ed4-a95e-46c0-ac03-efc826e1557d&page=queryresults
[0m21:53:21.430135 [debug] [Thread-1 (]: Sending event: {'category': 'dbt', 'action': 'run_model', 'label': 'c60a0d47-88d3-4e1f-8f1b-709d18ee00fa', 'context': [<snowplow_tracker.self_describing_json.SelfDescribingJson object at 0x7a1177c729b0>]}
[0m21:53:21.430856 [info ] [Thread-1 (]: 1 of 1 OK created sql table model stock_analysis.fact_security ................. [[32mCREATE TABLE (13.6k rows, 3.5 MiB processed)[0m in 4.16s]
[0m21:53:21.431387 [debug] [Thread-1 (]: Finished running node model.stock_analysis.fact_security
[0m21:53:21.432808 [debug] [MainThread]: Opening a new connection, currently in state closed
[0m21:53:21.433530 [debug] [MainThread]: Connection 'master' was properly closed.
[0m21:53:21.433857 [debug] [MainThread]: Connection 'model.stock_analysis.fact_security' was properly closed.
[0m21:53:21.434112 [info ] [MainThread]: 
[0m21:53:21.434442 [info ] [MainThread]: Finished running 1 table model in 0 hours 0 minutes and 5.75 seconds (5.75s).
[0m21:53:21.434951 [debug] [MainThread]: Command end result
[0m21:53:21.455480 [debug] [MainThread]: Wrote artifact WritableManifest to /home/norman/NTU-Project-Data-Science-AI_Norman/NTU-Project-Data-Science-AI/TA_undervalue_stock/target/manifest.json
[0m21:53:21.457399 [debug] [MainThread]: Wrote artifact SemanticManifest to /home/norman/NTU-Project-Data-Science-AI_Norman/NTU-Project-Data-Science-AI/TA_undervalue_stock/target/semantic_manifest.json
[0m21:53:21.462395 [debug] [MainThread]: Wrote artifact RunExecutionResult to /home/norman/NTU-Project-Data-Science-AI_Norman/NTU-Project-Data-Science-AI/TA_undervalue_stock/target/run_results.json
[0m21:53:21.462810 [info ] [MainThread]: 
[0m21:53:21.463160 [info ] [MainThread]: [32mCompleted successfully[0m
[0m21:53:21.463578 [info ] [MainThread]: 
[0m21:53:21.464202 [info ] [MainThread]: Done. PASS=1 WARN=0 ERROR=0 SKIP=0 TOTAL=1
[0m21:53:21.465889 [debug] [MainThread]: Resource report: {"command_name": "run", "command_success": true, "command_wall_clock_time": 7.9842324, "process_in_blocks": "0", "process_kernel_time": 0.346766, "process_mem_max_rss": "357004", "process_out_blocks": "2448", "process_user_time": 4.234636}
[0m21:53:21.466252 [debug] [MainThread]: Command `dbt run` succeeded at 21:53:21.466171 after 7.98 seconds
[0m21:53:21.466541 [debug] [MainThread]: Sending event: {'category': 'dbt', 'action': 'invocation', 'label': 'end', 'context': [<snowplow_tracker.self_describing_json.SelfDescribingJson object at 0x7a11a72bca60>, <snowplow_tracker.self_describing_json.SelfDescribingJson object at 0x7a11a718beb0>, <snowplow_tracker.self_describing_json.SelfDescribingJson object at 0x7a1172893310>]}
[0m21:53:21.466814 [debug] [MainThread]: Flushing usage events
[0m21:53:22.490033 [debug] [MainThread]: An error was encountered while trying to flush usage events
[0m21:53:38.530532 [debug] [MainThread]: Sending event: {'category': 'dbt', 'action': 'invocation', 'label': 'start', 'context': [<snowplow_tracker.self_describing_json.SelfDescribingJson object at 0x7e4962ec0970>, <snowplow_tracker.self_describing_json.SelfDescribingJson object at 0x7e4962079de0>, <snowplow_tracker.self_describing_json.SelfDescribingJson object at 0x7e4962079d80>]}


============================== 21:53:38.532689 | fbb437f0-a20a-4652-826b-5d1d750091af ==============================
[0m21:53:38.532689 [info ] [MainThread]: Running with dbt=1.9.8
[0m21:53:38.533179 [debug] [MainThread]: running dbt with arguments {'printer_width': '80', 'indirect_selection': 'eager', 'write_json': 'True', 'log_cache_events': 'False', 'partial_parse': 'True', 'cache_selected_only': 'False', 'profiles_dir': '/home/norman/NTU-Project-Data-Science-AI_Norman/NTU-Project-Data-Science-AI/TA_undervalue_stock', 'debug': 'False', 'version_check': 'True', 'log_path': '/home/norman/NTU-Project-Data-Science-AI_Norman/NTU-Project-Data-Science-AI/TA_undervalue_stock/logs', 'fail_fast': 'False', 'warn_error': 'None', 'use_colors': 'True', 'use_experimental_parser': 'False', 'no_print': 'None', 'quiet': 'False', 'empty': 'False', 'warn_error_options': 'WarnErrorOptions(include=[], exclude=[])', 'introspect': 'True', 'static_parser': 'True', 'log_format': 'default', 'target_path': 'None', 'invocation_command': 'dbt run --select dim_date', 'send_anonymous_usage_stats': 'True'}
[0m21:53:40.380022 [debug] [MainThread]: Sending event: {'category': 'dbt', 'action': 'project_id', 'label': 'fbb437f0-a20a-4652-826b-5d1d750091af', 'context': [<snowplow_tracker.self_describing_json.SelfDescribingJson object at 0x7e49626e5390>]}
[0m21:53:40.426588 [debug] [MainThread]: Sending event: {'category': 'dbt', 'action': 'adapter_info', 'label': 'fbb437f0-a20a-4652-826b-5d1d750091af', 'context': [<snowplow_tracker.self_describing_json.SelfDescribingJson object at 0x7e49627272e0>]}
[0m21:53:40.427250 [info ] [MainThread]: Registered adapter: bigquery=1.9.2
[0m21:53:40.566996 [debug] [MainThread]: checksum: 2898e47e730fa32147e5ae95c02f42c1d51b8fd2b81922b9b731f0208caf4dff, vars: {}, profile: , target: , version: 1.9.8
[0m21:53:40.668034 [debug] [MainThread]: Partial parsing enabled: 0 files deleted, 0 files added, 0 files changed.
[0m21:53:40.668493 [debug] [MainThread]: Partial parsing enabled, no changes found, skipping parsing
[0m21:53:40.706695 [debug] [MainThread]: Sending event: {'category': 'dbt', 'action': 'load_project', 'label': 'fbb437f0-a20a-4652-826b-5d1d750091af', 'context': [<snowplow_tracker.self_describing_json.SelfDescribingJson object at 0x7e492e248cd0>]}
[0m21:53:40.780594 [debug] [MainThread]: Wrote artifact WritableManifest to /home/norman/NTU-Project-Data-Science-AI_Norman/NTU-Project-Data-Science-AI/TA_undervalue_stock/target/manifest.json
[0m21:53:40.782361 [debug] [MainThread]: Wrote artifact SemanticManifest to /home/norman/NTU-Project-Data-Science-AI_Norman/NTU-Project-Data-Science-AI/TA_undervalue_stock/target/semantic_manifest.json
[0m21:53:40.792275 [debug] [MainThread]: Sending event: {'category': 'dbt', 'action': 'resource_counts', 'label': 'fbb437f0-a20a-4652-826b-5d1d750091af', 'context': [<snowplow_tracker.self_describing_json.SelfDescribingJson object at 0x7e492e4ba050>]}
[0m21:53:40.792888 [info ] [MainThread]: Found 3 models, 29 data tests, 4 sources, 493 macros
[0m21:53:40.793236 [debug] [MainThread]: Sending event: {'category': 'dbt', 'action': 'runnable_timing', 'label': 'fbb437f0-a20a-4652-826b-5d1d750091af', 'context': [<snowplow_tracker.self_describing_json.SelfDescribingJson object at 0x7e492e4b9930>]}
[0m21:53:40.794468 [info ] [MainThread]: 
[0m21:53:40.794876 [info ] [MainThread]: Concurrency: 1 threads (target='dev')
[0m21:53:40.795149 [info ] [MainThread]: 
[0m21:53:40.795610 [debug] [MainThread]: Acquiring new bigquery connection 'master'
[0m21:53:40.797013 [debug] [ThreadPool]: Acquiring new bigquery connection 'list_deft-beacon-354008'
[0m21:53:40.797397 [debug] [ThreadPool]: Opening a new connection, currently in state init
[0m21:53:42.009525 [debug] [ThreadPool]: Re-using an available connection from the pool (formerly list_deft-beacon-354008, now list_deft-beacon-354008_stock_analysis)
[0m21:53:42.010815 [debug] [ThreadPool]: Opening a new connection, currently in state closed
[0m21:53:42.395819 [debug] [MainThread]: Sending event: {'category': 'dbt', 'action': 'runnable_timing', 'label': 'fbb437f0-a20a-4652-826b-5d1d750091af', 'context': [<snowplow_tracker.self_describing_json.SelfDescribingJson object at 0x7e4963aed780>]}
[0m21:53:42.396476 [debug] [MainThread]: Opening a new connection, currently in state init
[0m21:53:42.400771 [debug] [Thread-1 (]: Began running node model.stock_analysis.dim_date
[0m21:53:42.401320 [info ] [Thread-1 (]: 1 of 1 START sql table model stock_analysis.dim_date ........................... [RUN]
[0m21:53:42.401765 [debug] [Thread-1 (]: Re-using an available connection from the pool (formerly list_deft-beacon-354008_stock_analysis, now model.stock_analysis.dim_date)
[0m21:53:42.402079 [debug] [Thread-1 (]: Began compiling node model.stock_analysis.dim_date
[0m21:53:42.409187 [debug] [Thread-1 (]: Writing injected SQL for node "model.stock_analysis.dim_date"
[0m21:53:42.409918 [debug] [Thread-1 (]: Began executing node model.stock_analysis.dim_date
[0m21:53:42.421553 [debug] [Thread-1 (]: Opening a new connection, currently in state closed
[0m21:53:42.951478 [debug] [Thread-1 (]: Writing runtime sql for node "model.stock_analysis.dim_date"
[0m21:53:42.952240 [debug] [Thread-1 (]: On model.stock_analysis.dim_date: /* {"app": "dbt", "dbt_version": "1.9.8", "profile_name": "stock_analysis", "target_name": "dev", "node_id": "model.stock_analysis.dim_date"} */

  
    

    create or replace table `deft-beacon-354008`.`stock_analysis`.`dim_date`
      
    
    

    OPTIONS()
    as (
      

WITH deduplicated_dates AS (
    SELECT DISTINCT date
    FROM `deft-beacon-354008`.`stock_analysis`.`combined_tickers`
)
SELECT
    DATE(date) AS date,
    EXTRACT(YEAR FROM date) AS year,
    EXTRACT(MONTH FROM date) AS month,
    EXTRACT(DAY FROM date) AS day,
    EXTRACT(QUARTER FROM date) AS quarter,
    FORMAT_TIMESTAMP('%A', date) AS day_of_week
FROM 
    deduplicated_dates
    );
  
[0m21:53:43.534787 [debug] [Thread-1 (]: BigQuery adapter: https://console.cloud.google.com/bigquery?project=deft-beacon-354008&j=bq:US:153df2bd-18a9-45ca-9835-f8ffb407ab98&page=queryresults
[0m21:53:46.920947 [debug] [Thread-1 (]: Sending event: {'category': 'dbt', 'action': 'run_model', 'label': 'fbb437f0-a20a-4652-826b-5d1d750091af', 'context': [<snowplow_tracker.self_describing_json.SelfDescribingJson object at 0x7e4933960730>]}
[0m21:53:46.921591 [info ] [Thread-1 (]: 1 of 1 OK created sql table model stock_analysis.dim_date ...................... [[32mCREATE TABLE (1.5k rows, 106.1 KiB processed)[0m in 4.52s]
[0m21:53:46.922294 [debug] [Thread-1 (]: Finished running node model.stock_analysis.dim_date
[0m21:53:46.923851 [debug] [MainThread]: Opening a new connection, currently in state closed
[0m21:53:46.924391 [debug] [MainThread]: Connection 'master' was properly closed.
[0m21:53:46.924646 [debug] [MainThread]: Connection 'model.stock_analysis.dim_date' was properly closed.
[0m21:53:46.924920 [info ] [MainThread]: 
[0m21:53:46.926419 [info ] [MainThread]: Finished running 1 table model in 0 hours 0 minutes and 6.13 seconds (6.13s).
[0m21:53:46.926972 [debug] [MainThread]: Command end result
[0m21:53:46.946206 [debug] [MainThread]: Wrote artifact WritableManifest to /home/norman/NTU-Project-Data-Science-AI_Norman/NTU-Project-Data-Science-AI/TA_undervalue_stock/target/manifest.json
[0m21:53:46.947576 [debug] [MainThread]: Wrote artifact SemanticManifest to /home/norman/NTU-Project-Data-Science-AI_Norman/NTU-Project-Data-Science-AI/TA_undervalue_stock/target/semantic_manifest.json
[0m21:53:46.951761 [debug] [MainThread]: Wrote artifact RunExecutionResult to /home/norman/NTU-Project-Data-Science-AI_Norman/NTU-Project-Data-Science-AI/TA_undervalue_stock/target/run_results.json
[0m21:53:46.952053 [info ] [MainThread]: 
[0m21:53:46.952368 [info ] [MainThread]: [32mCompleted successfully[0m
[0m21:53:46.952578 [info ] [MainThread]: 
[0m21:53:46.952866 [info ] [MainThread]: Done. PASS=1 WARN=0 ERROR=0 SKIP=0 TOTAL=1
[0m21:53:46.954043 [debug] [MainThread]: Resource report: {"command_name": "run", "command_success": true, "command_wall_clock_time": 8.462069, "process_in_blocks": "0", "process_kernel_time": 0.405164, "process_mem_max_rss": "357180", "process_out_blocks": "2432", "process_user_time": 4.297194}
[0m21:53:46.954460 [debug] [MainThread]: Command `dbt run` succeeded at 21:53:46.954355 after 8.46 seconds
[0m21:53:46.954770 [debug] [MainThread]: Sending event: {'category': 'dbt', 'action': 'invocation', 'label': 'end', 'context': [<snowplow_tracker.self_describing_json.SelfDescribingJson object at 0x7e4962ec0970>, <snowplow_tracker.self_describing_json.SelfDescribingJson object at 0x7e49626e5390>, <snowplow_tracker.self_describing_json.SelfDescribingJson object at 0x7e4962ef7b50>]}
[0m21:53:46.955056 [debug] [MainThread]: Flushing usage events
[0m21:53:47.979975 [debug] [MainThread]: An error was encountered while trying to flush usage events
[0m21:53:53.617460 [debug] [MainThread]: Sending event: {'category': 'dbt', 'action': 'invocation', 'label': 'start', 'context': [<snowplow_tracker.self_describing_json.SelfDescribingJson object at 0x72264b7d4ac0>, <snowplow_tracker.self_describing_json.SelfDescribingJson object at 0x72264a98df00>, <snowplow_tracker.self_describing_json.SelfDescribingJson object at 0x72264a98dea0>]}


============================== 21:53:53.619909 | c22c7c51-8cca-4276-95eb-af533664a1f1 ==============================
[0m21:53:53.619909 [info ] [MainThread]: Running with dbt=1.9.8
[0m21:53:53.621404 [debug] [MainThread]: running dbt with arguments {'printer_width': '80', 'indirect_selection': 'eager', 'log_cache_events': 'False', 'write_json': 'True', 'partial_parse': 'True', 'cache_selected_only': 'False', 'warn_error': 'None', 'version_check': 'True', 'debug': 'False', 'log_path': '/home/norman/NTU-Project-Data-Science-AI_Norman/NTU-Project-Data-Science-AI/TA_undervalue_stock/logs', 'fail_fast': 'False', 'profiles_dir': '/home/norman/NTU-Project-Data-Science-AI_Norman/NTU-Project-Data-Science-AI/TA_undervalue_stock', 'use_colors': 'True', 'use_experimental_parser': 'False', 'empty': 'False', 'quiet': 'False', 'no_print': 'None', 'warn_error_options': 'WarnErrorOptions(include=[], exclude=[])', 'introspect': 'True', 'log_format': 'default', 'static_parser': 'True', 'target_path': 'None', 'invocation_command': 'dbt run --select dim_info', 'send_anonymous_usage_stats': 'True'}
[0m21:53:55.561742 [debug] [MainThread]: Sending event: {'category': 'dbt', 'action': 'project_id', 'label': 'c22c7c51-8cca-4276-95eb-af533664a1f1', 'context': [<snowplow_tracker.self_describing_json.SelfDescribingJson object at 0x72264b681e70>]}
[0m21:53:55.610833 [debug] [MainThread]: Sending event: {'category': 'dbt', 'action': 'adapter_info', 'label': 'c22c7c51-8cca-4276-95eb-af533664a1f1', 'context': [<snowplow_tracker.self_describing_json.SelfDescribingJson object at 0x72264af28d00>]}
[0m21:53:55.611451 [info ] [MainThread]: Registered adapter: bigquery=1.9.2
[0m21:53:55.756983 [debug] [MainThread]: checksum: 2898e47e730fa32147e5ae95c02f42c1d51b8fd2b81922b9b731f0208caf4dff, vars: {}, profile: , target: , version: 1.9.8
[0m21:53:55.879271 [debug] [MainThread]: Partial parsing enabled: 0 files deleted, 0 files added, 0 files changed.
[0m21:53:55.879695 [debug] [MainThread]: Partial parsing enabled, no changes found, skipping parsing
[0m21:53:55.917525 [debug] [MainThread]: Sending event: {'category': 'dbt', 'action': 'load_project', 'label': 'c22c7c51-8cca-4276-95eb-af533664a1f1', 'context': [<snowplow_tracker.self_describing_json.SelfDescribingJson object at 0x722616dc0d00>]}
[0m21:53:55.988997 [debug] [MainThread]: Wrote artifact WritableManifest to /home/norman/NTU-Project-Data-Science-AI_Norman/NTU-Project-Data-Science-AI/TA_undervalue_stock/target/manifest.json
[0m21:53:55.990550 [debug] [MainThread]: Wrote artifact SemanticManifest to /home/norman/NTU-Project-Data-Science-AI_Norman/NTU-Project-Data-Science-AI/TA_undervalue_stock/target/semantic_manifest.json
[0m21:53:56.001877 [debug] [MainThread]: Sending event: {'category': 'dbt', 'action': 'resource_counts', 'label': 'c22c7c51-8cca-4276-95eb-af533664a1f1', 'context': [<snowplow_tracker.self_describing_json.SelfDescribingJson object at 0x722616dc1f00>]}
[0m21:53:56.002380 [info ] [MainThread]: Found 3 models, 29 data tests, 4 sources, 493 macros
[0m21:53:56.002753 [debug] [MainThread]: Sending event: {'category': 'dbt', 'action': 'runnable_timing', 'label': 'c22c7c51-8cca-4276-95eb-af533664a1f1', 'context': [<snowplow_tracker.self_describing_json.SelfDescribingJson object at 0x722616e41ae0>]}
[0m21:53:56.003989 [info ] [MainThread]: 
[0m21:53:56.004356 [info ] [MainThread]: Concurrency: 1 threads (target='dev')
[0m21:53:56.004629 [info ] [MainThread]: 
[0m21:53:56.005108 [debug] [MainThread]: Acquiring new bigquery connection 'master'
[0m21:53:56.006230 [debug] [ThreadPool]: Acquiring new bigquery connection 'list_deft-beacon-354008'
[0m21:53:56.006567 [debug] [ThreadPool]: Opening a new connection, currently in state init
[0m21:53:57.301954 [debug] [ThreadPool]: Re-using an available connection from the pool (formerly list_deft-beacon-354008, now list_deft-beacon-354008_stock_analysis)
[0m21:53:57.302361 [debug] [ThreadPool]: Opening a new connection, currently in state closed
[0m21:53:57.688523 [debug] [MainThread]: Sending event: {'category': 'dbt', 'action': 'runnable_timing', 'label': 'c22c7c51-8cca-4276-95eb-af533664a1f1', 'context': [<snowplow_tracker.self_describing_json.SelfDescribingJson object at 0x7226173cded0>]}
[0m21:53:57.689070 [debug] [MainThread]: Opening a new connection, currently in state init
[0m21:53:57.692294 [debug] [Thread-1 (]: Began running node model.stock_analysis.dim_info
[0m21:53:57.693197 [info ] [Thread-1 (]: 1 of 1 START sql table model stock_analysis.dim_info ........................... [RUN]
[0m21:53:57.693714 [debug] [Thread-1 (]: Re-using an available connection from the pool (formerly list_deft-beacon-354008_stock_analysis, now model.stock_analysis.dim_info)
[0m21:53:57.694039 [debug] [Thread-1 (]: Began compiling node model.stock_analysis.dim_info
[0m21:53:57.705189 [debug] [Thread-1 (]: Writing injected SQL for node "model.stock_analysis.dim_info"
[0m21:53:57.705967 [debug] [Thread-1 (]: Began executing node model.stock_analysis.dim_info
[0m21:53:57.717660 [debug] [Thread-1 (]: Opening a new connection, currently in state closed
[0m21:53:58.235687 [debug] [Thread-1 (]: Writing runtime sql for node "model.stock_analysis.dim_info"
[0m21:53:58.236405 [debug] [Thread-1 (]: On model.stock_analysis.dim_info: /* {"app": "dbt", "dbt_version": "1.9.8", "profile_name": "stock_analysis", "target_name": "dev", "node_id": "model.stock_analysis.dim_info"} */

  
    

    create or replace table `deft-beacon-354008`.`stock_analysis`.`dim_info`
      
    
    

    OPTIONS()
    as (
      

SELECT
  ticker_symbol,
  company_description,
  company_name,
  country,
  industry,
  sector
FROM `deft-beacon-354008`.`stock_analysis`.`stock_info`
    );
  
[0m21:53:58.771909 [debug] [Thread-1 (]: BigQuery adapter: https://console.cloud.google.com/bigquery?project=deft-beacon-354008&j=bq:US:4d7aa6e0-c1e0-4cb5-8176-4114308c6eca&page=queryresults
[0m21:54:01.164726 [debug] [Thread-1 (]: Sending event: {'category': 'dbt', 'action': 'run_model', 'label': 'c22c7c51-8cca-4276-95eb-af533664a1f1', 'context': [<snowplow_tracker.self_describing_json.SelfDescribingJson object at 0x72264ccce8f0>]}
[0m21:54:01.165538 [info ] [Thread-1 (]: 1 of 1 OK created sql table model stock_analysis.dim_info ...................... [[32mCREATE TABLE (10.0 rows, 13.0 KiB processed)[0m in 3.47s]
[0m21:54:01.166165 [debug] [Thread-1 (]: Finished running node model.stock_analysis.dim_info
[0m21:54:01.168954 [debug] [MainThread]: Opening a new connection, currently in state closed
[0m21:54:01.169816 [debug] [MainThread]: Connection 'master' was properly closed.
[0m21:54:01.170189 [debug] [MainThread]: Connection 'model.stock_analysis.dim_info' was properly closed.
[0m21:54:01.170477 [info ] [MainThread]: 
[0m21:54:01.170778 [info ] [MainThread]: Finished running 1 table model in 0 hours 0 minutes and 5.17 seconds (5.17s).
[0m21:54:01.171509 [debug] [MainThread]: Command end result
[0m21:54:01.191270 [debug] [MainThread]: Wrote artifact WritableManifest to /home/norman/NTU-Project-Data-Science-AI_Norman/NTU-Project-Data-Science-AI/TA_undervalue_stock/target/manifest.json
[0m21:54:01.193048 [debug] [MainThread]: Wrote artifact SemanticManifest to /home/norman/NTU-Project-Data-Science-AI_Norman/NTU-Project-Data-Science-AI/TA_undervalue_stock/target/semantic_manifest.json
[0m21:54:01.198233 [debug] [MainThread]: Wrote artifact RunExecutionResult to /home/norman/NTU-Project-Data-Science-AI_Norman/NTU-Project-Data-Science-AI/TA_undervalue_stock/target/run_results.json
[0m21:54:01.198611 [info ] [MainThread]: 
[0m21:54:01.198964 [info ] [MainThread]: [32mCompleted successfully[0m
[0m21:54:01.199249 [info ] [MainThread]: 
[0m21:54:01.199535 [info ] [MainThread]: Done. PASS=1 WARN=0 ERROR=0 SKIP=0 TOTAL=1
[0m21:54:01.200644 [debug] [MainThread]: Resource report: {"command_name": "run", "command_success": true, "command_wall_clock_time": 7.6282253, "process_in_blocks": "0", "process_kernel_time": 0.414445, "process_mem_max_rss": "357112", "process_out_blocks": "2424", "process_user_time": 4.456312}
[0m21:54:01.201082 [debug] [MainThread]: Command `dbt run` succeeded at 21:54:01.200984 after 7.63 seconds
[0m21:54:01.201459 [debug] [MainThread]: Sending event: {'category': 'dbt', 'action': 'invocation', 'label': 'end', 'context': [<snowplow_tracker.self_describing_json.SelfDescribingJson object at 0x72264b7d4ac0>, <snowplow_tracker.self_describing_json.SelfDescribingJson object at 0x72264d283b20>, <snowplow_tracker.self_describing_json.SelfDescribingJson object at 0x722616d2fa60>]}
[0m21:54:01.201748 [debug] [MainThread]: Flushing usage events
[0m21:54:02.401469 [debug] [MainThread]: An error was encountered while trying to flush usage events
[0m21:55:54.198785 [debug] [MainThread]: Sending event: {'category': 'dbt', 'action': 'invocation', 'label': 'start', 'context': [<snowplow_tracker.self_describing_json.SelfDescribingJson object at 0x7e281c990a30>, <snowplow_tracker.self_describing_json.SelfDescribingJson object at 0x7e281bb49ea0>, <snowplow_tracker.self_describing_json.SelfDescribingJson object at 0x7e281bb49e40>]}


============================== 21:55:54.200797 | 524f349f-15af-4163-a4d7-aacbec4bb787 ==============================
[0m21:55:54.200797 [info ] [MainThread]: Running with dbt=1.9.8
[0m21:55:54.201204 [debug] [MainThread]: running dbt with arguments {'printer_width': '80', 'indirect_selection': 'eager', 'write_json': 'True', 'log_cache_events': 'False', 'partial_parse': 'True', 'cache_selected_only': 'False', 'warn_error': 'None', 'fail_fast': 'False', 'profiles_dir': '/home/norman/NTU-Project-Data-Science-AI_Norman/NTU-Project-Data-Science-AI/TA_undervalue_stock', 'log_path': '/home/norman/NTU-Project-Data-Science-AI_Norman/NTU-Project-Data-Science-AI/TA_undervalue_stock/logs', 'debug': 'False', 'version_check': 'True', 'use_colors': 'True', 'use_experimental_parser': 'False', 'no_print': 'None', 'quiet': 'False', 'empty': 'False', 'log_format': 'default', 'static_parser': 'True', 'invocation_command': 'dbt run --select fact_security', 'warn_error_options': 'WarnErrorOptions(include=[], exclude=[])', 'target_path': 'None', 'introspect': 'True', 'send_anonymous_usage_stats': 'True'}
[0m21:55:55.918877 [debug] [MainThread]: Sending event: {'category': 'dbt', 'action': 'project_id', 'label': '524f349f-15af-4163-a4d7-aacbec4bb787', 'context': [<snowplow_tracker.self_describing_json.SelfDescribingJson object at 0x7e281bae76a0>]}
[0m21:55:55.962534 [debug] [MainThread]: Sending event: {'category': 'dbt', 'action': 'adapter_info', 'label': '524f349f-15af-4163-a4d7-aacbec4bb787', 'context': [<snowplow_tracker.self_describing_json.SelfDescribingJson object at 0x7e281bb49f90>]}
[0m21:55:55.963101 [info ] [MainThread]: Registered adapter: bigquery=1.9.2
[0m21:55:56.086501 [debug] [MainThread]: checksum: 2898e47e730fa32147e5ae95c02f42c1d51b8fd2b81922b9b731f0208caf4dff, vars: {}, profile: , target: , version: 1.9.8
[0m21:55:56.176688 [debug] [MainThread]: Partial parsing enabled: 0 files deleted, 0 files added, 1 files changed.
[0m21:55:56.177350 [debug] [MainThread]: Partial parsing: updated file: stock_analysis://models/fact_security.sql
[0m21:55:56.619408 [debug] [MainThread]: Sending event: {'category': 'dbt', 'action': 'load_project', 'label': '524f349f-15af-4163-a4d7-aacbec4bb787', 'context': [<snowplow_tracker.self_describing_json.SelfDescribingJson object at 0x7e27e650da20>]}
[0m21:55:56.681264 [debug] [MainThread]: Wrote artifact WritableManifest to /home/norman/NTU-Project-Data-Science-AI_Norman/NTU-Project-Data-Science-AI/TA_undervalue_stock/target/manifest.json
[0m21:55:56.682599 [debug] [MainThread]: Wrote artifact SemanticManifest to /home/norman/NTU-Project-Data-Science-AI_Norman/NTU-Project-Data-Science-AI/TA_undervalue_stock/target/semantic_manifest.json
[0m21:55:56.690790 [debug] [MainThread]: Sending event: {'category': 'dbt', 'action': 'resource_counts', 'label': '524f349f-15af-4163-a4d7-aacbec4bb787', 'context': [<snowplow_tracker.self_describing_json.SelfDescribingJson object at 0x7e27e650eef0>]}
[0m21:55:56.691214 [info ] [MainThread]: Found 3 models, 29 data tests, 4 sources, 493 macros
[0m21:55:56.691495 [debug] [MainThread]: Sending event: {'category': 'dbt', 'action': 'runnable_timing', 'label': '524f349f-15af-4163-a4d7-aacbec4bb787', 'context': [<snowplow_tracker.self_describing_json.SelfDescribingJson object at 0x7e27e650caf0>]}
[0m21:55:56.692813 [info ] [MainThread]: 
[0m21:55:56.693143 [info ] [MainThread]: Concurrency: 1 threads (target='dev')
[0m21:55:56.693388 [info ] [MainThread]: 
[0m21:55:56.693760 [debug] [MainThread]: Acquiring new bigquery connection 'master'
[0m21:55:56.694829 [debug] [ThreadPool]: Acquiring new bigquery connection 'list_deft-beacon-354008'
[0m21:55:56.695425 [debug] [ThreadPool]: Opening a new connection, currently in state init
[0m21:55:57.955240 [debug] [ThreadPool]: Re-using an available connection from the pool (formerly list_deft-beacon-354008, now list_deft-beacon-354008_stock_analysis)
[0m21:55:57.955635 [debug] [ThreadPool]: Opening a new connection, currently in state closed
[0m21:55:58.315269 [debug] [MainThread]: Sending event: {'category': 'dbt', 'action': 'runnable_timing', 'label': '524f349f-15af-4163-a4d7-aacbec4bb787', 'context': [<snowplow_tracker.self_describing_json.SelfDescribingJson object at 0x7e281d519870>]}
[0m21:55:58.316078 [debug] [MainThread]: Opening a new connection, currently in state init
[0m21:55:58.319377 [debug] [Thread-1 (]: Began running node model.stock_analysis.fact_security
[0m21:55:58.319923 [info ] [Thread-1 (]: 1 of 1 START sql table model stock_analysis.fact_security ...................... [RUN]
[0m21:55:58.320361 [debug] [Thread-1 (]: Re-using an available connection from the pool (formerly list_deft-beacon-354008_stock_analysis, now model.stock_analysis.fact_security)
[0m21:55:58.320700 [debug] [Thread-1 (]: Began compiling node model.stock_analysis.fact_security
[0m21:55:58.327107 [debug] [Thread-1 (]: Writing injected SQL for node "model.stock_analysis.fact_security"
[0m21:55:58.327660 [debug] [Thread-1 (]: Began executing node model.stock_analysis.fact_security
[0m21:55:58.339371 [debug] [Thread-1 (]: Opening a new connection, currently in state closed
[0m21:55:58.758111 [debug] [Thread-1 (]: Writing runtime sql for node "model.stock_analysis.fact_security"
[0m21:55:58.758857 [debug] [Thread-1 (]: On model.stock_analysis.fact_security: /* {"app": "dbt", "dbt_version": "1.9.8", "profile_name": "stock_analysis", "target_name": "dev", "node_id": "model.stock_analysis.fact_security"} */

  
    

    create or replace table `deft-beacon-354008`.`stock_analysis`.`fact_security`
      
    
    

    OPTIONS()
    as (
      

WITH dup_data AS (
SELECT
  t.ticker_symbol,
  DATE(t.date) AS date,
  t.close_price,
  t.high_price,
  t.low_price,
  t.open_price,
  t.stock_splits,
  t.dividend,
  t.volume_traded,
  f.GDP_growth_rate,
  f.UMCSENT,
  f.inflation_rate,
  f.interest_rate,
  f.unemployment_rate,
  f.industrial_production,
  f.ten_yr_treasury,
  f.book_value_per_share
  i.forward_eps,
  i.forward_pe,
  i.market_cap,
  i.trailing_eps,
  i.trailing_pe,
  ta.ema_50,
  ta.rsi_14,
  ta.sma_50
FROM `deft-beacon-354008`.`stock_analysis`.`combined_tickers` t
LEFT JOIN `deft-beacon-354008`.`stock_analysis`.`fred` f
  ON DATE(t.date) = DATE(f.date)
LEFT JOIN `deft-beacon-354008`.`stock_analysis`.`stock_info` i
  ON t.ticker_symbol = i.ticker_symbol AND DATE(t.date) BETWEEN '2025-04-01' AND '2025-06-30'
LEFT JOIN `deft-beacon-354008`.`stock_analysis`.`techincal_indicator` ta
  ON DATE(t.date) = DATE(ta.date) and t.ticker_symbol = ta.ticker_symbol
)
SELECT 
  ticker_symbol,
  date,
  ANY_VALUE(close_price) AS close_price,
  ANY_VALUE(high_price) AS high_price,
  ANY_VALUE(low_price) AS low_price,
  ANY_VALUE(open_price) AS open_price,
  ANY_VALUE(stock_splits) AS stock_splits,
  ANY_VALUE(dividend) AS dividend,
  ANY_VALUE(volume_traded) AS volume_traded,
  ANY_VALUE(GDP_growth_rate) AS GDP_growth_rate,
  ANY_VALUE(UMCSENT) AS UMCSENT,
  ANY_VALUE(inflation_rate) AS inflation_rate,
  ANY_VALUE(interest_rate) AS interest_rate,
  ANY_VALUE(unemployment_rate) AS unemployment_rate,
  ANY_VALUE(ten_yr_treasury) AS ten_yr_treasury,
  ANY_VALUE(industrial_production) AS industrial_production,
  ANY_VALUE(forward_eps) AS forward_eps,
  ANY_VALUE(forward_pe) AS forward_pe,
  ANY_VALUE(market_cap) AS market_cap,
  ANY_VALUE(trailing_eps) AS trailing_eps,
  ANY_VALUE(trailing_pe) AS trailing_pe,
  ANY_VALUE(ema_50) AS ema_50,
  ANY_VALUE(rsi_14) AS rsi_14,
  ANY_VALUE(sma_50) AS sma_50
FROM dup_data 
GROUP BY ticker_symbol, date
    );
  
[0m21:55:59.070223 [debug] [Thread-1 (]: BigQuery adapter: https://console.cloud.google.com/bigquery?project=deft-beacon-354008&j=bq:US:34ecf898-baea-4692-85e9-c5f539594ef7&page=queryresults
[0m21:55:59.070733 [error] [Thread-1 (]: BigQuery adapter: https://console.cloud.google.com/bigquery?project=deft-beacon-354008&j=bq:US:34ecf898-baea-4692-85e9-c5f539594ef7&page=queryresults
[0m21:55:59.085736 [debug] [Thread-1 (]: Database Error in model fact_security (models/fact_security.sql)
  Syntax error: Expected ")" but got "." at [34:4]
  compiled code at target/run/stock_analysis/models/fact_security.sql
[0m21:55:59.087129 [debug] [Thread-1 (]: Sending event: {'category': 'dbt', 'action': 'run_model', 'label': '524f349f-15af-4163-a4d7-aacbec4bb787', 'context': [<snowplow_tracker.self_describing_json.SelfDescribingJson object at 0x7e27e7ee0a00>]}
[0m21:55:59.087682 [error] [Thread-1 (]: 1 of 1 ERROR creating sql table model stock_analysis.fact_security ............. [[31mERROR[0m in 0.77s]
[0m21:55:59.088117 [debug] [Thread-1 (]: Finished running node model.stock_analysis.fact_security
[0m21:55:59.088517 [debug] [Thread-4 (]: Marking all children of 'model.stock_analysis.fact_security' to be skipped because of status 'error'.  Reason: Database Error in model fact_security (models/fact_security.sql)
  Syntax error: Expected ")" but got "." at [34:4]
  compiled code at target/run/stock_analysis/models/fact_security.sql.
[0m21:55:59.090306 [debug] [MainThread]: Opening a new connection, currently in state closed
[0m21:55:59.091047 [debug] [MainThread]: Connection 'master' was properly closed.
[0m21:55:59.091288 [debug] [MainThread]: Connection 'model.stock_analysis.fact_security' was properly closed.
[0m21:55:59.091501 [info ] [MainThread]: 
[0m21:55:59.091739 [info ] [MainThread]: Finished running 1 table model in 0 hours 0 minutes and 2.40 seconds (2.40s).
[0m21:55:59.092161 [debug] [MainThread]: Command end result
[0m21:55:59.110876 [debug] [MainThread]: Wrote artifact WritableManifest to /home/norman/NTU-Project-Data-Science-AI_Norman/NTU-Project-Data-Science-AI/TA_undervalue_stock/target/manifest.json
[0m21:55:59.112104 [debug] [MainThread]: Wrote artifact SemanticManifest to /home/norman/NTU-Project-Data-Science-AI_Norman/NTU-Project-Data-Science-AI/TA_undervalue_stock/target/semantic_manifest.json
[0m21:55:59.115990 [debug] [MainThread]: Wrote artifact RunExecutionResult to /home/norman/NTU-Project-Data-Science-AI_Norman/NTU-Project-Data-Science-AI/TA_undervalue_stock/target/run_results.json
[0m21:55:59.116280 [info ] [MainThread]: 
[0m21:55:59.116606 [info ] [MainThread]: [31mCompleted with 1 error, 0 partial successes, and 0 warnings:[0m
[0m21:55:59.116854 [info ] [MainThread]: 
[0m21:55:59.117119 [error] [MainThread]:   Database Error in model fact_security (models/fact_security.sql)
  Syntax error: Expected ")" but got "." at [34:4]
  compiled code at target/run/stock_analysis/models/fact_security.sql
[0m21:55:59.117322 [info ] [MainThread]: 
[0m21:55:59.117534 [info ] [MainThread]: Done. PASS=0 WARN=0 ERROR=1 SKIP=0 TOTAL=1
[0m21:55:59.118211 [debug] [MainThread]: Resource report: {"command_name": "run", "command_success": false, "command_wall_clock_time": 4.9568353, "process_in_blocks": "1568", "process_kernel_time": 0.379261, "process_mem_max_rss": "361000", "process_out_blocks": "3568", "process_user_time": 4.38768}
[0m21:55:59.118539 [debug] [MainThread]: Command `dbt run` failed at 21:55:59.118461 after 4.96 seconds
[0m21:55:59.118797 [debug] [MainThread]: Sending event: {'category': 'dbt', 'action': 'invocation', 'label': 'end', 'context': [<snowplow_tracker.self_describing_json.SelfDescribingJson object at 0x7e281c990a30>, <snowplow_tracker.self_describing_json.SelfDescribingJson object at 0x7e281ca10ee0>, <snowplow_tracker.self_describing_json.SelfDescribingJson object at 0x7e27e84505e0>]}
[0m21:55:59.119048 [debug] [MainThread]: Flushing usage events
[0m21:56:00.177274 [debug] [MainThread]: An error was encountered while trying to flush usage events
[0m21:56:14.564933 [debug] [MainThread]: Sending event: {'category': 'dbt', 'action': 'invocation', 'label': 'start', 'context': [<snowplow_tracker.self_describing_json.SelfDescribingJson object at 0x7ea23acc4a90>, <snowplow_tracker.self_describing_json.SelfDescribingJson object at 0x7ea239e7ded0>, <snowplow_tracker.self_describing_json.SelfDescribingJson object at 0x7ea239e7de70>]}


============================== 21:56:14.567000 | c7b69591-81ee-4f29-a734-9ce955888996 ==============================
[0m21:56:14.567000 [info ] [MainThread]: Running with dbt=1.9.8
[0m21:56:14.567414 [debug] [MainThread]: running dbt with arguments {'printer_width': '80', 'indirect_selection': 'eager', 'log_cache_events': 'False', 'write_json': 'True', 'partial_parse': 'True', 'cache_selected_only': 'False', 'profiles_dir': '/home/norman/NTU-Project-Data-Science-AI_Norman/NTU-Project-Data-Science-AI/TA_undervalue_stock', 'fail_fast': 'False', 'version_check': 'True', 'log_path': '/home/norman/NTU-Project-Data-Science-AI_Norman/NTU-Project-Data-Science-AI/TA_undervalue_stock/logs', 'debug': 'False', 'warn_error': 'None', 'use_colors': 'True', 'use_experimental_parser': 'False', 'no_print': 'None', 'quiet': 'False', 'empty': 'False', 'warn_error_options': 'WarnErrorOptions(include=[], exclude=[])', 'introspect': 'True', 'invocation_command': 'dbt run --select fact_security', 'log_format': 'default', 'target_path': 'None', 'static_parser': 'True', 'send_anonymous_usage_stats': 'True'}
[0m21:56:16.283990 [debug] [MainThread]: Sending event: {'category': 'dbt', 'action': 'project_id', 'label': 'c7b69591-81ee-4f29-a734-9ce955888996', 'context': [<snowplow_tracker.self_describing_json.SelfDescribingJson object at 0x7ea23c5e14e0>]}
[0m21:56:16.328054 [debug] [MainThread]: Sending event: {'category': 'dbt', 'action': 'adapter_info', 'label': 'c7b69591-81ee-4f29-a734-9ce955888996', 'context': [<snowplow_tracker.self_describing_json.SelfDescribingJson object at 0x7ea206742350>]}
[0m21:56:16.328653 [info ] [MainThread]: Registered adapter: bigquery=1.9.2
[0m21:56:16.460808 [debug] [MainThread]: checksum: 2898e47e730fa32147e5ae95c02f42c1d51b8fd2b81922b9b731f0208caf4dff, vars: {}, profile: , target: , version: 1.9.8
[0m21:56:16.560033 [debug] [MainThread]: Partial parsing enabled: 0 files deleted, 0 files added, 1 files changed.
[0m21:56:16.560737 [debug] [MainThread]: Partial parsing: updated file: stock_analysis://models/fact_security.sql
[0m21:56:17.040453 [debug] [MainThread]: Sending event: {'category': 'dbt', 'action': 'load_project', 'label': 'c7b69591-81ee-4f29-a734-9ce955888996', 'context': [<snowplow_tracker.self_describing_json.SelfDescribingJson object at 0x7ea204971e40>]}
[0m21:56:17.107138 [debug] [MainThread]: Wrote artifact WritableManifest to /home/norman/NTU-Project-Data-Science-AI_Norman/NTU-Project-Data-Science-AI/TA_undervalue_stock/target/manifest.json
[0m21:56:17.108670 [debug] [MainThread]: Wrote artifact SemanticManifest to /home/norman/NTU-Project-Data-Science-AI_Norman/NTU-Project-Data-Science-AI/TA_undervalue_stock/target/semantic_manifest.json
[0m21:56:17.118013 [debug] [MainThread]: Sending event: {'category': 'dbt', 'action': 'resource_counts', 'label': 'c7b69591-81ee-4f29-a734-9ce955888996', 'context': [<snowplow_tracker.self_describing_json.SelfDescribingJson object at 0x7ea204972230>]}
[0m21:56:17.118461 [info ] [MainThread]: Found 3 models, 29 data tests, 4 sources, 493 macros
[0m21:56:17.118760 [debug] [MainThread]: Sending event: {'category': 'dbt', 'action': 'runnable_timing', 'label': 'c7b69591-81ee-4f29-a734-9ce955888996', 'context': [<snowplow_tracker.self_describing_json.SelfDescribingJson object at 0x7ea204972440>]}
[0m21:56:17.120203 [info ] [MainThread]: 
[0m21:56:17.120820 [info ] [MainThread]: Concurrency: 1 threads (target='dev')
[0m21:56:17.121224 [info ] [MainThread]: 
[0m21:56:17.121777 [debug] [MainThread]: Acquiring new bigquery connection 'master'
[0m21:56:17.123119 [debug] [ThreadPool]: Acquiring new bigquery connection 'list_deft-beacon-354008'
[0m21:56:17.123836 [debug] [ThreadPool]: Opening a new connection, currently in state init
[0m21:56:18.945608 [debug] [ThreadPool]: Re-using an available connection from the pool (formerly list_deft-beacon-354008, now list_deft-beacon-354008_stock_analysis)
[0m21:56:18.946102 [debug] [ThreadPool]: Opening a new connection, currently in state closed
[0m21:56:19.336136 [debug] [MainThread]: Sending event: {'category': 'dbt', 'action': 'runnable_timing', 'label': 'c7b69591-81ee-4f29-a734-9ce955888996', 'context': [<snowplow_tracker.self_describing_json.SelfDescribingJson object at 0x7ea23c67a3e0>]}
[0m21:56:19.336740 [debug] [MainThread]: Opening a new connection, currently in state init
[0m21:56:19.340062 [debug] [Thread-1 (]: Began running node model.stock_analysis.fact_security
[0m21:56:19.340551 [info ] [Thread-1 (]: 1 of 1 START sql table model stock_analysis.fact_security ...................... [RUN]
[0m21:56:19.340977 [debug] [Thread-1 (]: Re-using an available connection from the pool (formerly list_deft-beacon-354008_stock_analysis, now model.stock_analysis.fact_security)
[0m21:56:19.341325 [debug] [Thread-1 (]: Began compiling node model.stock_analysis.fact_security
[0m21:56:19.348072 [debug] [Thread-1 (]: Writing injected SQL for node "model.stock_analysis.fact_security"
[0m21:56:19.348709 [debug] [Thread-1 (]: Began executing node model.stock_analysis.fact_security
[0m21:56:19.361499 [debug] [Thread-1 (]: Opening a new connection, currently in state closed
[0m21:56:19.754095 [debug] [Thread-1 (]: Writing runtime sql for node "model.stock_analysis.fact_security"
[0m21:56:19.755155 [debug] [Thread-1 (]: On model.stock_analysis.fact_security: /* {"app": "dbt", "dbt_version": "1.9.8", "profile_name": "stock_analysis", "target_name": "dev", "node_id": "model.stock_analysis.fact_security"} */

  
    

    create or replace table `deft-beacon-354008`.`stock_analysis`.`fact_security`
      
    
    

    OPTIONS()
    as (
      

WITH dup_data AS (
SELECT
  t.ticker_symbol,
  DATE(t.date) AS date,
  t.close_price,
  t.high_price,
  t.low_price,
  t.open_price,
  t.stock_splits,
  t.dividend,
  t.volume_traded,
  f.GDP_growth_rate,
  f.UMCSENT,
  f.inflation_rate,
  f.interest_rate,
  f.unemployment_rate,
  f.industrial_production,
  f.ten_yr_treasury,
  f.book_value_per_share,
  i.forward_eps,
  i.forward_pe,
  i.market_cap,
  i.trailing_eps,
  i.trailing_pe,
  ta.ema_50,
  ta.rsi_14,
  ta.sma_50
FROM `deft-beacon-354008`.`stock_analysis`.`combined_tickers` t
LEFT JOIN `deft-beacon-354008`.`stock_analysis`.`fred` f
  ON DATE(t.date) = DATE(f.date)
LEFT JOIN `deft-beacon-354008`.`stock_analysis`.`stock_info` i
  ON t.ticker_symbol = i.ticker_symbol AND DATE(t.date) BETWEEN '2025-04-01' AND '2025-06-30'
LEFT JOIN `deft-beacon-354008`.`stock_analysis`.`techincal_indicator` ta
  ON DATE(t.date) = DATE(ta.date) and t.ticker_symbol = ta.ticker_symbol
)
SELECT 
  ticker_symbol,
  date,
  ANY_VALUE(close_price) AS close_price,
  ANY_VALUE(high_price) AS high_price,
  ANY_VALUE(low_price) AS low_price,
  ANY_VALUE(open_price) AS open_price,
  ANY_VALUE(stock_splits) AS stock_splits,
  ANY_VALUE(dividend) AS dividend,
  ANY_VALUE(volume_traded) AS volume_traded,
  ANY_VALUE(GDP_growth_rate) AS GDP_growth_rate,
  ANY_VALUE(UMCSENT) AS UMCSENT,
  ANY_VALUE(inflation_rate) AS inflation_rate,
  ANY_VALUE(interest_rate) AS interest_rate,
  ANY_VALUE(unemployment_rate) AS unemployment_rate,
  ANY_VALUE(ten_yr_treasury) AS ten_yr_treasury,
  ANY_VALUE(industrial_production) AS industrial_production,
  ANY_VALUE(forward_eps) AS forward_eps,
  ANY_VALUE(forward_pe) AS forward_pe,
  ANY_VALUE(market_cap) AS market_cap,
  ANY_VALUE(trailing_eps) AS trailing_eps,
  ANY_VALUE(trailing_pe) AS trailing_pe,
  ANY_VALUE(ema_50) AS ema_50,
  ANY_VALUE(rsi_14) AS rsi_14,
  ANY_VALUE(sma_50) AS sma_50
FROM dup_data 
GROUP BY ticker_symbol, date
    );
  
[0m21:56:20.383483 [debug] [Thread-1 (]: BigQuery adapter: https://console.cloud.google.com/bigquery?project=deft-beacon-354008&j=bq:US:47d95cab-4189-478e-9d16-dca042e6ca17&page=queryresults
[0m21:56:20.683954 [error] [Thread-1 (]: BigQuery adapter: https://console.cloud.google.com/bigquery?project=deft-beacon-354008&j=bq:US:47d95cab-4189-478e-9d16-dca042e6ca17&page=queryresults
[0m21:56:20.686902 [debug] [Thread-1 (]: Database Error in model fact_security (models/fact_security.sql)
  Name book_value_per_share not found inside f at [33:5]
  compiled code at target/run/stock_analysis/models/fact_security.sql
[0m21:56:20.688858 [debug] [Thread-1 (]: Sending event: {'category': 'dbt', 'action': 'run_model', 'label': 'c7b69591-81ee-4f29-a734-9ce955888996', 'context': [<snowplow_tracker.self_describing_json.SelfDescribingJson object at 0x7ea23afe6ec0>]}
[0m21:56:20.689446 [error] [Thread-1 (]: 1 of 1 ERROR creating sql table model stock_analysis.fact_security ............. [[31mERROR[0m in 1.35s]
[0m21:56:20.689922 [debug] [Thread-1 (]: Finished running node model.stock_analysis.fact_security
[0m21:56:20.690471 [debug] [Thread-4 (]: Marking all children of 'model.stock_analysis.fact_security' to be skipped because of status 'error'.  Reason: Database Error in model fact_security (models/fact_security.sql)
  Name book_value_per_share not found inside f at [33:5]
  compiled code at target/run/stock_analysis/models/fact_security.sql.
[0m21:56:20.692053 [debug] [MainThread]: Opening a new connection, currently in state closed
[0m21:56:20.692593 [debug] [MainThread]: Connection 'master' was properly closed.
[0m21:56:20.692854 [debug] [MainThread]: Connection 'model.stock_analysis.fact_security' was properly closed.
[0m21:56:20.693116 [info ] [MainThread]: 
[0m21:56:20.693365 [info ] [MainThread]: Finished running 1 table model in 0 hours 0 minutes and 3.57 seconds (3.57s).
[0m21:56:20.693874 [debug] [MainThread]: Command end result
[0m21:56:20.714343 [debug] [MainThread]: Wrote artifact WritableManifest to /home/norman/NTU-Project-Data-Science-AI_Norman/NTU-Project-Data-Science-AI/TA_undervalue_stock/target/manifest.json
[0m21:56:20.715995 [debug] [MainThread]: Wrote artifact SemanticManifest to /home/norman/NTU-Project-Data-Science-AI_Norman/NTU-Project-Data-Science-AI/TA_undervalue_stock/target/semantic_manifest.json
[0m21:56:20.720478 [debug] [MainThread]: Wrote artifact RunExecutionResult to /home/norman/NTU-Project-Data-Science-AI_Norman/NTU-Project-Data-Science-AI/TA_undervalue_stock/target/run_results.json
[0m21:56:20.720814 [info ] [MainThread]: 
[0m21:56:20.721133 [info ] [MainThread]: [31mCompleted with 1 error, 0 partial successes, and 0 warnings:[0m
[0m21:56:20.721392 [info ] [MainThread]: 
[0m21:56:20.721660 [error] [MainThread]:   Database Error in model fact_security (models/fact_security.sql)
  Name book_value_per_share not found inside f at [33:5]
  compiled code at target/run/stock_analysis/models/fact_security.sql
[0m21:56:20.721894 [info ] [MainThread]: 
[0m21:56:20.722127 [info ] [MainThread]: Done. PASS=0 WARN=0 ERROR=1 SKIP=0 TOTAL=1
[0m21:56:20.722910 [debug] [MainThread]: Resource report: {"command_name": "run", "command_success": false, "command_wall_clock_time": 5.5997825, "process_in_blocks": "0", "process_kernel_time": 0.333521, "process_mem_max_rss": "361872", "process_out_blocks": "3560", "process_user_time": 4.504594}
[0m21:56:20.723319 [debug] [MainThread]: Command `dbt run` failed at 21:56:20.723189 after 5.60 seconds
[0m21:56:20.723623 [debug] [MainThread]: Sending event: {'category': 'dbt', 'action': 'invocation', 'label': 'end', 'context': [<snowplow_tracker.self_describing_json.SelfDescribingJson object at 0x7ea23acc4a90>, <snowplow_tracker.self_describing_json.SelfDescribingJson object at 0x7ea23c5e14e0>, <snowplow_tracker.self_describing_json.SelfDescribingJson object at 0x7ea23ba05960>]}
[0m21:56:20.723953 [debug] [MainThread]: Flushing usage events
[0m21:56:21.805146 [debug] [MainThread]: An error was encountered while trying to flush usage events
[0m21:57:55.290933 [debug] [MainThread]: Sending event: {'category': 'dbt', 'action': 'invocation', 'label': 'start', 'context': [<snowplow_tracker.self_describing_json.SelfDescribingJson object at 0x79858f9d8a00>, <snowplow_tracker.self_describing_json.SelfDescribingJson object at 0x79858eb91e70>, <snowplow_tracker.self_describing_json.SelfDescribingJson object at 0x79858eb91e10>]}


============================== 21:57:55.292947 | ede35be5-a72f-4c8b-8a16-09c1482ae9e6 ==============================
[0m21:57:55.292947 [info ] [MainThread]: Running with dbt=1.9.8
[0m21:57:55.293608 [debug] [MainThread]: running dbt with arguments {'printer_width': '80', 'indirect_selection': 'eager', 'log_cache_events': 'False', 'write_json': 'True', 'partial_parse': 'True', 'cache_selected_only': 'False', 'warn_error': 'None', 'debug': 'False', 'fail_fast': 'False', 'log_path': '/home/norman/NTU-Project-Data-Science-AI_Norman/NTU-Project-Data-Science-AI/TA_undervalue_stock/logs', 'version_check': 'True', 'profiles_dir': '/home/norman/NTU-Project-Data-Science-AI_Norman/NTU-Project-Data-Science-AI/TA_undervalue_stock', 'use_colors': 'True', 'use_experimental_parser': 'False', 'no_print': 'None', 'quiet': 'False', 'empty': 'False', 'log_format': 'default', 'static_parser': 'True', 'introspect': 'True', 'warn_error_options': 'WarnErrorOptions(include=[], exclude=[])', 'target_path': 'None', 'invocation_command': 'dbt run --select fact_security', 'send_anonymous_usage_stats': 'True'}
[0m21:57:56.977644 [debug] [MainThread]: Sending event: {'category': 'dbt', 'action': 'project_id', 'label': 'ede35be5-a72f-4c8b-8a16-09c1482ae9e6', 'context': [<snowplow_tracker.self_describing_json.SelfDescribingJson object at 0x79858f8a28c0>]}
[0m21:57:57.021688 [debug] [MainThread]: Sending event: {'category': 'dbt', 'action': 'adapter_info', 'label': 'ede35be5-a72f-4c8b-8a16-09c1482ae9e6', 'context': [<snowplow_tracker.self_describing_json.SelfDescribingJson object at 0x798564350d90>]}
[0m21:57:57.022293 [info ] [MainThread]: Registered adapter: bigquery=1.9.2
[0m21:57:57.146885 [debug] [MainThread]: checksum: 2898e47e730fa32147e5ae95c02f42c1d51b8fd2b81922b9b731f0208caf4dff, vars: {}, profile: , target: , version: 1.9.8
[0m21:57:57.242317 [debug] [MainThread]: Partial parsing enabled: 0 files deleted, 0 files added, 1 files changed.
[0m21:57:57.243120 [debug] [MainThread]: Partial parsing: updated file: stock_analysis://models/fact_security.sql
[0m21:57:58.379782 [debug] [MainThread]: Sending event: {'category': 'dbt', 'action': 'load_project', 'label': 'ede35be5-a72f-4c8b-8a16-09c1482ae9e6', 'context': [<snowplow_tracker.self_describing_json.SelfDescribingJson object at 0x7985594a1b70>]}
[0m21:57:58.445365 [debug] [MainThread]: Wrote artifact WritableManifest to /home/norman/NTU-Project-Data-Science-AI_Norman/NTU-Project-Data-Science-AI/TA_undervalue_stock/target/manifest.json
[0m21:57:58.446711 [debug] [MainThread]: Wrote artifact SemanticManifest to /home/norman/NTU-Project-Data-Science-AI_Norman/NTU-Project-Data-Science-AI/TA_undervalue_stock/target/semantic_manifest.json
[0m21:57:58.455812 [debug] [MainThread]: Sending event: {'category': 'dbt', 'action': 'resource_counts', 'label': 'ede35be5-a72f-4c8b-8a16-09c1482ae9e6', 'context': [<snowplow_tracker.self_describing_json.SelfDescribingJson object at 0x79855ae50250>]}
[0m21:57:58.456274 [info ] [MainThread]: Found 3 models, 29 data tests, 4 sources, 493 macros
[0m21:57:58.456581 [debug] [MainThread]: Sending event: {'category': 'dbt', 'action': 'runnable_timing', 'label': 'ede35be5-a72f-4c8b-8a16-09c1482ae9e6', 'context': [<snowplow_tracker.self_describing_json.SelfDescribingJson object at 0x79855ae42b90>]}
[0m21:57:58.457696 [info ] [MainThread]: 
[0m21:57:58.458016 [info ] [MainThread]: Concurrency: 1 threads (target='dev')
[0m21:57:58.458260 [info ] [MainThread]: 
[0m21:57:58.458632 [debug] [MainThread]: Acquiring new bigquery connection 'master'
[0m21:57:58.459469 [debug] [ThreadPool]: Acquiring new bigquery connection 'list_deft-beacon-354008'
[0m21:57:58.459869 [debug] [ThreadPool]: Opening a new connection, currently in state init
[0m21:57:59.640284 [debug] [ThreadPool]: Re-using an available connection from the pool (formerly list_deft-beacon-354008, now list_deft-beacon-354008_stock_analysis)
[0m21:57:59.640715 [debug] [ThreadPool]: Opening a new connection, currently in state closed
[0m21:58:00.002485 [debug] [MainThread]: Sending event: {'category': 'dbt', 'action': 'runnable_timing', 'label': 'ede35be5-a72f-4c8b-8a16-09c1482ae9e6', 'context': [<snowplow_tracker.self_describing_json.SelfDescribingJson object at 0x79858fc77df0>]}
[0m21:58:00.003336 [debug] [MainThread]: Opening a new connection, currently in state init
[0m21:58:00.006826 [debug] [Thread-1 (]: Began running node model.stock_analysis.fact_security
[0m21:58:00.007394 [info ] [Thread-1 (]: 1 of 1 START sql table model stock_analysis.fact_security ...................... [RUN]
[0m21:58:00.007894 [debug] [Thread-1 (]: Re-using an available connection from the pool (formerly list_deft-beacon-354008_stock_analysis, now model.stock_analysis.fact_security)
[0m21:58:00.008186 [debug] [Thread-1 (]: Began compiling node model.stock_analysis.fact_security
[0m21:58:00.014913 [debug] [Thread-1 (]: Writing injected SQL for node "model.stock_analysis.fact_security"
[0m21:58:00.015790 [debug] [Thread-1 (]: Began executing node model.stock_analysis.fact_security
[0m21:58:00.029892 [debug] [Thread-1 (]: Opening a new connection, currently in state closed
[0m21:58:00.940096 [debug] [Thread-1 (]: Writing runtime sql for node "model.stock_analysis.fact_security"
[0m21:58:00.940910 [debug] [Thread-1 (]: On model.stock_analysis.fact_security: /* {"app": "dbt", "dbt_version": "1.9.8", "profile_name": "stock_analysis", "target_name": "dev", "node_id": "model.stock_analysis.fact_security"} */

  
    

    create or replace table `deft-beacon-354008`.`stock_analysis`.`fact_security`
      
    
    

    OPTIONS()
    as (
      

WITH dup_data AS (
SELECT
  t.ticker_symbol,
  DATE(t.date) AS date,
  t.close_price,
  t.high_price,
  t.low_price,
  t.open_price,
  t.stock_splits,
  t.dividend,
  t.volume_traded,
  f.GDP_growth_rate,
  f.UMCSENT,
  f.inflation_rate,
  f.interest_rate,
  f.unemployment_rate,
  f.industrial_production,
  f.ten_yr_treasury,
  i.book_value_per_share,
  i.forward_eps,
  i.forward_pe,
  i.market_cap,
  i.trailing_eps,
  i.trailing_pe,
  ta.ema_50,
  ta.rsi_14,
  ta.sma_50
FROM `deft-beacon-354008`.`stock_analysis`.`combined_tickers` t
LEFT JOIN `deft-beacon-354008`.`stock_analysis`.`fred` f
  ON DATE(t.date) = DATE(f.date)
LEFT JOIN `deft-beacon-354008`.`stock_analysis`.`stock_info` i
  ON t.ticker_symbol = i.ticker_symbol AND DATE(t.date) BETWEEN '2025-04-01' AND '2025-06-30'
LEFT JOIN `deft-beacon-354008`.`stock_analysis`.`techincal_indicator` ta
  ON DATE(t.date) = DATE(ta.date) and t.ticker_symbol = ta.ticker_symbol
)
SELECT 
  ticker_symbol,
  date,
  ANY_VALUE(close_price) AS close_price,
  ANY_VALUE(high_price) AS high_price,
  ANY_VALUE(low_price) AS low_price,
  ANY_VALUE(open_price) AS open_price,
  ANY_VALUE(stock_splits) AS stock_splits,
  ANY_VALUE(dividend) AS dividend,
  ANY_VALUE(volume_traded) AS volume_traded,
  ANY_VALUE(GDP_growth_rate) AS GDP_growth_rate,
  ANY_VALUE(UMCSENT) AS UMCSENT,
  ANY_VALUE(inflation_rate) AS inflation_rate,
  ANY_VALUE(interest_rate) AS interest_rate,
  ANY_VALUE(unemployment_rate) AS unemployment_rate,
  ANY_VALUE(ten_yr_treasury) AS ten_yr_treasury,
  ANY_VALUE(industrial_production) AS industrial_production,
  ANY_VALUE(forward_eps) AS forward_eps,
  ANY_VALUE(forward_pe) AS forward_pe,
  ANY_VALUE(market_cap) AS market_cap,
  ANY_VALUE(trailing_eps) AS trailing_eps,
  ANY_VALUE(trailing_pe) AS trailing_pe,
  ANY_VALUE(ema_50) AS ema_50,
  ANY_VALUE(rsi_14) AS rsi_14,
  ANY_VALUE(sma_50) AS sma_50
FROM dup_data 
GROUP BY ticker_symbol, date
    );
  
[0m21:58:02.310251 [debug] [Thread-1 (]: BigQuery adapter: https://console.cloud.google.com/bigquery?project=deft-beacon-354008&j=bq:US:52a2cb8f-476c-4b29-9828-cd54b50bbb39&page=queryresults
[0m21:58:05.241580 [debug] [Thread-1 (]: Sending event: {'category': 'dbt', 'action': 'run_model', 'label': 'ede35be5-a72f-4c8b-8a16-09c1482ae9e6', 'context': [<snowplow_tracker.self_describing_json.SelfDescribingJson object at 0x7985643529b0>]}
[0m21:58:05.242339 [info ] [Thread-1 (]: 1 of 1 OK created sql table model stock_analysis.fact_security ................. [[32mCREATE TABLE (13.6k rows, 3.5 MiB processed)[0m in 5.23s]
[0m21:58:05.242994 [debug] [Thread-1 (]: Finished running node model.stock_analysis.fact_security
[0m21:58:05.244530 [debug] [MainThread]: Opening a new connection, currently in state closed
[0m21:58:05.245069 [debug] [MainThread]: Connection 'master' was properly closed.
[0m21:58:05.245298 [debug] [MainThread]: Connection 'model.stock_analysis.fact_security' was properly closed.
[0m21:58:05.245536 [info ] [MainThread]: 
[0m21:58:05.245803 [info ] [MainThread]: Finished running 1 table model in 0 hours 0 minutes and 6.79 seconds (6.79s).
[0m21:58:05.246368 [debug] [MainThread]: Command end result
[0m21:58:05.266764 [debug] [MainThread]: Wrote artifact WritableManifest to /home/norman/NTU-Project-Data-Science-AI_Norman/NTU-Project-Data-Science-AI/TA_undervalue_stock/target/manifest.json
[0m21:58:05.268145 [debug] [MainThread]: Wrote artifact SemanticManifest to /home/norman/NTU-Project-Data-Science-AI_Norman/NTU-Project-Data-Science-AI/TA_undervalue_stock/target/semantic_manifest.json
[0m21:58:05.272247 [debug] [MainThread]: Wrote artifact RunExecutionResult to /home/norman/NTU-Project-Data-Science-AI_Norman/NTU-Project-Data-Science-AI/TA_undervalue_stock/target/run_results.json
[0m21:58:05.272611 [info ] [MainThread]: 
[0m21:58:05.273058 [info ] [MainThread]: [32mCompleted successfully[0m
[0m21:58:05.273387 [info ] [MainThread]: 
[0m21:58:05.273861 [info ] [MainThread]: Done. PASS=1 WARN=0 ERROR=0 SKIP=0 TOTAL=1
[0m21:58:05.274792 [debug] [MainThread]: Resource report: {"command_name": "run", "command_success": true, "command_wall_clock_time": 9.349479, "process_in_blocks": "0", "process_kernel_time": 0.355176, "process_mem_max_rss": "365340", "process_out_blocks": "3560", "process_user_time": 4.318629}
[0m21:58:05.275251 [debug] [MainThread]: Command `dbt run` succeeded at 21:58:05.275157 after 9.35 seconds
[0m21:58:05.275632 [debug] [MainThread]: Sending event: {'category': 'dbt', 'action': 'invocation', 'label': 'end', 'context': [<snowplow_tracker.self_describing_json.SelfDescribingJson object at 0x79858f9d8a00>, <snowplow_tracker.self_describing_json.SelfDescribingJson object at 0x798559441db0>, <snowplow_tracker.self_describing_json.SelfDescribingJson object at 0x79855b07ad10>]}
[0m21:58:05.276006 [debug] [MainThread]: Flushing usage events
[0m21:58:06.435967 [debug] [MainThread]: An error was encountered while trying to flush usage events
[0m21:59:11.588117 [debug] [MainThread]: Sending event: {'category': 'dbt', 'action': 'invocation', 'label': 'start', 'context': [<snowplow_tracker.self_describing_json.SelfDescribingJson object at 0x711198ac8a30>, <snowplow_tracker.self_describing_json.SelfDescribingJson object at 0x711197c81ea0>, <snowplow_tracker.self_describing_json.SelfDescribingJson object at 0x711197c81e40>]}


============================== 21:59:11.590401 | 0bce7a0a-858b-421c-9651-5b44b6dc4b33 ==============================
[0m21:59:11.590401 [info ] [MainThread]: Running with dbt=1.9.8
[0m21:59:11.590797 [debug] [MainThread]: running dbt with arguments {'printer_width': '80', 'indirect_selection': 'eager', 'log_cache_events': 'False', 'write_json': 'True', 'partial_parse': 'True', 'cache_selected_only': 'False', 'profiles_dir': '/home/norman/NTU-Project-Data-Science-AI_Norman/NTU-Project-Data-Science-AI/TA_undervalue_stock', 'version_check': 'True', 'warn_error': 'None', 'log_path': '/home/norman/NTU-Project-Data-Science-AI_Norman/NTU-Project-Data-Science-AI/TA_undervalue_stock/logs', 'debug': 'False', 'fail_fast': 'False', 'use_colors': 'True', 'use_experimental_parser': 'False', 'empty': 'False', 'quiet': 'False', 'no_print': 'None', 'log_format': 'default', 'static_parser': 'True', 'invocation_command': 'dbt run --select fact_security', 'warn_error_options': 'WarnErrorOptions(include=[], exclude=[])', 'target_path': 'None', 'introspect': 'True', 'send_anonymous_usage_stats': 'True'}
[0m21:59:13.336793 [debug] [MainThread]: Sending event: {'category': 'dbt', 'action': 'project_id', 'label': '0bce7a0a-858b-421c-9651-5b44b6dc4b33', 'context': [<snowplow_tracker.self_describing_json.SelfDescribingJson object at 0x711198995150>]}
[0m21:59:13.384417 [debug] [MainThread]: Sending event: {'category': 'dbt', 'action': 'adapter_info', 'label': '0bce7a0a-858b-421c-9651-5b44b6dc4b33', 'context': [<snowplow_tracker.self_describing_json.SelfDescribingJson object at 0x71116451e1d0>]}
[0m21:59:13.385055 [info ] [MainThread]: Registered adapter: bigquery=1.9.2
[0m21:59:13.515063 [debug] [MainThread]: checksum: 2898e47e730fa32147e5ae95c02f42c1d51b8fd2b81922b9b731f0208caf4dff, vars: {}, profile: , target: , version: 1.9.8
[0m21:59:13.612132 [debug] [MainThread]: Partial parsing enabled: 0 files deleted, 0 files added, 1 files changed.
[0m21:59:13.612854 [debug] [MainThread]: Partial parsing: updated file: stock_analysis://models/fact_security.sql
[0m21:59:14.075831 [debug] [MainThread]: Sending event: {'category': 'dbt', 'action': 'load_project', 'label': '0bce7a0a-858b-421c-9651-5b44b6dc4b33', 'context': [<snowplow_tracker.self_describing_json.SelfDescribingJson object at 0x711162551cc0>]}
[0m21:59:14.140229 [debug] [MainThread]: Wrote artifact WritableManifest to /home/norman/NTU-Project-Data-Science-AI_Norman/NTU-Project-Data-Science-AI/TA_undervalue_stock/target/manifest.json
[0m21:59:14.141588 [debug] [MainThread]: Wrote artifact SemanticManifest to /home/norman/NTU-Project-Data-Science-AI_Norman/NTU-Project-Data-Science-AI/TA_undervalue_stock/target/semantic_manifest.json
[0m21:59:14.150364 [debug] [MainThread]: Sending event: {'category': 'dbt', 'action': 'resource_counts', 'label': '0bce7a0a-858b-421c-9651-5b44b6dc4b33', 'context': [<snowplow_tracker.self_describing_json.SelfDescribingJson object at 0x711162552ec0>]}
[0m21:59:14.150811 [info ] [MainThread]: Found 3 models, 29 data tests, 4 sources, 493 macros
[0m21:59:14.151124 [debug] [MainThread]: Sending event: {'category': 'dbt', 'action': 'runnable_timing', 'label': '0bce7a0a-858b-421c-9651-5b44b6dc4b33', 'context': [<snowplow_tracker.self_describing_json.SelfDescribingJson object at 0x711162551e10>]}
[0m21:59:14.152278 [info ] [MainThread]: 
[0m21:59:14.152624 [info ] [MainThread]: Concurrency: 1 threads (target='dev')
[0m21:59:14.152859 [info ] [MainThread]: 
[0m21:59:14.153238 [debug] [MainThread]: Acquiring new bigquery connection 'master'
[0m21:59:14.154238 [debug] [ThreadPool]: Acquiring new bigquery connection 'list_deft-beacon-354008'
[0m21:59:14.154639 [debug] [ThreadPool]: Opening a new connection, currently in state init
[0m21:59:15.340437 [debug] [ThreadPool]: Re-using an available connection from the pool (formerly list_deft-beacon-354008, now list_deft-beacon-354008_stock_analysis)
[0m21:59:15.341170 [debug] [ThreadPool]: Opening a new connection, currently in state closed
[0m21:59:15.679628 [debug] [MainThread]: Sending event: {'category': 'dbt', 'action': 'runnable_timing', 'label': '0bce7a0a-858b-421c-9651-5b44b6dc4b33', 'context': [<snowplow_tracker.self_describing_json.SelfDescribingJson object at 0x71119961f220>]}
[0m21:59:15.680174 [debug] [MainThread]: Opening a new connection, currently in state init
[0m21:59:15.683346 [debug] [Thread-1 (]: Began running node model.stock_analysis.fact_security
[0m21:59:15.683996 [info ] [Thread-1 (]: 1 of 1 START sql table model stock_analysis.fact_security ...................... [RUN]
[0m21:59:15.684403 [debug] [Thread-1 (]: Re-using an available connection from the pool (formerly list_deft-beacon-354008_stock_analysis, now model.stock_analysis.fact_security)
[0m21:59:15.684665 [debug] [Thread-1 (]: Began compiling node model.stock_analysis.fact_security
[0m21:59:15.690749 [debug] [Thread-1 (]: Writing injected SQL for node "model.stock_analysis.fact_security"
[0m21:59:15.691447 [debug] [Thread-1 (]: Began executing node model.stock_analysis.fact_security
[0m21:59:15.703353 [debug] [Thread-1 (]: Opening a new connection, currently in state closed
[0m21:59:16.068930 [debug] [Thread-1 (]: Writing runtime sql for node "model.stock_analysis.fact_security"
[0m21:59:16.069663 [debug] [Thread-1 (]: On model.stock_analysis.fact_security: /* {"app": "dbt", "dbt_version": "1.9.8", "profile_name": "stock_analysis", "target_name": "dev", "node_id": "model.stock_analysis.fact_security"} */

  
    

    create or replace table `deft-beacon-354008`.`stock_analysis`.`fact_security`
      
    
    

    OPTIONS()
    as (
      

WITH dup_data AS (
SELECT
  t.ticker_symbol,
  DATE(t.date) AS date,
  t.close_price,
  t.high_price,
  t.low_price,
  t.open_price,
  t.stock_splits,
  t.dividend,
  t.volume_traded,
  f.GDP_growth_rate,
  f.UMCSENT,
  f.inflation_rate,
  f.interest_rate,
  f.unemployment_rate,
  f.industrial_production,
  f.ten_yr_treasury,
  i.book_value_per_share,
  i.forward_eps,
  i.forward_pe,
  i.market_cap,
  i.trailing_eps,
  i.trailing_pe,
  ta.ema_50,
  ta.rsi_14,
  ta.sma_50
FROM `deft-beacon-354008`.`stock_analysis`.`combined_tickers` t
LEFT JOIN `deft-beacon-354008`.`stock_analysis`.`fred` f
  ON DATE(t.date) = DATE(f.date)
LEFT JOIN `deft-beacon-354008`.`stock_analysis`.`stock_info` i
  ON t.ticker_symbol = i.ticker_symbol AND DATE(t.date) BETWEEN '2025-04-01' AND '2025-06-30'
LEFT JOIN `deft-beacon-354008`.`stock_analysis`.`techincal_indicator` ta
  ON DATE(t.date) = DATE(ta.date) and t.ticker_symbol = ta.ticker_symbol
)
SELECT 
  ticker_symbol,
  date,
  ANY_VALUE(close_price) AS close_price,
  ANY_VALUE(high_price) AS high_price,
  ANY_VALUE(low_price) AS low_price,
  ANY_VALUE(open_price) AS open_price,
  ANY_VALUE(stock_splits) AS stock_splits,
  ANY_VALUE(dividend) AS dividend,
  ANY_VALUE(volume_traded) AS volume_traded,
  ANY_VALUE(GDP_growth_rate) AS GDP_growth_rate,
  ANY_VALUE(UMCSENT) AS UMCSENT,
  ANY_VALUE(inflation_rate) AS inflation_rate,
  ANY_VALUE(interest_rate) AS interest_rate,
  ANY_VALUE(unemployment_rate) AS unemployment_rate,
  ANY_VALUE(ten_yr_treasury) AS ten_yr_treasury,
  ANY_VALUE(industrial_production) AS industrial_production,
  ANY_VALUE(forward_eps) AS forward_eps,
  ANY_VALUE(forward_pe) AS forward_pe,
  ANY_VALUE(market_cap) AS market_cap,
  ANY_VALUE(trailing_eps) AS trailing_eps,
  ANY_VALUE(trailing_pe) AS trailing_pe,
  ANY_VALUE(ema_50) AS ema_50,
  ANY_VALUE(rsi_14) AS rsi_14,
  ANY_VALUE(sma_50) AS sma_50,
  ANY_VALUE(book_value_per_share) AS book_value_per_share
FROM dup_data 
GROUP BY ticker_symbol, date
    );
  
[0m21:59:16.696531 [debug] [Thread-1 (]: BigQuery adapter: https://console.cloud.google.com/bigquery?project=deft-beacon-354008&j=bq:US:b1251900-f8e7-4644-b294-d51e810bbf57&page=queryresults
[0m21:59:19.521336 [debug] [Thread-1 (]: Sending event: {'category': 'dbt', 'action': 'run_model', 'label': '0bce7a0a-858b-421c-9651-5b44b6dc4b33', 'context': [<snowplow_tracker.self_describing_json.SelfDescribingJson object at 0x71116940e9b0>]}
[0m21:59:19.521990 [info ] [Thread-1 (]: 1 of 1 OK created sql table model stock_analysis.fact_security ................. [[32mCREATE TABLE (13.6k rows, 3.5 MiB processed)[0m in 3.84s]
[0m21:59:19.522607 [debug] [Thread-1 (]: Finished running node model.stock_analysis.fact_security
[0m21:59:19.524786 [debug] [MainThread]: Opening a new connection, currently in state closed
[0m21:59:19.525479 [debug] [MainThread]: Connection 'master' was properly closed.
[0m21:59:19.525764 [debug] [MainThread]: Connection 'model.stock_analysis.fact_security' was properly closed.
[0m21:59:19.526034 [info ] [MainThread]: 
[0m21:59:19.526315 [info ] [MainThread]: Finished running 1 table model in 0 hours 0 minutes and 5.37 seconds (5.37s).
[0m21:59:19.526860 [debug] [MainThread]: Command end result
[0m21:59:19.551397 [debug] [MainThread]: Wrote artifact WritableManifest to /home/norman/NTU-Project-Data-Science-AI_Norman/NTU-Project-Data-Science-AI/TA_undervalue_stock/target/manifest.json
[0m21:59:19.552884 [debug] [MainThread]: Wrote artifact SemanticManifest to /home/norman/NTU-Project-Data-Science-AI_Norman/NTU-Project-Data-Science-AI/TA_undervalue_stock/target/semantic_manifest.json
[0m21:59:19.557395 [debug] [MainThread]: Wrote artifact RunExecutionResult to /home/norman/NTU-Project-Data-Science-AI_Norman/NTU-Project-Data-Science-AI/TA_undervalue_stock/target/run_results.json
[0m21:59:19.557685 [info ] [MainThread]: 
[0m21:59:19.558102 [info ] [MainThread]: [32mCompleted successfully[0m
[0m21:59:19.558378 [info ] [MainThread]: 
[0m21:59:19.558654 [info ] [MainThread]: Done. PASS=1 WARN=0 ERROR=0 SKIP=0 TOTAL=1
[0m21:59:19.560325 [debug] [MainThread]: Resource report: {"command_name": "run", "command_success": true, "command_wall_clock_time": 8.010046, "process_in_blocks": "0", "process_kernel_time": 0.282534, "process_mem_max_rss": "364844", "process_out_blocks": "3560", "process_user_time": 4.569686}
[0m21:59:19.560859 [debug] [MainThread]: Command `dbt run` succeeded at 21:59:19.560716 after 8.01 seconds
[0m21:59:19.561207 [debug] [MainThread]: Sending event: {'category': 'dbt', 'action': 'invocation', 'label': 'end', 'context': [<snowplow_tracker.self_describing_json.SelfDescribingJson object at 0x711198ac8a30>, <snowplow_tracker.self_describing_json.SelfDescribingJson object at 0x71119894cee0>, <snowplow_tracker.self_describing_json.SelfDescribingJson object at 0x711163f037f0>]}
[0m21:59:19.561548 [debug] [MainThread]: Flushing usage events
[0m21:59:20.623799 [debug] [MainThread]: An error was encountered while trying to flush usage events
